corp_conv_idx,conv_id,speaker,corp_vol_idx,conv_vol_idx,vol_text,corp_utt_idx,conv_utt_idx,utt_text,t1_label_auto,t1_expl_auto,t2_label_auto,t2_expl_auto
0,663fd7ca84b7978432d6070b,counsellor,0,0,Hello there! I'm glad you're here today. How have you been doing recently?,0,0,Hello there!,O,"The counsellor's utterance is a greeting, which serves as a pleasantry and does not engage in MI techniques.",FI,"The counsellor's utterance is a greeting, which serves as a pleasantry to initiate the session."
0,663fd7ca84b7978432d6070b,counsellor,0,0,Hello there! I'm glad you're here today. How have you been doing recently?,1,1,I'm glad you're here today.,O,"The counsellor's utterance is a simple expression of positive sentiment towards the client's presence, which can be seen as a form of affirmation or support, but given its brevity and context, it more closely aligns with a facilitative or neutral comment.",FI,"The counsellor's utterance is a pleasantry that expresses a positive sentiment towards the client's presence, which does not directly facilitate the client's speech or provide structural information about the session."
0,663fd7ca84b7978432d6070b,counsellor,0,0,Hello there! I'm glad you're here today. How have you been doing recently?,2,2,How have you been doing recently?,Q,"The counsellor's utterance is an open-ended question that seeks to gather information about the client's recent experiences or feelings, which aligns with the definition of an Open Question (OQ).",OQ,"The utterance 'How have you been doing recently?' cannot be answered with a simple 'yes' or 'no' and requires an elaboration or descriptive narrative about the person's recent state, making it an open question."
0,663fd7ca84b7978432d6070b,client,1,1,Ive been fine,3,3,I've been fine,N,"The client's response does not express a clear stance toward changing or maintaining a specific behavior, and instead provides a general statement about their well-being.",N,"The client's utterance does not clearly support or oppose change, as it is a neutral statement about their current state without expressing any desire or intention for change."
0,663fd7ca84b7978432d6070b,counsellor,2,2,I'm glad to hear that. How's everything going for you with your smoking habits?,4,4,I'm glad to hear that.,CRL,"The counsellor's utterance is a supportive comment that acknowledges the client's statement in a positive manner, which aligns with the definition of Support (SU) under the C-Reflective (CRL) category.",SU,"The counsellor's utterance is a positive and supportive response to the client's statement, acknowledging their well-being without adding deeper meaning or emphasis. It is a straightforward expression of sympathy and understanding."
0,663fd7ca84b7978432d6070b,counsellor,2,2,I'm glad to hear that. How's everything going for you with your smoking habits?,5,5,How's everything going for you with your smoking habits?,Q,"The counsellor's utterance is an open-ended question that encourages the client to share their experiences and feelings about their smoking habits, which falls under the category of gathering information or understanding the client's story.",OQ,"The question cannot be answered with a simple 'yes' or 'no' and requires an elaboration or descriptive narrative about the client's smoking habits, indicating it is an open-ended inquiry."
0,663fd7ca84b7978432d6070b,client,3,3,same old routine,6,6,same old routine,N,"The client's utterance 'same old routine' does not express a clear stance toward changing or maintaining their smoking habits, and instead seems to imply a sense of stability or lack of change in their behavior without explicitly supporting or opposing change.",N,"The client's utterance 'same old routine' does not clearly express a desire to change or resist change, it simply states their current situation without indicating a direction towards or away from changing their smoking habits."
0,663fd7ca84b7978432d6070b,counsellor,4,4,It sounds like smoking is a regular part of your routine. How do you feel about that routine? Are there moments when you feel differently about it?,7,7,It sounds like smoking is a regular part of your routine.,SRL,"The counsellor's utterance is a reflective statement that mirrors the client's statement without adding extra insight, which aligns with the definition of a Simple Reflection (SR).",SR,"The counsellor's utterance is a reflective listening statement that paraphrases the client's words, indicating that smoking is a habitual part of their daily routine, which aligns with the client's 'same old routine' statement."
0,663fd7ca84b7978432d6070b,counsellor,4,4,It sounds like smoking is a regular part of your routine. How do you feel about that routine? Are there moments when you feel differently about it?,8,8,How do you feel about that routine?,Q,"The counsellor's utterance is an open-ended question that encourages the client to elaborate on their feelings about their smoking routine, which cannot be answered with a simple 'yes' or 'no'.",OQ,"The utterance 'How do you feel about that routine?' cannot be answered with a simple 'yes' or 'no' and requires an elaboration of the client's emotions or thoughts, making it an open-ended question. However, given the structure, it implicitly seeks a specific kind of response related to feelings, which might suggest a closed or focused response, but it does not fit the criteria for a closed question as defined because it doesn't directly permit a yes/no answer without further context."
0,663fd7ca84b7978432d6070b,counsellor,4,4,It sounds like smoking is a regular part of your routine. How do you feel about that routine? Are there moments when you feel differently about it?,9,9,Are there moments when you feel differently about it?,Q,"The counsellor's utterance is an open-ended question that encourages the client to explore their feelings and thoughts about their smoking habits, which cannot be answered with a simple 'yes' or 'no'.",CQ,"The utterance 'Are there moments when you feel differently about it?' can be answered with a 'yes' or 'no', making it a closed question, despite inviting potential elaboration. It checks for the existence of specific moments, fitting the criteria for a closed question."
0,663fd7ca84b7978432d6070b,client,5,5,"i feel great, it works for me",10,10,"i feel great,",N,"The client's utterance 'i feel great' suggests a positive emotional state but does not directly express a stance toward changing or maintaining the target behavior of smoking. However, given the context of discussing smoking habits, feeling great could imply satisfaction with their current situation, which might lean towards sustaining the behavior. Yet, without explicit connection to smoking, it's more appropriate to classify this as not clearly supporting or opposing change.",N,"The client's utterance 'i feel great' does not clearly support or oppose change, as it lacks context about what they feel great about, which could be their current smoking habits or something unrelated. This ambiguity prevents a clear categorization as supporting or opposing change."
0,663fd7ca84b7978432d6070b,client,5,5,"i feel great, it works for me",11,11,it works for me,S,"The client's utterance 'it works for me' implies a sense of satisfaction or acceptance with their current smoking routine, which aligns with maintaining the target behavior rather than expressing a desire or need to change it.",R-,"The client's utterance 'it works for me' implies that they see their current smoking routine as sufficient or effective for their needs, which aligns with expressing a reason for maintaining the target behaviour."
0,663fd7ca84b7978432d6070b,counsellor,6,6,It's important that it feels like it works for you. I imagine there could be aspects of smoking that make it appealing. What are some of the things that you enjoy about it the most?,12,12,It's important that it feels like it works for you.,CRL,"The counsellor's utterance acknowledges and affirms the client's perspective, emphasizing the importance of the client's positive experience with their current smoking routine. This aligns with the Affirm (AF) code, which communicates something positive about the client's strengths or efforts, thus falling under the C-Reflective (CRL) category.",EC,"The counsellor's utterance acknowledges and validates the client's perspective, emphasizing the importance of their feelings about their smoking routine, which aligns with supporting the client's autonomy and view."
0,663fd7ca84b7978432d6070b,counsellor,6,6,It's important that it feels like it works for you. I imagine there could be aspects of smoking that make it appealing. What are some of the things that you enjoy about it the most?,13,13,I imagine there could be aspects of smoking that make it appealing.,CRL,"The counsellor's utterance acknowledges the client's perspective and adds a deeper understanding by suggesting there might be appealing aspects of smoking, which aligns with the client's recent statement of feeling great about their smoking routine. This is an example of a Complex Reflection (CR) as it adds significant meaning to the client's statement, conveying a deeper picture of their experience.",CR,"The counsellor's utterance acknowledges the client's positive feelings towards smoking, adding a layer of depth by suggesting there are specific appealing aspects, which invites further exploration without directly challenging the client's stance. This adds significant meaning to the client's statement, conveying a deeper picture of their perspective."
0,663fd7ca84b7978432d6070b,counsellor,6,6,It's important that it feels like it works for you. I imagine there could be aspects of smoking that make it appealing. What are some of the things that you enjoy about it the most?,14,14,What are some of the things that you enjoy about it the most?,Q,"The counsellor's utterance is an open-ended question that encourages the client to elaborate on their feelings and thoughts about smoking, which is a key aspect of exploring ambivalence in Motivational Interviewing.",OQ,"The counsellor's utterance cannot be answered with a simple 'yes' or 'no' and requires the client to elaborate on their feelings or thoughts, making it an open-ended question. This type of question encourages the client to provide a descriptive narrative about their enjoyment, which goes beyond a binary response."
0,663fd7ca84b7978432d6070b,client,7,7,meditative moments and stress relief,15,15,meditative moments and stress relief,S,"The client's utterance mentions 'meditative moments and stress relief', which are reasons for maintaining the target behavior of smoking, indicating a stance toward sustaining the behavior.",R-,"The client's utterance highlights the benefits they derive from smoking, specifically mentioning 'meditative moments and stress relief', which suggests they have reasons for maintaining the behaviour."
0,663fd7ca84b7978432d6070b,counsellor,8,8,It sounds like smoking provides a sense of calm and a way to manage stress for you. Those moments of meditation can be really important. Do you ever have times when you feel differently about smoking or have any concerns about it?,16,16,It sounds like smoking provides a sense of calm and a way to manage stress for you.,CRL,"The counsellor's utterance is a Complex Reflection (CR) as it adds depth to the client's statement by highlighting the emotional benefits of smoking, such as providing a sense of calm and stress relief, which shows a deeper understanding of the client's perspective.",CR,"The counsellor's utterance is a reflective listening statement that adds depth to the client's experience, conveying a richer picture of the client's feelings about smoking. It emphasizes the client's positive association with smoking, specifically highlighting its role in stress relief and providing a sense of calm."
0,663fd7ca84b7978432d6070b,counsellor,8,8,It sounds like smoking provides a sense of calm and a way to manage stress for you. Those moments of meditation can be really important. Do you ever have times when you feel differently about smoking or have any concerns about it?,17,17,Those moments of meditation can be really important.,CRL,"The counsellor's utterance acknowledges and affirms the client's perspective on the importance of meditative moments, which is a positive aspect of their smoking routine. This is an example of a supportive comment that agrees with the client's experience, which aligns with the Affirm (AF) code under the C-Reflective (CRL) category.",SU,"The counsellor's utterance acknowledges and validates the client's positive experience with smoking, specifically highlighting the importance of meditative moments, which shows understanding and sympathy towards the client's perspective."
0,663fd7ca84b7978432d6070b,counsellor,8,8,It sounds like smoking provides a sense of calm and a way to manage stress for you. Those moments of meditation can be really important. Do you ever have times when you feel differently about smoking or have any concerns about it?,18,18,Do you ever have times when you feel differently about smoking or have any concerns about it?,Q,"The counsellor's utterance is a question that aims to explore the client's feelings and concerns about smoking, which cannot be answered with a simple 'yes' or 'no' and requires an elaboration or explanation from the client.",CQ,"The utterance 'Do you ever have times when you feel differently about smoking or have any concerns about it?' can be answered with a 'yes' or 'no', making it a closed question, despite inviting potential elaboration. The presence of 'Do you ever' grammatically structures it as a question that can be responded to with a simple affirmative or negative, fitting the criteria for a Closed Question."
0,663fd7ca84b7978432d6070b,client,9,9,no,19,19,no,N,"The client's utterance 'no' does not provide enough information to determine a clear stance toward changing or maintaining the target behavior, and it does not express any reasons, desires, or needs related to the behavior.",N,"The client's utterance 'no' does not clearly support or oppose change, as it is a simple negative response without further elaboration on their feelings or thoughts about changing their smoking habit."
0,663fd7ca84b7978432d6070b,counsellor,10,10,"It sounds like you're feeling quite settled with your smoking routine right now. If there's anything else on your mind or anything you'd like to explore further today, feel free to let me know.",20,20,It sounds like you're feeling quite settled with your smoking routine right now.,CRL,"The counsellor's utterance is a reflective statement that acknowledges the client's current state with their smoking routine, adding a layer of understanding to the client's perspective without introducing new information or advice. This aligns with the definition of a Complex Reflection (CR), which is a part of the C-Reflective (CRL) category.",CR,"The counsellor's utterance acknowledges the client's current state of mind regarding their smoking routine, implying a sense of acceptance or calmness about it, which can be seen as sympathetic or understanding, thus fitting the support category. However, it more accurately reflects the client's statement, adding a deeper understanding of their emotional state, which aligns more closely with a complex reflection."
0,663fd7ca84b7978432d6070b,counsellor,10,10,"It sounds like you're feeling quite settled with your smoking routine right now. If there's anything else on your mind or anything you'd like to explore further today, feel free to let me know.",21,21,"If there's anything else on your mind or anything you'd like to explore further today, feel free to let me know.",O,"The counsellor's utterance is a structural or facilitative statement that invites the client to share more if they wish, without engaging in MI techniques like reflection, questioning, or providing advice. It serves as an open invitation for the client to guide the session's direction, fitting the definition of a facilitative or structural comment.",ST,"The counsellor's utterance is giving information about what will happen directly to the client throughout the course of the treatment, specifically inviting the client to share more if they wish, which structures the session's potential next steps."
0,663fd7ca84b7978432d6070b,client,11,11,okay will do,22,22,okay will do,N,"The client's utterance 'okay will do' does not express a clear stance toward changing or maintaining the target behavior of smoking, and instead seems to be a response to the counsellor's suggestion to explore further, thus it is neutral.",N,"The client's utterance 'okay will do' does not clearly express support for or opposition to change, as it is a neutral acknowledgement of the counsellor's suggestion to explore further if needed. It lacks any explicit language indicating a desire to change or maintain their current smoking behavior."
0,663fd7ca84b7978432d6070b,counsellor,12,12,"Great! I'm here whenever you're ready to talk about anything else or if you feel like diving deeper into any particular aspect. Just let me know, and we'll take it step by step.",23,23,Great!,O,"The counsellor's utterance 'Great!' is a brief acknowledgement that functions as a facilitative or structural element in the conversation, encouraging the client without adding significant content or reflection. It does not provide advice, reflect the client's statement, ask a question, or engage in any other specific MI technique beyond keeping the conversation flowing.",FA,"The counsellor's utterance 'Great!' serves as a simple acknowledgement, encouraging the client to continue or providing a positive affirmation without adding new information or structuring the session. However, the provided target utterance 'Great!' was not found in the session transcript, but based on its nature, it would function similarly to a 'keep-going' acknowledgement."
0,663fd7ca84b7978432d6070b,counsellor,12,12,"Great! I'm here whenever you're ready to talk about anything else or if you feel like diving deeper into any particular aspect. Just let me know, and we'll take it step by step.",24,24,I'm here whenever you're ready to talk about anything else or if you feel like diving deeper into any particular aspect.,CRL,"The counsellor's utterance is a supportive statement that acknowledges the client's autonomy and freedom to discuss topics at their own pace, which aligns with the definition of Support (SU) under the C-Reflective (CRL) category.",EC,"The counsellor's utterance is supportive and emphasizes the client's autonomy, indicating that the counsellor is available and willing to discuss any topic the client chooses, at the client's pace. This acknowledges and respects the client's control over the conversation and their decisions."
0,663fd7ca84b7978432d6070b,counsellor,12,12,"Great! I'm here whenever you're ready to talk about anything else or if you feel like diving deeper into any particular aspect. Just let me know, and we'll take it step by step.",25,25,"Just let me know, and we'll take it step by step.",O,"The counsellor's utterance 'Just let me know, and we'll take it step by step' serves as a facilitative statement, encouraging the client to share more and implying a collaborative approach to the session. It does not provide advice, reflect the client's statement, ask a question, or engage in any other MI technique directly. Instead, it functions as a structural or facilitative utterance, making it fall under the 'Other/Neutral' category.",ST,"The counsellor's utterance provides guidance on the process and invites the client to take the lead in deciding the next steps, which aligns with giving information about what will happen in the course of treatment. However, the provided target utterance does not match the session transcript, but based on its content, it seems to fit the structure category as it implies a plan or process for the session or treatment."
0,663fd7ca84b7978432d6070b,client,13,13,"thanks for the chat, goodbye",26,26,"thanks for the chat,",N,"The client's utterance 'thanks for the chat' does not express a stance toward changing or maintaining the target behavior of smoking, and instead appears to be a polite closing statement. It does not contain any language that suggests a desire, need, or commitment to change or sustain the behavior.",N,"The client's utterance 'thanks for the chat' does not express any clear intention or feeling towards changing their smoking behavior, it's a neutral statement expressing appreciation for the conversation."
0,663fd7ca84b7978432d6070b,client,13,13,"thanks for the chat, goodbye",27,27,goodbye,N,"The client's utterance 'goodbye' does not express any stance toward changing or maintaining the target behavior, and it does not provide any information about their thoughts or feelings regarding smoking. It is a neutral statement used to end the conversation.",N,"The client's utterance 'goodbye' does not express any intention or feeling towards changing their smoking habit, nor does it oppose change. It is a neutral statement used to end the conversation."
0,663fd7ca84b7978432d6070b,counsellor,14,14,"Thank you for the conversation today. Let's go over what we've discussed so far. You've shared that smoking has become a routine for you and that you find it brings meditative moments and relief from stress, which you appreciate. It's great to know what works for you, and it's important to understand the role smoking plays in your life. If anything comes up or if you'd like to explore more in future conversations, I'm here to support you. Take care, and feel free to reach out whenever you're ready. Goodbye!

Would you like to continue the conversation?",28,28,Thank you for the conversation today.,O,"The counsellor's utterance is a polite expression of appreciation, which can be classified as a facilitative or structural comment that does not engage in MI techniques. It serves as a pleasant closing to the session.",FI,"The target utterance is not present in the provided session transcript, however, based on the last counsellor's utterance 'Great! I'm here whenever you're ready to talk about anything else or if you feel like diving deeper into any particular aspect. Just let me know, and we'll take it step by step.', it seems to provide a structure for the client's potential future interactions with the counsellor. If the target utterance were 'Great! I'm here whenever you're ready to talk about anything else or if you feel like diving deeper into any particular aspect. Just let me know, and we'll take it step by step.', the label would be Structure (ST). However, given the actual target utterance 'Thank you for the conversation today.', it seems more like a pleasantry, thus the label would be Filler (FI)."
0,663fd7ca84b7978432d6070b,counsellor,14,14,"Thank you for the conversation today. Let's go over what we've discussed so far. You've shared that smoking has become a routine for you and that you find it brings meditative moments and relief from stress, which you appreciate. It's great to know what works for you, and it's important to understand the role smoking plays in your life. If anything comes up or if you'd like to explore more in future conversations, I'm here to support you. Take care, and feel free to reach out whenever you're ready. Goodbye!

Would you like to continue the conversation?",29,29,Let's go over what we've discussed so far.,CRL,"The target utterance 'Let's go over what we've discussed so far' is not present in the provided session transcript. However, based on the last counsellor utterance 'Great! I'm here whenever you're ready to talk about anything else or if you feel like diving deeper into any particular aspect. Just let me know, and we'll take it step by step.', it can be inferred that the counsellor is providing a supportive and facilitative statement. The correct classification for the actual last utterance would be based on its supportive nature, which aligns with the C-Reflective (CRL) category, specifically the Support (SU) code, as it conveys a sense of availability and openness to further discussion.",EC,"The target utterance is not present in the provided session transcript, so I will analyze the last utterance of the counsellor instead. The last utterance 'Great! I'm here whenever you're ready to talk about anything else or if you feel like diving deeper into any particular aspect. Just let me know, and we'll take it step by step.' acknowledges the client's autonomy and freedom of choice by letting them decide when to proceed with the conversation. "
0,663fd7ca84b7978432d6070b,counsellor,14,14,"Thank you for the conversation today. Let's go over what we've discussed so far. You've shared that smoking has become a routine for you and that you find it brings meditative moments and relief from stress, which you appreciate. It's great to know what works for you, and it's important to understand the role smoking plays in your life. If anything comes up or if you'd like to explore more in future conversations, I'm here to support you. Take care, and feel free to reach out whenever you're ready. Goodbye!

Would you like to continue the conversation?",30,30,"You've shared that smoking has become a routine for you and that you find it brings meditative moments and relief from stress, which you appreciate.",CRL,"The target utterance is not present in the provided session transcript. However, based on the given context, I will analyze the last counsellor utterance: 'Great! I'm here whenever you're ready to talk about anything else or if you feel like diving deeper into any particular aspect. Just let me know, and we'll take it step by step.' This utterance can be classified as Support (SU) because it offers a sympathetic and understanding comment, agreeing to be available for the client whenever they are ready to talk, which is a characteristic of C-Reflective (CRL) category.",CR,"This utterance is not present in the provided session transcript, however, based on its content, it appears to add depth and emphasis to the client's experience with smoking, highlighting its positive aspects for the client. It reflects the client's perspective in a way that conveys understanding and acknowledges the complexity of their relationship with smoking."
0,663fd7ca84b7978432d6070b,counsellor,14,14,"Thank you for the conversation today. Let's go over what we've discussed so far. You've shared that smoking has become a routine for you and that you find it brings meditative moments and relief from stress, which you appreciate. It's great to know what works for you, and it's important to understand the role smoking plays in your life. If anything comes up or if you'd like to explore more in future conversations, I'm here to support you. Take care, and feel free to reach out whenever you're ready. Goodbye!

Would you like to continue the conversation?",31,31,"It's great to know what works for you, and it's important to understand the role smoking plays in your life.",CRL,"The target utterance is not present in the provided session transcript. However, based on the given transcript, the last counsellor utterance is: 'Great! I'm here whenever you're ready to talk about anything else or if you feel like diving deeper into any particular aspect. Just let me know, and we'll take it step by step.' This utterance can be classified as Support (SU) because it is sympathetic and understanding, showing compassion and agreement with the client's potential future needs or concerns. ",EC,"The given target utterance is not present in the provided session transcript, however, based on the typical MI session, the utterance seems to acknowledge the client's perspective and emphasizes understanding their situation, which aligns with the function of a Complex Reflection. But since the utterance is not in the transcript, I will analyze the last counsellor's utterance in the transcript instead: 'Great! I'm here whenever you're ready to talk about anything else or if you feel like diving deeper into any particular aspect. Just let me know, and we'll take it step by step.' This utterance provides support and emphasizes the client's control over the conversation."
0,663fd7ca84b7978432d6070b,counsellor,14,14,"Thank you for the conversation today. Let's go over what we've discussed so far. You've shared that smoking has become a routine for you and that you find it brings meditative moments and relief from stress, which you appreciate. It's great to know what works for you, and it's important to understand the role smoking plays in your life. If anything comes up or if you'd like to explore more in future conversations, I'm here to support you. Take care, and feel free to reach out whenever you're ready. Goodbye!

Would you like to continue the conversation?",32,32,"If anything comes up or if you'd like to explore more in future conversations, I'm here to support you.",CRL,"The counsellor's utterance is classified as CRL because it provides support and emphasizes the client's autonomy, which aligns with the behavioural code Support (SU) and Emphasize Control (EC). The statement reassures the client that the counsellor is available for future conversations, conveying a sense of compassion and understanding.",SU,"The counsellor's utterance emphasizes their availability and willingness to support the client in the future, which aligns with providing a supportive and non-judgmental environment. This statement does not add new meaning, affirm the client's strengths, reframe their experience, or emphasize control, but rather offers ongoing support."
0,663fd7ca84b7978432d6070b,counsellor,14,14,"Thank you for the conversation today. Let's go over what we've discussed so far. You've shared that smoking has become a routine for you and that you find it brings meditative moments and relief from stress, which you appreciate. It's great to know what works for you, and it's important to understand the role smoking plays in your life. If anything comes up or if you'd like to explore more in future conversations, I'm here to support you. Take care, and feel free to reach out whenever you're ready. Goodbye!

Would you like to continue the conversation?",33,33,"Take care, and feel free to reach out whenever you're ready.",O,"The counsellor's final utterance is a structural or facilitative statement that does not engage in MI techniques, as it serves as a closing remark and an invitation for future contact, which can be classified as a facilitative or structural comment.",ST,"The counsellor's utterance serves as a conclusion to the session, providing a gentle reminder that the client can reach out whenever they are ready to talk or explore further, which gives information about what will happen directly to the client throughout the course of treatment. This is an example of providing structure to the client."
0,663fd7ca84b7978432d6070b,counsellor,14,14,"Thank you for the conversation today. Let's go over what we've discussed so far. You've shared that smoking has become a routine for you and that you find it brings meditative moments and relief from stress, which you appreciate. It's great to know what works for you, and it's important to understand the role smoking plays in your life. If anything comes up or if you'd like to explore more in future conversations, I'm here to support you. Take care, and feel free to reach out whenever you're ready. Goodbye!

Would you like to continue the conversation?",34,34,Goodbye!,O,The counsellor's utterance 'Goodbye!' is a pleasantries or a farewell greeting which functions as a structural or facilitative utterance that does not engage in MI techniques.,FI,"The counsellor's utterance 'Goodbye!' serves as a pleasantry to end the session, which aligns with the definition of a Filler (FI) category. It does not provide any additional information or encouragement to the client."
0,663fd7ca84b7978432d6070b,counsellor,14,14,"Thank you for the conversation today. Let's go over what we've discussed so far. You've shared that smoking has become a routine for you and that you find it brings meditative moments and relief from stress, which you appreciate. It's great to know what works for you, and it's important to understand the role smoking plays in your life. If anything comes up or if you'd like to explore more in future conversations, I'm here to support you. Take care, and feel free to reach out whenever you're ready. Goodbye!

Would you like to continue the conversation?",35,35,Would you like to continue the conversation?,CRL,"The target utterance is not present in the provided session transcript. However, based on the last counsellor utterance in the transcript: 'Great! I'm here whenever you're ready to talk about anything else or if you feel like diving deeper into any particular aspect. Just let me know, and we'll take it step by step.', this can be classified as an example of Support (SU) as it is sympathetic and understanding, conveying a sense of availability and openness to the client's needs, which falls under the C-Reflective (CRL) category.",EC,"The target utterance is not present in the provided session transcript, however, based on the last counsellor's utterance 'Great! I'm here whenever you're ready to talk about anything else or if you feel like diving deeper into any particular aspect. Just let me know, and we'll take it step by step.', it seems to acknowledge the client's autonomy and freedom of choice. The actual target utterance 'Would you like to continue the conversation?' also implies giving the client control over the conversation's direction."
0,663fd7ca84b7978432d6070b,client,15,15,No,36,36,No,N,"The target utterance 'No' is not present in the provided session transcript, however, based on the last client utterance 'thanks for the chat, goodbye', it does not express a clear stance toward changing or maintaining the target behavior, thus it can be classified as neutral. ",N,"The client's utterance 'No' is not present in the provided transcript, however, based on the last client utterance 'thanks for the chat, goodbye', it does not clearly support or oppose change as it is an expression of gratitude and a farewell, which is neutral in the context of motivating change. "
1,671fff4fced93c3e5a17f230,counsellor,16,0,Hi there! It's nice to meet you. How are you doing today?,37,0,Hi there!,O,"The counsellor's utterance is a greeting, which is a pleasantry that does not engage in MI techniques.",FI,"The counsellor's utterance is a greeting, which serves as a pleasantry to initiate the session."
1,671fff4fced93c3e5a17f230,counsellor,16,0,Hi there! It's nice to meet you. How are you doing today?,38,1,It's nice to meet you.,O,"The utterance is a pleasantry and serves as a greeting, which does not engage in MI techniques.",FI,"The utterance is a pleasantry and serves as a social greeting, which does not directly contribute to the progression of the counselling session."
1,671fff4fced93c3e5a17f230,counsellor,16,0,Hi there! It's nice to meet you. How are you doing today?,39,2,How are you doing today?,Q,"The counsellor's utterance is a question that aims to gather information about the client's current state, which falls under the category of asking a question to understand or elicit the client's story.",OQ,"The utterance 'How are you doing today?' cannot be answered with a simple 'yes' or 'no' and requires an elaboration or descriptive response, making it an open question."
1,671fff4fced93c3e5a17f230,client,17,1,I'm doing good and you?,40,3,I'm doing good,N,"The client's utterance 'I'm doing good' is a general statement about their current state and does not express a stance toward changing or maintaining a specific behavior, thus it is neutral. It does not provide any information about their desire, need, or commitment to change or sustain any behavior.",N,"The client's utterance 'I'm doing good' does not clearly support or oppose change, as it is a general statement about their current state without expressing any intention or motivation for change."
1,671fff4fced93c3e5a17f230,client,17,1,I'm doing good and you?,41,4,and you?,N,"The client's utterance 'and you?' is a response to the counsellor's greeting and does not express any stance toward changing or maintaining a target behavior, thus it is neutral. It is a question that shifts the focus back to the counsellor without providing any information about the client's motivations or intentions.",N,"The client's utterance does not clearly support or oppose change, as it is a response to a greeting and does not express any intention or motivation related to a specific behavior or issue."
1,671fff4fced93c3e5a17f230,counsellor,18,2,"I'm doing well, thank you! I appreciate you asking. So, what brought you in today?",42,5,"I'm doing well, thank you!",O,"The counsellor's utterance is a polite response to the client's inquiry about their well-being, which serves as a facilitative or structural element in the conversation, not engaging in MI techniques.",FI,"The counsellor's utterance is a pleasantry, responding to the client's inquiry about their well-being, which serves as a social courtesy rather than advancing the therapeutic discussion."
1,671fff4fced93c3e5a17f230,counsellor,18,2,"I'm doing well, thank you! I appreciate you asking. So, what brought you in today?",43,6,I appreciate you asking.,CRL,"The counsellor's utterance, 'I appreciate you asking,' is an expression of gratitude and acknowledges the client's interest, which can be seen as a form of affirmation, thus engaging with the client's perspective in a positive manner.",AF,"The counsellor's utterance acknowledges and expresses gratitude for the client's courtesy, which is a positive and complimentary response. This response falls under affirming the client's social behavior."
1,671fff4fced93c3e5a17f230,counsellor,18,2,"I'm doing well, thank you! I appreciate you asking. So, what brought you in today?",44,7,"So, what brought you in today?",Q,"The counsellor's utterance is an open-ended question that encourages the client to share their story and reasons for seeking help, which aligns with the definition of an Open Question (OQ) in the Question (Q) category.",OQ,"The utterance 'So, what brought you in today?' is classified as an Open Question because it structurally requires an elaboration or descriptive narrative from the client, and cannot be answered with a simple 'yes' or 'no'."
1,671fff4fced93c3e5a17f230,client,19,3,Concerning my smoking habit,45,8,Concerning my smoking habit,N,"The client's utterance does not clearly express a stance toward changing or maintaining the target behavior, but rather introduces the topic of their smoking habit, which can be seen as a neutral or factual statement about the behavior.",N,"The client's utterance does not clearly support or oppose change, as it only mentions their smoking habit without expressing any intention or motivation to change. This statement seems to be an introduction to the topic rather than a commitment to or rejection of change."
1,671fff4fced93c3e5a17f230,counsellor,20,4,Thank you for sharing that with me. What’s going on with your smoking habit that you’d like to explore today?,46,9,Thank you for sharing that with me.,CRL,"The counsellor's utterance 'Thank you for sharing that with me' is an expression of appreciation and acknowledgement, which aligns with the definition of Support (SU), a behavioural code under the C-Reflective (CRL) category. It acknowledges the client's openness and shows a supportive attitude.",AF,"The counsellor's utterance expresses appreciation for the client's openness, which is a positive and supportive comment. This acknowledges the client's effort to share their concern, fitting the description of a statement that communicates something positive about the client's actions."
1,671fff4fced93c3e5a17f230,counsellor,20,4,Thank you for sharing that with me. What’s going on with your smoking habit that you’d like to explore today?,47,10,What’s going on with your smoking habit that you’d like to explore today?,Q,"The counsellor's utterance is an open-ended question that encourages the client to share their thoughts and feelings about their smoking habit, indicating an attempt to gather information and understand the client's story.",OQ,"The counsellor's utterance cannot be answered with a simple 'yes' or 'no' and requires the client to provide a descriptive narrative about their smoking habit, making it an open-ended question. This type of question encourages elaboration and exploration of the client's thoughts and feelings."
1,671fff4fced93c3e5a17f230,client,21,5,I've been trying to quit,48,11,I've been trying to quit,C,"The client's utterance 'I've been trying to quit' implies an intention and effort towards changing their smoking habit, which aligns with Change Talk.",D+,"The client's utterance 'I've been trying to quit' indicates an attempt or effort towards changing their smoking habit, which aligns with taking steps towards change. However, given the context and the exact wording, it more closely fits the description of expressing a desire or an attempt to change rather than a firm step taken."
1,671fff4fced93c3e5a17f230,counsellor,22,6,It sounds like quitting smoking is something that's important to you. What's been motivating that desire to quit?,49,12,It sounds like quitting smoking is something that's important to you.,CRL,"The counsellor's utterance is a reflective listening statement that adds significant meaning to what the client said, conveying a deeper picture of the client's statement by highlighting the importance of quitting smoking to the client. This aligns with the definition of a Complex Reflection (CR), which is a part of the C-Reflective (CRL) category.",CR,"The counsellor's utterance acknowledges and highlights the client's motivation and concern about quitting smoking, adding a deeper understanding to the client's statement. This is an example of adding significant meaning or emphasis to what the client said."
1,671fff4fced93c3e5a17f230,counsellor,22,6,It sounds like quitting smoking is something that's important to you. What's been motivating that desire to quit?,50,13,What's been motivating that desire to quit?,Q,"The counsellor's utterance is an open-ended question that seeks to understand the client's motivations and reasons for wanting to quit smoking, which aligns with the function of gathering information and understanding the client's story.",OQ,"The question cannot be answered with a simple 'yes' or 'no' and requires the client to elaborate on their motivations, making it an open-ended inquiry. It structurally demands an explanation or narrative beyond a binary response."
1,671fff4fced93c3e5a17f230,client,23,7,I don't want to get sick. Because of my health,51,14,I don't want to get sick.,C,"The client expresses a personal reason for wanting to change their behavior, which is to avoid getting sick. This aligns with the 'Reasons' for change category within Change Talk.",R+,"The client's utterance expresses a reason for wanting to change their smoking habit, which is to avoid getting sick. This aligns with the category of providing reasons for changing the target behaviour."
1,671fff4fced93c3e5a17f230,client,23,7,I don't want to get sick. Because of my health,52,15,Because of my health.,C,"The client's utterance expresses a reason for wanting to change their smoking habit, specifically citing health concerns as a motivation to quit, which aligns with Change Talk.",R+,"The client's utterance 'Because of my health' provides a reason for wanting to quit smoking, which aligns with the category of expressing reasons for changing the target behaviour."
1,671fff4fced93c3e5a17f230,counsellor,24,8,Your health is really important to you. It's understandable that you want to protect it. What are some other things that are pushing you towards quitting?,53,16,Your health is really important to you.,CRL,"The counsellor's utterance 'Your health is really important to you' is a reflection that emphasizes the client's motivation and values, which is a key aspect of Motivational Interviewing. This statement can be seen as affirming the client's perspective and concerns about their health, thus it falls under the category of C-Reflective (CRL) as it involves affirming the client's strengths or efforts, in this case, their desire to prioritize health.",CR,"The counsellor's utterance is a reflection of the client's concern for their health, emphasizing the importance they place on it, which can be seen as adding depth to the client's statement about not wanting to get sick because of their health."
1,671fff4fced93c3e5a17f230,counsellor,24,8,Your health is really important to you. It's understandable that you want to protect it. What are some other things that are pushing you towards quitting?,54,17,It's understandable that you want to protect it.,CRL,"The counsellor's utterance acknowledges and validates the client's motivation for quitting smoking, which is to protect their health. This is an example of a supportive comment that affirms the client's perspective, making it a C-Reflective (CRL) statement, specifically a Support (SU) code.",SU,"The counsellor's utterance acknowledges and validates the client's desire to protect their health, conveying empathy and understanding. This response aligns with expressing sympathy and compassion, which is a key aspect of the Support category."
1,671fff4fced93c3e5a17f230,counsellor,24,8,Your health is really important to you. It's understandable that you want to protect it. What are some other things that are pushing you towards quitting?,55,18,What are some other things that are pushing you towards quitting?,Q,"The counsellor's utterance is an open-ended question that encourages the client to elaborate on their motivations for quitting smoking, thus gathering more information and understanding the client's perspective.",OQ,"The utterance 'What are some other things that are pushing you towards quitting?' cannot be answered with a simple 'yes' or 'no' and requires an elaboration or explanation of the client's motivations, making it an open-ended question. However, given the phrasing, it implicitly suggests there are other factors and invites the client to list or describe them, which could be seen as having a binary aspect in the context of 'are there other things,' but the primary intent is to gather more information in a narrative form."
1,671fff4fced93c3e5a17f230,client,25,9,My wife,56,19,My wife,N,"The target utterance 'My wife' does not clearly express a stance toward changing or maintaining the target behavior, and it seems incomplete or out of context without the rest of the sentence. However, given the context of the conversation about quitting smoking and the client's health, it could imply a reason for change, but as it stands, it's too ambiguous to definitively categorize as change talk or sustain talk.",N,"The client's utterance 'My wife' does not clearly support or oppose change, as it lacks context and further explanation. It appears to be an incomplete thought or a potential reason for quitting, but without additional information, its intent is unclear."
1,671fff4fced93c3e5a17f230,counsellor,26,10,"Your wife plays an important role in your life, and it seems that her feelings or thoughts may be influencing your decision. How does she feel about your smoking, and how does that affect you?",57,20,"Your wife plays an important role in your life, and it seems that her feelings or thoughts may be influencing your decision.",CRL,"The counsellor's utterance is a complex reflection that adds meaning to the client's statement, conveying a deeper understanding of the client's motivations and emphasizing the influence of the client's wife on their decision to quit smoking.",CR,"The counsellor's utterance acknowledges the client's personal relationship as a significant factor in their decision-making process, adding depth to the client's motivation by highlighting the influence of their wife, which is a form of adding significant meaning or emphasis to what the client said."
1,671fff4fced93c3e5a17f230,counsellor,26,10,"Your wife plays an important role in your life, and it seems that her feelings or thoughts may be influencing your decision. How does she feel about your smoking, and how does that affect you?",58,21,"How does she feel about your smoking, and how does that affect you?",Q,"The counsellor's utterance is an open-ended question that seeks to understand the client's situation and feelings, specifically how the client's wife feels about their smoking and its impact on the client. This question encourages the client to elaborate on their motivations and emotions, which is characteristic of an open question in Motivational Interviewing.",OQ,"The counsellor's utterance cannot be answered with a simple 'yes' or 'no' and requires an elaboration on the client's wife's feelings and its impact on the client, thus structurally requiring a descriptive narrative."
1,671fff4fced93c3e5a17f230,client,27,11,She's not feeling too good about it,59,22,She's not feeling too good about it,C,"The client's utterance implies that their wife's negative feelings about their smoking are a factor influencing their desire to quit, which aligns with expressing reasons for change. However, the utterance itself does not directly express a desire, need, or commitment to change but rather provides a context that supports the idea of changing the behavior.",R+,"The client's utterance implies that their wife's negative feelings about their smoking are a reason for them to consider quitting, which aligns with providing reasons for changing the target behaviour."
1,671fff4fced93c3e5a17f230,counsellor,28,12,I can see how that could be challenging. It seems like her feelings about your smoking might be adding to your motivation to quit. Can you share more about how that impacts your relationship with her?,60,23,I can see how that could be challenging.,CRL,"The counsellor's utterance acknowledges the client's situation and shows understanding, which aligns with the definition of a supportive comment. This is an example of a supportive (SU) statement, which falls under the C-Reflective (CRL) category as it sympathetically agrees with the client's perspective.",SU,"The counsellor's utterance acknowledges the client's situation and expresses understanding, which is a key aspect of showing empathy and support. This response does not add new meaning, emphasize control, or reframe the client's experience but rather offers a sympathetic perspective."
1,671fff4fced93c3e5a17f230,counsellor,28,12,I can see how that could be challenging. It seems like her feelings about your smoking might be adding to your motivation to quit. Can you share more about how that impacts your relationship with her?,61,24,It seems like her feelings about your smoking might be adding to your motivation to quit.,CRL,"The counsellor's utterance adds meaning to the client's statement by highlighting the impact of the wife's feelings on the client's motivation to quit, thus conveying a deeper understanding of the client's situation.",CR,"The counsellor's utterance acknowledges the client's wife as a motivator for quitting and adds depth to the client's statement by highlighting the impact of her feelings on the client's motivation, thus conveying a deeper understanding of the client's situation."
1,671fff4fced93c3e5a17f230,counsellor,28,12,I can see how that could be challenging. It seems like her feelings about your smoking might be adding to your motivation to quit. Can you share more about how that impacts your relationship with her?,62,25,Can you share more about how that impacts your relationship with her?,Q,"The counsellor's utterance is an open-ended question that encourages the client to elaborate on the impact of his smoking on his relationship with his wife, thus gathering more information and understanding the client's story.",OQ,"The counsellor's utterance cannot be answered with a simple 'yes' or 'no' and requires an elaboration on the client's feelings or the dynamics of their relationship, thus fitting the criteria for an open question. The phrase 'share more about' structurally necessitates a narrative or descriptive response beyond a binary choice."
1,671fff4fced93c3e5a17f230,client,29,13,I love her so much and I don't want to do anything to hurt her,63,26,I love her so much,C,"The client's utterance expresses a personal reason for change, which is their love for their wife, implying that they want to quit smoking for her sake. This suggests a desire to change their behavior.",R+,"The client's utterance expresses a strong emotional reason for potentially changing their behaviour, which is their love for their wife. This reason is tied to the impact of their smoking on their relationship with her."
1,671fff4fced93c3e5a17f230,client,29,13,I love her so much and I don't want to do anything to hurt her,64,27,I don't want to do anything to hurt her,C,"The client expresses a desire to change their behavior (smoking) because of their concern for their wife's feelings, which indicates a motivation to quit and thus falls under Change Talk. The statement implies a reason for change, specifically to avoid hurting someone they care about.",R+,"The client expresses a reason for changing their behaviour, which is to avoid hurting their wife, indicating a motivation driven by the impact of their actions on someone they care about."
1,671fff4fced93c3e5a17f230,counsellor,30,14,"It shows a lot about how much you care for her, and it's clear that her well-being is a priority for you. In thinking about quitting, you're considering not only your own health but also the impact on her. Are there specific ways in which quitting might improve things for both of you?",65,28,"It shows a lot about how much you care for her, and it's clear that her well-being is a priority for you.",CRL,"The counsellor's utterance is an affirmation of the client's feelings and priorities, emphasizing the client's care for their wife and her well-being. This is a clear example of communicating something positive about the client's strengths or efforts, which aligns with the Affirm (AF) code under the C-Reflective (CRL) category.",AF,"The counsellor's utterance acknowledges and highlights the client's caring nature and prioritization of his wife's well-being, which is a positive aspect of the client's character and behavior. This statement communicates something positive about the client's strengths and efforts."
1,671fff4fced93c3e5a17f230,counsellor,30,14,"It shows a lot about how much you care for her, and it's clear that her well-being is a priority for you. In thinking about quitting, you're considering not only your own health but also the impact on her. Are there specific ways in which quitting might improve things for both of you?",66,29,"In thinking about quitting, you're considering not only your own health but also the impact on her.",CRL,"The counsellor's utterance is a complex reflection that acknowledges the client's motivation to quit smoking, considering both the client's health and the impact on their wife, thus adding significant meaning to the client's statement and conveying a deeper understanding of their perspective.",CR,"The counsellor's utterance acknowledges the client's motivation to quit smoking, emphasizing both the personal and relational benefits, which adds a deeper understanding to the client's statement. This reflects a more nuanced understanding of the client's situation, highlighting the complexity of the client's motivations."
1,671fff4fced93c3e5a17f230,counsellor,30,14,"It shows a lot about how much you care for her, and it's clear that her well-being is a priority for you. In thinking about quitting, you're considering not only your own health but also the impact on her. Are there specific ways in which quitting might improve things for both of you?",67,30,Are there specific ways in which quitting might improve things for both of you?,Q,"The counsellor's utterance is an open-ended question that encourages the client to explore the potential benefits of quitting smoking for both himself and his wife, thus gathering more information and understanding the client's perspective.",CQ,"The utterance 'Are there specific ways in which quitting might improve things for both of you?' can be answered with a yes or no, even though it invites elaboration. It implicitly presents a binary choice regarding the existence of specific ways quitting might improve things."
1,671fff4fced93c3e5a17f230,client,31,15,Not really. Any ideas,68,31,Not really.,N,"The client's utterance 'Not really' does not express a clear stance toward changing or maintaining the target behavior of smoking, and it does not provide any reasons, desires, or needs related to changing or sustaining the behavior. It seems to be a response to the counsellor's question about specific ways quitting might improve things, but it doesn't convey motivation or intention either way.",N,"The client's utterance 'Not really' does not clearly support or oppose change, as it is a response to the counsellor's question about specific ways quitting might improve things, and it does not express a clear motivation or intention to change their smoking behavior."
1,671fff4fced93c3e5a17f230,client,31,15,Not really. Any ideas,69,32,Any ideas?,N,"The client's utterance 'Any ideas?' does not express a clear stance toward changing or maintaining the target behavior of smoking, and instead, seems to be seeking information or guidance, which aligns with a neutral stance. ",N,"The client's utterance does not clearly express a motivation for or against change, and instead seems to be an inquiry or a request for suggestions, which does not fit into a clear change-supporting or change-opposing category. The utterance 'Any ideas?' is more about seeking information or guidance rather than expressing a commitment to change or resistance to it."
1,671fff4fced93c3e5a17f230,counsellor,32,16,"I’m happy to explore that with you if you’d like. Before I do, could you share any thoughts or ideas you have about what life might look like for you and your wife if you were to quit smoking?",70,33,I’m happy to explore that with you if you’d like.,IMC,"The counsellor's utterance 'I’m happy to explore that with you if you’d like' implies a willingness to provide information or guidance but does so by explicitly seeking the client's permission or interest, thus fitting the criteria for Imperative-MICO (IMC) as it involves giving information or exploring ideas with the client's consent.",CR,"The counsellor's utterance expresses a willingness to collaborate and explore the client's concerns, which is a key aspect of supporting the client's autonomy and engagement in the change process. This response acknowledges the client's openness to ideas and invites further discussion."
1,671fff4fced93c3e5a17f230,counsellor,32,16,"I’m happy to explore that with you if you’d like. Before I do, could you share any thoughts or ideas you have about what life might look like for you and your wife if you were to quit smoking?",71,34,"Before I do, could you share any thoughts or ideas you have about what life might look like for you and your wife if you were to quit smoking?",Q,"The counsellor's utterance is an open-ended question that encourages the client to explore and share their thoughts about the potential outcomes of quitting smoking, specifically in relation to their life and relationship with their wife. This type of question is designed to gather information, understand the client's perspective, and elicit their story, which aligns with the definition of an Open Question (OQ).",OQ,"The counsellor's utterance is an open-ended question that requires the client to elaborate on their thoughts and ideas, and cannot be answered with a simple 'yes' or 'no'. It invites a descriptive narrative about the potential future scenario, making it an open question."
1,671fff4fced93c3e5a17f230,client,33,17,Quite boring but better,72,35,Quite boring but better,C,"The client's utterance implies that life without smoking might be less exciting but still preferable, indicating a stance toward changing the target behavior. This suggests a desire for change, even if it's not overly enthusiastic, which aligns with Change Talk.",O+,"The client's utterance 'Quite boring but better' implies a recognition that life without smoking might be less exciting but still an improvement, which can be seen as a statement that supports change without fitting neatly into the other categories. It suggests a hypothetical or potential positive outcome of quitting."
1,671fff4fced93c3e5a17f230,counsellor,34,18,"It sounds like you see a picture of improvement in your lives, yet there's a concern about life becoming duller without smoking. Can you tell me more about what you mean by ""boring,"" and what ""better"" could look like for you both?",73,36,"It sounds like you see a picture of improvement in your lives, yet there's a concern about life becoming duller without smoking.",CRL,"The counsellor's utterance reflects the client's perspective by acknowledging both the potential improvement in their lives and the concern about life becoming duller without smoking, which adds depth to the client's statement and conveys a richer picture of their thoughts.",CR,"The counsellor's utterance acknowledges the client's mixed feelings about quitting smoking, reflecting both the potential benefits and the concerns about the impact on their life, thus adding depth to the client's statement. This is characteristic of a Complex Reflection, as it conveys a deeper understanding of the client's perspective."
1,671fff4fced93c3e5a17f230,counsellor,34,18,"It sounds like you see a picture of improvement in your lives, yet there's a concern about life becoming duller without smoking. Can you tell me more about what you mean by ""boring,"" and what ""better"" could look like for you both?",74,37,"Can you tell me more about what you mean by 'boring,' and what 'better' could look like for you both?",Q,"The counsellor's utterance is an open-ended question that encourages the client to elaborate on their thoughts and feelings, which aligns with the definition of an Open Question (OQ).",OQ,"The counsellor's utterance cannot be answered with a simple 'yes' or 'no' and requires the client to elaborate on their thoughts and feelings, making it an open-ended inquiry that seeks descriptive narrative."
1,671fff4fced93c3e5a17f230,client,35,19,"I love smoking, and I've been smoking since I was young, so its fun. But I'm going to live a better life. Good health",75,38,"I love smoking, and I've been smoking since I was young, so it's fun.",C,"The client expresses a positive sentiment towards smoking, mentioning it's 'fun', which indicates a desire to continue the target behavior. This aligns with the characteristics of Sustain Talk, as the client is highlighting an enjoyable aspect of smoking, suggesting a reluctance to change. However, the provided target utterance does not match the session transcript. Assuming the target utterance is indeed 'I love smoking, and I've been smoking since I was young, so it's fun.', the correct classification would be Sustain Talk. But given the discrepancy, the actual last utterance in the transcript 'Quite boring but better' should be classified. This utterance implies a recognition of potential improvement in life if the client were to quit, which leans towards Change Talk, despite the ambivalence. The correct approach is to classify the utterance provided in the context, which is 'Quite boring but better'. This utterance shows a leaning towards change due to the acknowledgment of 'better', even though it's paired with a negative aspect of 'boring'.",O+,"The given target utterance does not match the provided session transcript. However, based on the content of the target utterance, it seems the client is expressing a positive emotional attachment to smoking, which does not directly fit into the change-talk categories provided. Since the utterance does not explicitly express a desire, ability, reasons, need, commitment, activation, or taking steps towards change, but rather acknowledges a personal aspect related to their smoking habit, it would be classified under 'Other' as it touches on the client's personal feelings towards smoking."
1,671fff4fced93c3e5a17f230,client,35,19,"I love smoking, and I've been smoking since I was young, so its fun. But I'm going to live a better life. Good health",76,39,But I'm going to live a better life.,C,"The client expresses a desire for a better life, implying a positive stance toward changing their behavior, which in this context is quitting smoking. This suggests the client is leaning towards making a change for the better.",C+,"The client expresses a commitment to change by stating their intention to live a better life, implying a decision to quit smoking and improve their overall well-being. This statement aligns with the client making a pledge or promise to themselves to change their behavior."
1,671fff4fced93c3e5a17f230,client,35,19,"I love smoking, and I've been smoking since I was young, so its fun. But I'm going to live a better life. Good health",77,40,Good health.,C,"The client's utterance 'Good health' implies a positive outcome of quitting smoking, which aligns with expressing a reason for changing the target behavior. This suggests the client is considering the benefits of quitting, specifically in terms of health improvement.",R+,"The client's utterance 'Good health' implies a positive outcome or benefit of changing their behaviour, which aligns with providing reasons for changing the target behaviour. It suggests that achieving good health is a motivation for the client to consider quitting smoking."
1,671fff4fced93c3e5a17f230,counsellor,36,20,"You've got a lot of history with smoking, and it brings some enjoyment to your life. At the same time, you've got a vision of living a healthier, better life without it. Balancing those feelings must be tough. What do you imagine might replace that fun if you were to quit smoking?",78,41,"You've got a lot of history with smoking, and it brings some enjoyment to your life.",SRL,"The counsellor's utterance acknowledges the client's long history with smoking and its role in their life, which is a reflective statement that affirms the client's perspective without adding new insights or interpretations beyond what the client has expressed. This aligns with the definition of a Simple Reflection (SR) as it mirrors the client's statement about loving smoking and its enjoyment, but does so in a way that is more about acknowledging the client's feelings than deeply exploring them.",SR,"The counsellor's utterance is a reflective listening statement that paraphrases the client's words, capturing the essence of their long history with smoking and the enjoyment it brings, thus providing a simple reflection of the client's perspective."
1,671fff4fced93c3e5a17f230,counsellor,36,20,"You've got a lot of history with smoking, and it brings some enjoyment to your life. At the same time, you've got a vision of living a healthier, better life without it. Balancing those feelings must be tough. What do you imagine might replace that fun if you were to quit smoking?",79,42,"At the same time, you've got a vision of living a healthier, better life without it.",CRL,"The counsellor's utterance acknowledges and reflects the client's perspective on having a vision for a better life, which aligns with the client's previous statement about living a 'better life' with 'good health'. This reflection adds depth by highlighting the client's contrasting desires, thus it is a Complex Reflection.",CR,"The counsellor's utterance acknowledges the client's desire for a better life, emphasizing the positive aspects of quitting smoking, which suggests a reflection that adds depth to the client's statement about their vision for the future. This is an example of a Complex Reflection as it conveys a deeper understanding of the client's mixed feelings."
1,671fff4fced93c3e5a17f230,counsellor,36,20,"You've got a lot of history with smoking, and it brings some enjoyment to your life. At the same time, you've got a vision of living a healthier, better life without it. Balancing those feelings must be tough. What do you imagine might replace that fun if you were to quit smoking?",80,43,Balancing those feelings must be tough.,CRL,"The counsellor's utterance, 'Balancing those feelings must be tough,' is a reflective statement that acknowledges the client's emotional struggle, showing empathy and understanding. This aligns with the definition of a Support (SU) code, which involves sympathetic or compassionate comments that agree or side with the client.",SU,"The counsellor's utterance acknowledges the client's conflicting emotions about quitting smoking, expressing sympathy and understanding for the client's difficult emotional state. This is characteristic of a supportive comment that agrees or sides with the client's feelings."
1,671fff4fced93c3e5a17f230,counsellor,36,20,"You've got a lot of history with smoking, and it brings some enjoyment to your life. At the same time, you've got a vision of living a healthier, better life without it. Balancing those feelings must be tough. What do you imagine might replace that fun if you were to quit smoking?",81,44,What do you imagine might replace that fun if you were to quit smoking?,Q,"The counsellor's utterance is an open-ended question that encourages the client to think about and explore their own ideas and feelings about replacing the fun associated with smoking, if they were to quit. This type of question is designed to gather information, understand, and elicit the client's story, which aligns with the definition of an Open Question (OQ).",OQ,"The question cannot be answered with a simple 'yes' or 'no' and requires the client to elaborate on their thoughts and imagination about potential replacements for the fun they associate with smoking, thus structurally demanding an explanatory response."
1,671fff4fced93c3e5a17f230,client,37,21,My wife attention,82,45,My wife attention,N,"The target utterance 'My wife attention' does not clearly express a stance toward changing or maintaining the target behavior of smoking, and it seems incomplete or out of context. Therefore, it does not fit into Change Talk or Sustain Talk categories. The utterance appears to be a fragment and does not convey a clear meaning related to the client's intentions or feelings about smoking.",N,"The client's utterance 'My wife attention' does not clearly convey a thought or intention related to changing their smoking behavior, and its meaning is somewhat ambiguous without further context. It does not explicitly support or oppose change."
1,671fff4fced93c3e5a17f230,counsellor,38,22,It sounds like gaining your wife's attention and enjoying a deeper connection with her is something meaningful for you. That could be a powerful source of motivation and fulfillment if you were to quit smoking. How do you think your relationship might change if you succeeded in quitting?,83,46,It sounds like gaining your wife's attention and enjoying a deeper connection with her is something meaningful for you.,CRL,"The counsellor's utterance is a complex reflection that adds significant meaning to the client's statement, conveying a deeper picture of the client's desire for a deeper connection with their wife, which is categorized under C-Reflective (CRL) as a Complex Reflection (CR).",CR,"The counsellor's utterance is a reflective listening statement that adds depth and meaning to the client's previous statement, highlighting the client's desire for a deeper connection with their wife. This conveys a richer picture of the client's motivations and values."
1,671fff4fced93c3e5a17f230,counsellor,38,22,It sounds like gaining your wife's attention and enjoying a deeper connection with her is something meaningful for you. That could be a powerful source of motivation and fulfillment if you were to quit smoking. How do you think your relationship might change if you succeeded in quitting?,84,47,That could be a powerful source of motivation and fulfillment if you were to quit smoking.,CRL,"The counsellor's utterance suggests a different meaning for the client's experience, implying that the client's desire for their wife's attention could be a strong motivator for quitting smoking, thus adding a new perspective to the client's statement. This is an example of a reframe, which is a part of the C-Reflective (CRL) category.",RF,"The counsellor's utterance suggests a different meaning for the client's experience, implying that the client's desire for their wife's attention could be a strong motivator for quitting smoking, thus changing the emotional valence of the client's statement. This adds a positive spin to the client's reason for quitting."
1,671fff4fced93c3e5a17f230,counsellor,38,22,It sounds like gaining your wife's attention and enjoying a deeper connection with her is something meaningful for you. That could be a powerful source of motivation and fulfillment if you were to quit smoking. How do you think your relationship might change if you succeeded in quitting?,85,48,How do you think your relationship might change if you succeeded in quitting?,Q,"The counsellor's utterance is an open-ended question that encourages the client to explore and elaborate on their thoughts about the potential impact of quitting smoking on their relationship, thus fitting the definition of an Open Question (OQ).",CQ,"The question can be interpreted as seeking a specific outcome or change, which could potentially be answered with a yes or no, even though it invites elaboration. It implicitly presents a binary scenario of change or no change, making it a closed question."
1,671fff4fced93c3e5a17f230,client,39,23,It will be good one,86,49,It will be good one,C,"The client's utterance 'It will be good one' implies a positive outcome or expectation related to quitting smoking, which aligns with a stance toward changing the target behavior. This suggests the client is leaning towards the benefits of change.",D+,"The client's utterance 'It will be good one' implies a positive outcome or expectation from changing their behavior, which aligns with expressing a desire or optimism for a better future without explicitly stating the act of changing the target behavior but leaning towards a positive change."
1,671fff4fced93c3e5a17f230,counsellor,40,24,"You envision a positive change in your relationship, making things even better between you two. That seems like a hopeful and motivating prospect. Knowing that possibility, what do you think your next steps might be?",87,50,"You envision a positive change in your relationship, making things even better between you two.",CRL,"The counsellor's utterance reflects the client's statement about having a good relationship if they quit smoking, and adds a positive spin by mentioning a 'positive change' and things getting 'even better'. This is an example of a Complex Reflection (CR) as it adds significant meaning and emphasis to the client's statement, conveying a deeper picture of their vision for a better relationship. Thus, it falls under the C-Reflective (CRL) category.",RF,"The counsellor's utterance suggests a different, more positive outcome for the client's relationship, which changes the emotional valence of the client's experience but not the depth, thus fitting the definition of a reframe. "
1,671fff4fced93c3e5a17f230,counsellor,40,24,"You envision a positive change in your relationship, making things even better between you two. That seems like a hopeful and motivating prospect. Knowing that possibility, what do you think your next steps might be?",88,51,That seems like a hopeful and motivating prospect.,CRL,"The counsellor's utterance acknowledges and affirms the client's positive perspective on their potential relationship improvement, which can be seen as communicating something positive about the client's vision for a better life and relationships. This aligns with the definition of an Affirm (AF) code, which is a part of the C-Reflective (CRL) category.",AF,"The counsellor's utterance acknowledges the client's positive outlook and emphasizes the potential for a better future, which aligns with expressing something positive about the client's situation or efforts. It does not add deeper meaning, reframe, or directly support the client's autonomy but rather affirms the hopeful aspect of the client's perspective."
1,671fff4fced93c3e5a17f230,counsellor,40,24,"You envision a positive change in your relationship, making things even better between you two. That seems like a hopeful and motivating prospect. Knowing that possibility, what do you think your next steps might be?",89,52,"Knowing that possibility, what do you think your next steps might be?",Q,"The counsellor's utterance is an open-ended question that encourages the client to think about and express their next steps, inviting them to elaborate on their thoughts and plans. This aligns with the definition of an Open Question (OQ), which is a question that cannot be answered with a simple 'yes' or 'no' and requires an elaboration or descriptive narrative.",OQ,"The utterance 'Knowing that possibility, what do you think your next steps might be?' cannot be answered with a simple 'yes' or 'no' and requires the client to elaborate on their thoughts and plans, making it an open-ended question. However, given the structure and the context provided in the instructions, it's crucial to note that the actual target utterance provided does not match the session transcript. Assuming the task is to classify the provided target utterance based on the given categories, it would be classified as an Open Question because it structurally requires an elaboration beyond a binary response."
1,671fff4fced93c3e5a17f230,client,41,25,Give me some ideas,90,53,Give me some ideas,N,"The client's utterance 'Give me some ideas' does not express a clear stance toward changing or maintaining the target behavior, but rather asks for information or suggestions, which is a neutral action.",N,"The client's utterance 'Give me some ideas' does not clearly support or oppose change, as it is a request for information rather than an expression of motivation or resistance to change. This utterance is more about seeking guidance or alternatives than indicating a clear direction towards or away from change."
1,671fff4fced93c3e5a17f230,counsellor,42,26,"Before we explore some ideas, is there anything else you'd like to discuss? We can also recap what we've talked about so far. Would you like a summary before we move forward?",91,54,"Before we explore some ideas, is there anything else you'd like to discuss?",Q,"The counsellor's utterance is a question that checks if the client wants to discuss anything else before moving on to exploring ideas, which is an open-ended inquiry to understand the client's current needs or concerns.",CQ,"The utterance 'Before we explore some ideas, is there anything else you'd like to discuss?' can be answered with a 'yes' or 'no', making it a closed question. Although it invites further discussion, its grammatical structure permits a binary response."
1,671fff4fced93c3e5a17f230,counsellor,42,26,"Before we explore some ideas, is there anything else you'd like to discuss? We can also recap what we've talked about so far. Would you like a summary before we move forward?",92,55,We can also recap what we've talked about so far.,O,"The counsellor's utterance serves as a transitional statement, indicating a potential shift in the conversation to summarize previous discussions. This type of statement is structural and facilitative, aiming to organize the session's content without engaging in MI techniques directly.",ST,"The counsellor's utterance functions to provide information about what will happen next in the session, which aligns with giving structure to the session. It informs the client about the potential next steps in their conversation, which is a key aspect of the Structure category."
1,671fff4fced93c3e5a17f230,counsellor,42,26,"Before we explore some ideas, is there anything else you'd like to discuss? We can also recap what we've talked about so far. Would you like a summary before we move forward?",93,56,Would you like a summary before we move forward?,O,"The counsellor's utterance is a question about whether the client wants a summary before proceeding, which serves as a structural or facilitative statement to organize the session flow.",ST,"The counsellor's utterance 'Would you like a summary before we move forward?' functions to inform the client about what will happen next in the session, providing structure to the counselling process. This gives the client information about the immediate future of the session."
1,671fff4fced93c3e5a17f230,client,43,27,No,94,57,No,N,"The client's utterance 'No' does not clearly express a stance toward changing or maintaining the target behavior, and it seems to be a response to the counsellor's question about discussing or recapping anything else, which doesn't directly relate to the client's motivation or intention regarding the behavior.",N,"The client's utterance 'No' does not clearly support or oppose change, as it is a response to the counsellor's question about discussing anything else or recapping their conversation, rather than expressing a desire to change or not. "
1,671fff4fced93c3e5a17f230,counsellor,44,28,"All right. With your interest in improving your health and relationship, there are a few options to consider as steps forward. Would you like some suggestions on different approaches to quitting that others have found helpful?",95,58,All right.,O,"The counsellor's utterance 'All right' serves as a facilitative response, acknowledging the client's decision to proceed without a summary. It functions to move the session forward, indicating acceptance of the client's choice.",FA,"The counsellor's utterance 'All right' serves as a simple acknowledgement, indicating acceptance of the client's decision to move forward without further discussion or summary, thus functioning as a 'keep-going' signal. This aligns with the purpose of facilitating the conversation's progression."
1,671fff4fced93c3e5a17f230,counsellor,44,28,"All right. With your interest in improving your health and relationship, there are a few options to consider as steps forward. Would you like some suggestions on different approaches to quitting that others have found helpful?",96,59,"With your interest in improving your health and relationship, there are a few options to consider as steps forward.",IMC,"The counsellor's utterance provides advice and suggestions for the client's next steps, which is in response to the client's request for ideas. Given the client's explicit request for ideas ('Give me some ideas'), permission is considered granted. Thus, the counsellor's action falls under providing advice or suggestions with permission.",GI,"The counsellor's utterance provides information and suggestions for the client to consider as next steps, which aligns with giving information and advice. However, since the provided target utterance does not match the session transcript, I will classify based on the content of the target utterance itself, which seems to offer guidance and suggestions."
1,671fff4fced93c3e5a17f230,counsellor,44,28,"All right. With your interest in improving your health and relationship, there are a few options to consider as steps forward. Would you like some suggestions on different approaches to quitting that others have found helpful?",97,60,Would you like some suggestions on different approaches to quitting that others have found helpful?,IMC,"The counsellor's utterance is a question that asks for the client's permission before providing suggestions, which indicates that the counsellor is seeking consent. However, given the context where the client has previously asked for ideas ('Give me some ideas'), this can be seen as implicit permission for the counsellor to provide suggestions or advice. Following the Permission Chain of Thought, since the client has shown openness and requested information, permission is considered granted. Thus, the utterance falls under the category of Imperative-MICO (IMC) because it involves providing information or suggestions with the client's implicit permission.",GI,"The target utterance is not present in the provided session transcript, however, based on the typical structure of an MI session and the given categories, the utterance 'Would you like some suggestions on different approaches to quitting that others have found helpful?' seems to offer information and support, which aligns with providing guidance or suggestions. "
1,671fff4fced93c3e5a17f230,client,45,29,yes,98,61,yes,C,"The client's utterance 'yes' is not provided in the given transcript, but assuming it's a response to the counsellor's question about wanting suggestions on different approaches to quitting, it implies a willingness to consider change, which aligns with Change Talk. However, without the exact context of 'yes', this interpretation assumes the 'yes' is in response to the last question about wanting suggestions, which is not directly provided in the excerpt.",AC+,"The client's utterance 'yes' indicates a willingness to consider suggestions and move forward with the process of changing their behaviour, which aligns with leaning towards action."
1,671fff4fced93c3e5a17f230,counsellor,46,30,Great! One approach could be setting a quit date as a commitment to yourself and your goals. Another option is looking into support groups or counseling to connect with others on a similar journey. There are also nicotine replacement therapies or medications available that might help ease the transition. How do any of these ideas resonate with you?,99,62,Great!,O,"The counsellor's utterance 'Great!' is a brief acknowledgement that functions as a 'keep-going' signal, indicating approval or agreement with the client's decision to receive suggestions, but it does not provide any substantial information, reflection, or question. It falls under facilitative utterances.",FA,"The counsellor's utterance 'Great!' serves as a brief acknowledgement and encouragement, functioning as a 'keep-going' signal after the client expressed interest in hearing suggestions. This type of response facilitates the continuation of the conversation."
1,671fff4fced93c3e5a17f230,counsellor,46,30,Great! One approach could be setting a quit date as a commitment to yourself and your goals. Another option is looking into support groups or counseling to connect with others on a similar journey. There are also nicotine replacement therapies or medications available that might help ease the transition. How do any of these ideas resonate with you?,100,63,One approach could be setting a quit date as a commitment to yourself and your goals.,IMC,"The counsellor's utterance provides a suggestion after receiving explicit permission from the client, who expressed interest in ideas and later agreed to hear suggestions on different approaches to quitting. Following the Permission Chain of Thought, since the client gave explicit permission by saying 'yes' to the counsellor's offer of suggestions, the counsellor's action is classified under IMC.",GI,"The counsellor's utterance provides a specific suggestion for the client to consider, directly offering guidance and advice in response to the client's expressed interest in ideas for quitting. This aligns with providing information and suggestions, a key aspect of the 'Giving Information and Advice' category."
1,671fff4fced93c3e5a17f230,counsellor,46,30,Great! One approach could be setting a quit date as a commitment to yourself and your goals. Another option is looking into support groups or counseling to connect with others on a similar journey. There are also nicotine replacement therapies or medications available that might help ease the transition. How do any of these ideas resonate with you?,101,64,Another option is looking into support groups or counseling to connect with others on a similar journey.,IMC,"The counsellor's utterance provides a suggestion after receiving explicit permission from the client, who expressed interest in ideas and suggestions. Following the Permission Chain of Thought, since the client has given permission by saying 'yes' to the counsellor's offer of suggestions, this utterance falls under the category of providing advice or suggestions with permission. Thus, it aligns with the IMC category.",GI,"The counsellor's utterance provides a specific suggestion for the client to consider, which aligns with providing information and guidance to aid in the client's decision-making process."
1,671fff4fced93c3e5a17f230,counsellor,46,30,Great! One approach could be setting a quit date as a commitment to yourself and your goals. Another option is looking into support groups or counseling to connect with others on a similar journey. There are also nicotine replacement therapies or medications available that might help ease the transition. How do any of these ideas resonate with you?,102,65,There are also nicotine replacement therapies or medications available that might help ease the transition.,IMC,"The counsellor's utterance provides information about available options for quitting, such as nicotine replacement therapies or medications, which is a form of guidance or advice. Given the client's prior explicit request for ideas and subsequent agreement to receive suggestions, permission for this guidance has been granted. Following the Permission Chain of Thought, since the client has shown openness and asked for ideas, and the counsellor's suggestion is topically related to the client's request, the utterance is classified as providing information with permission.",CQ,"The counsellor's utterance provides information and options for the client to consider, which is a key aspect of providing guidance and support in a Motivational Interviewing session. This aligns with the category of 'Providing Information'."
1,671fff4fced93c3e5a17f230,counsellor,46,30,Great! One approach could be setting a quit date as a commitment to yourself and your goals. Another option is looking into support groups or counseling to connect with others on a similar journey. There are also nicotine replacement therapies or medications available that might help ease the transition. How do any of these ideas resonate with you?,103,66,How do any of these ideas resonate with you?,Q,"The counsellor's utterance 'How do any of these ideas resonate with you?' is an open-ended question that encourages the client to share their thoughts and feelings about the previously discussed ideas, thus aiming to gather information and understand the client's perspective.",OQ,"The utterance 'How do any of these ideas resonate with you?' cannot be answered with a simple 'yes' or 'no' and requires an elaboration or descriptive response from the client, making it an open question."
1,671fff4fced93c3e5a17f230,client,47,31,A great one,104,67,A great one,C,"The client's utterance 'A great one' seems to be a positive response to the counsellor's suggestions, implying interest or agreement with one of the proposed approaches to quitting, thus leaning towards change talk. However, without more context, it's somewhat ambiguous but suggests a leaning towards change.",O+,"The client's utterance 'A great one' seems to be a positive response to one of the suggestions provided by the counsellor, indicating interest or approval of an idea, but it does not explicitly express a desire, ability, reason, need, commitment, activation, or taking steps towards change. It can be seen as supporting change but does not fit neatly into the other categories."
1,671fff4fced93c3e5a17f230,counsellor,48,32,That's wonderful to hear! It sounds like one or more of these options might be a good fit for you. Is there a particular approach you'd like to explore further or try first?,105,68,That's wonderful to hear!,CRL,"The counsellor's utterance 'That's wonderful to hear!' is an affirmation of the client's positive response, which communicates something positive about the client's interest and engagement. This aligns with the definition of an Affirm (AF) code, indicating a deeply engaging and affirming response.",AF,"The counsellor's utterance 'That's wonderful to hear!' is a positive and complimentary response to the client's enthusiasm, indicating appreciation for the client's engagement and interest. This aligns with expressing something positive about the client's response."
1,671fff4fced93c3e5a17f230,counsellor,48,32,That's wonderful to hear! It sounds like one or more of these options might be a good fit for you. Is there a particular approach you'd like to explore further or try first?,106,69,It sounds like one or more of these options might be a good fit for you.,CRL,"The counsellor's utterance reflects the client's positive response to the suggestions provided, implying that one or more of the options discussed might be suitable for the client. This is an example of a Complex Reflection (CR) as it adds meaning to the client's statement ('A great one') by interpreting it as an indication of finding a good fit among the suggested options. Thus, it falls under the C-Reflective (CRL) category.",RF,"The counsellor's utterance suggests a different meaning for the client's experience by implying that one of the options presented could be suitable, which changes the emotional valence of the client's consideration but not the depth. This is an attempt to reframe the client's perspective in a positive light."
1,671fff4fced93c3e5a17f230,counsellor,48,32,That's wonderful to hear! It sounds like one or more of these options might be a good fit for you. Is there a particular approach you'd like to explore further or try first?,107,70,Is there a particular approach you'd like to explore further or try first?,Q,"The counsellor's utterance is an open-ended question that encourages the client to explore their preferences and goals, thus gathering more information and understanding the client's perspective.",CQ,"The utterance 'Is there a particular approach you'd like to explore further or try first?' can be answered with a 'yes' or 'no' under a grammatically valid interpretation, even though it invites further discussion. This aligns with the definition of a Closed Question (CQ)."
1,671fff4fced93c3e5a17f230,client,49,33,none,108,71,none,N,There is no target utterance provided for classification.,N,"There is no client utterance provided to classify. The session transcript ends with the counsellor's question, but does not include a final utterance from the client to be labeled."
1,671fff4fced93c3e5a17f230,counsellor,50,34,"That's completely okay. You know yourself best, and this is your journey. Whenever you're ready or if you have any questions later on, I'm here to support you. Is there anything else you'd like to talk about today?",109,72,That's completely okay.,CRL,"The counsellor's utterance 'That's completely okay' is a supportive and understanding comment, which acknowledges the client's response without judgment, thus affirming their perspective.",SU,"The counsellor's utterance 'That's completely okay' is not present in the provided session transcript, however, based on the typical use of similar phrases in MI sessions, it would likely be used to convey understanding and acceptance, which aligns with the Support category. The phrase acknowledges the client's response without judgment, offering a sympathetic and compassionate stance."
1,671fff4fced93c3e5a17f230,counsellor,50,34,"That's completely okay. You know yourself best, and this is your journey. Whenever you're ready or if you have any questions later on, I'm here to support you. Is there anything else you'd like to talk about today?",110,73,"You know yourself best, and this is your journey.",CRL,"The counsellor's utterance acknowledges and emphasizes the client's autonomy, which is a key aspect of Motivational Interviewing. By stating 'You know yourself best, and this is your journey', the counsellor is honouring the client's self-awareness and decision-making capacity, thereby supporting their independence and freedom of choice.",EC,"The counsellor's utterance emphasizes the client's autonomy and freedom of choice, acknowledging that they are the expert in their own life and decision-making process. This aligns with the intent of empowering the client to take control of their journey."
1,671fff4fced93c3e5a17f230,counsellor,50,34,"That's completely okay. You know yourself best, and this is your journey. Whenever you're ready or if you have any questions later on, I'm here to support you. Is there anything else you'd like to talk about today?",111,74,"Whenever you're ready or if you have any questions later on, I'm here to support you.",CRL,"The counsellor's utterance is a supportive statement, expressing availability for future support without conditioning it on the client's current decisions or actions. This aligns with the definition of a supportive comment, which is a type of reflective listening that conveys understanding and empathy.",SU,"The counsellor's utterance offers ongoing support and availability, which is sympathetic and compassionate, indicating a willingness to side with the client and be there for them in the future."
1,671fff4fced93c3e5a17f230,counsellor,50,34,"That's completely okay. You know yourself best, and this is your journey. Whenever you're ready or if you have any questions later on, I'm here to support you. Is there anything else you'd like to talk about today?",112,75,Is there anything else you'd like to talk about today?,Q,"The counsellor's utterance is a question that inquires about the client's desire to discuss any other topics, which is an open-ended inquiry to gather information and understand the client's story.",CQ,"The utterance 'Is there anything else you'd like to talk about today?' can be answered with a 'yes' or 'no', making it a closed question. Although it invites further discussion, its grammatical structure permits a binary response."
1,671fff4fced93c3e5a17f230,client,51,35,No,113,76,No,N,"The client's utterance 'No' does not clearly express a stance toward changing or maintaining the target behavior, and it does not provide any additional information that could be classified as change talk or sustain talk. It seems to be a response to the counsellor's question about exploring options further, indicating a lack of interest or readiness to discuss specifics at the moment.",N,"The client's utterance 'none' does not clearly support or oppose change, as it simply indicates a lack of interest in exploring the options presented without expressing a motivation for or against changing their behavior."
1,671fff4fced93c3e5a17f230,counsellor,52,36,"Thank you for our conversation today. To summarize, we talked about your desire to quit smoking for health reasons and the importance of your wife's feelings, which adds motivation to your journey. Although you've enjoyed the fun aspects of smoking from a young age, you envision a healthier, better life with a deeper connection with your wife. We explored some potential approaches, like setting a quit date, support groups, and treatments, though you're not ready to choose one yet. I'm here to support you whenever you're ready to explore these options further or talk about anything else.

Would you like to continue the conversation?",114,77,Thank you for our conversation today.,O,"The counsellor's final utterance, 'Thank you for our conversation today', serves as a structural or facilitative statement that does not engage in MI techniques. It is a polite expression of appreciation for the client's time and participation in the session, which aligns with the 'Other/Neutral' category.",ST,"The counsellor's final utterance serves as a polite acknowledgement of the session's end, which aligns with the function of a pleasantry. However, given the context and the provided categories, it seems more aligned with providing a structural element by implying the end of the session. Yet, the closest match from the given categories for such a polite and session-ending remark would be more about the structure of the session rather than a simple acknowledgement or pleasantry."
1,671fff4fced93c3e5a17f230,counsellor,52,36,"Thank you for our conversation today. To summarize, we talked about your desire to quit smoking for health reasons and the importance of your wife's feelings, which adds motivation to your journey. Although you've enjoyed the fun aspects of smoking from a young age, you envision a healthier, better life with a deeper connection with your wife. We explored some potential approaches, like setting a quit date, support groups, and treatments, though you're not ready to choose one yet. I'm here to support you whenever you're ready to explore these options further or talk about anything else.

Would you like to continue the conversation?",115,78,"To summarize, we talked about your desire to quit smoking for health reasons and the importance of your wife's feelings, which adds motivation to your journey.",SRL,"The counsellor's utterance is a summary of the client's motivations and discussions, which mirrors the client's statement without adding extra insight, thus fitting the definition of a Simple Reflection (SR).",SR,"The counsellor's utterance is a summary of the client's motivations and discussion points, which can be seen as a form of reflection, but since it's not provided in the original transcript, the task cannot be completed as instructed. However, based on the provided transcript, the last utterance from the counsellor is 'Is there anything else you'd like to talk about today?' which does not fit the SR category as it is an open-ended question rather than a reflection. The actual target utterance seems to be a summary, but it was not present in the original transcript provided, making the task as described impossible to complete accurately."
1,671fff4fced93c3e5a17f230,counsellor,52,36,"Thank you for our conversation today. To summarize, we talked about your desire to quit smoking for health reasons and the importance of your wife's feelings, which adds motivation to your journey. Although you've enjoyed the fun aspects of smoking from a young age, you envision a healthier, better life with a deeper connection with your wife. We explored some potential approaches, like setting a quit date, support groups, and treatments, though you're not ready to choose one yet. I'm here to support you whenever you're ready to explore these options further or talk about anything else.

Would you like to continue the conversation?",116,79,"Although you've enjoyed the fun aspects of smoking from a young age, you envision a healthier, better life with a deeper connection with your wife.",CRL,"The target utterance is a reflective listening statement that adds significant meaning or emphasis to what the client said, conveying a deeper or richer picture of the client's statement. It acknowledges the client's perspective on their life and relationships, which aligns with the definition of a Complex Reflection (CR) under the C-Reflective (CRL) category.",CR,"The target utterance is not present in the provided session transcript, however, based on the given utterance, it appears to add significant meaning or emphasis to the client's potential motivations or desires, conveying a deeper or richer picture of the client's statement. This suggests a Complex Reflection, as it goes beyond simple reflection by interpreting the client's feelings and desires."
1,671fff4fced93c3e5a17f230,counsellor,52,36,"Thank you for our conversation today. To summarize, we talked about your desire to quit smoking for health reasons and the importance of your wife's feelings, which adds motivation to your journey. Although you've enjoyed the fun aspects of smoking from a young age, you envision a healthier, better life with a deeper connection with your wife. We explored some potential approaches, like setting a quit date, support groups, and treatments, though you're not ready to choose one yet. I'm here to support you whenever you're ready to explore these options further or talk about anything else.

Would you like to continue the conversation?",117,80,"We explored some potential approaches, like setting a quit date, support groups, and treatments, though you're not ready to choose one yet.",SRL,"The counsellor's utterance is a summary of the discussion, reflecting on the potential approaches explored without adding significant new insight or emotional depth, which aligns with the definition of a Simple Reflection (SR).",SR,"The counsellor's utterance is a summary of the discussion, reflecting the client's current stance and the options explored, which aligns with the definition of a Simple Reflection as it paraphrases the client's situation without adding a new interpretation or direction."
1,671fff4fced93c3e5a17f230,counsellor,52,36,"Thank you for our conversation today. To summarize, we talked about your desire to quit smoking for health reasons and the importance of your wife's feelings, which adds motivation to your journey. Although you've enjoyed the fun aspects of smoking from a young age, you envision a healthier, better life with a deeper connection with your wife. We explored some potential approaches, like setting a quit date, support groups, and treatments, though you're not ready to choose one yet. I'm here to support you whenever you're ready to explore these options further or talk about anything else.

Would you like to continue the conversation?",118,81,I'm here to support you whenever you're ready to explore these options further or talk about anything else.,CRL,"The counsellor's utterance is an expression of support and availability, which aligns with the client's autonomy and emphasizes the counsellor's role in supporting the client's journey. This is an example of a supportive comment that acknowledges the client's control and decision-making capacity.",SU,"The counsellor's utterance is categorized as Support (SU) because it conveys a sense of sympathy, compassion, and understanding by letting the client know that the counsellor is available to provide help whenever the client is ready. The phrase 'I'm here to support you' directly expresses this supportive intent."
1,671fff4fced93c3e5a17f230,counsellor,52,36,"Thank you for our conversation today. To summarize, we talked about your desire to quit smoking for health reasons and the importance of your wife's feelings, which adds motivation to your journey. Although you've enjoyed the fun aspects of smoking from a young age, you envision a healthier, better life with a deeper connection with your wife. We explored some potential approaches, like setting a quit date, support groups, and treatments, though you're not ready to choose one yet. I'm here to support you whenever you're ready to explore these options further or talk about anything else.

Would you like to continue the conversation?",119,82,Would you like to continue the conversation?,Q,"The counsellor's utterance is a question that invites the client to decide whether they want to proceed with the conversation, which falls under asking a question to gather information or understand the client's preference.",CQ,"The utterance 'Would you like to continue the conversation?' can be answered with a 'yes' or 'no', making it a closed question due to its grammatical structure that permits a binary response."
1,671fff4fced93c3e5a17f230,client,53,37,No,120,83,No,N,"The client's utterance 'No' does not express a clear stance toward changing or maintaining the target behavior of smoking, nor does it provide any reasons, desires, or needs related to changing or sustaining the behavior. It simply responds to the counsellor's question about discussing anything else, indicating a lack of additional topics to explore at the moment.",N,"The client's utterance 'No' does not clearly support or oppose change, as it is a response to the counsellor's question about discussing anything else and does not express a desire to change or maintain their current behavior."
2,6735337bd46a0b33a2bcf429,counsellor,54,0,Hello! It’s great to have you here today. How has your day been so far?,121,0,Hello!,O,"The counsellor's utterance is a greeting, which serves as a pleasantry and does not engage in MI techniques.",FI,"The counsellor's utterance is a greeting, which serves as a pleasantry to initiate or start the session."
2,6735337bd46a0b33a2bcf429,counsellor,54,0,Hello! It’s great to have you here today. How has your day been so far?,122,1,It’s great to have you here today.,O,"The counsellor's utterance is a pleasantry that serves as a welcoming statement, which falls under the category of a filler utterance as it does not directly engage with the client's perspective or provide any substantial information related to the counselling session.",FI,"The counsellor's utterance is a pleasantry that welcomes the client, which does not directly facilitate the conversation or provide structural information about the session."
2,6735337bd46a0b33a2bcf429,counsellor,54,0,Hello! It’s great to have you here today. How has your day been so far?,123,2,How has your day been so far?,Q,"The counsellor's utterance is an open-ended question that encourages the client to share their experience, making it a question to gather information or understand the client's story.",OQ,"The utterance 'How has your day been so far?' cannot be answered with a simple 'yes' or 'no' and requires an elaboration or descriptive response, making it an open question."
2,6735337bd46a0b33a2bcf429,client,55,1,Not bad. I just got up about an hour ago.,124,3,Not bad.,N,"The client's utterance 'Not bad' is a neutral response that does not express a clear stance toward changing or maintaining a target behavior, and instead provides a general statement about their day.",N,"The client's utterance 'Not bad' is a neutral response that does not clearly support or oppose change, as it neither expresses a desire to change nor resists the idea of change. It is a brief and non-committal statement."
2,6735337bd46a0b33a2bcf429,client,55,1,Not bad. I just got up about an hour ago.,125,4,I just got up about an hour ago.,N,"The client's utterance is a factual statement about their day and does not express any stance toward changing or maintaining a target behavior, thus it is neutral.",N,"The client's utterance does not express any intention or motivation for change, it simply states their current state without any implication for future actions or decisions. The statement is neutral and does not support or oppose change."
2,6735337bd46a0b33a2bcf429,counsellor,56,2,I hope you managed to get some good rest. Mornings can really set the tone for the day. How are you feeling about being here today?,126,5,I hope you managed to get some good rest.,CRL,"The counsellor's utterance is a sympathetic and compassionate comment, which agrees or sides with the client, implying the client needed rest and hoping they got it, thus it falls under Support (SU), a subcategory of C-Reflective (CRL).",SU,"The counsellor's utterance expresses a sympathetic and compassionate comment, showing concern for the client's well-being by hoping they got good rest. This aligns with providing emotional support."
2,6735337bd46a0b33a2bcf429,counsellor,56,2,I hope you managed to get some good rest. Mornings can really set the tone for the day. How are you feeling about being here today?,127,6,Mornings can really set the tone for the day.,CRL,"The utterance acknowledges the client's morning routine and adds a general insight about mornings, which can be seen as a reflective statement that adds meaning to the client's experience without directly asking for information or providing advice. It falls under the category of Complex Reflection (CR) as it conveys a deeper understanding of the client's statement.",RF,"The counsellor's utterance suggests a different perspective on the client's morning routine, implying that it has an impact on the rest of the day, which changes the emotional valence of the client's casual statement about waking up."
2,6735337bd46a0b33a2bcf429,counsellor,56,2,I hope you managed to get some good rest. Mornings can really set the tone for the day. How are you feeling about being here today?,128,7,How are you feeling about being here today?,Q,"The counsellor's utterance is an open-ended question that encourages the client to share their feelings and thoughts, which aligns with the definition of an Open Question (OQ) in the Question (Q) category.",OQ,"The question cannot be answered with a simple 'yes' or 'no' and requires the client to elaborate on their emotions or thoughts, making it an open-ended inquiry."
2,6735337bd46a0b33a2bcf429,client,57,3,"I'm actually feeling a bit hungry, and I might go make breakfast soon. Anyway, I feel good.",129,8,"I'm actually feeling a bit hungry, and I might go make breakfast soon.",N,"The client's utterance does not express any stance toward changing or maintaining a target behavior, but rather focuses on their current physical state and a mundane activity, which is unrelated to the counselling context of motivating change.",N,"The client's utterance does not express any intention or feeling related to change, but rather focuses on their current physical state of hunger and a plan to make breakfast. This does not clearly support or oppose change."
2,6735337bd46a0b33a2bcf429,client,57,3,"I'm actually feeling a bit hungry, and I might go make breakfast soon. Anyway, I feel good.",130,9,"Anyway, I feel good.",N,"The client's utterance 'Anyway, I feel good' does not clearly express a stance toward changing or maintaining a specific behavior, and instead provides a general statement about their current emotional state. This does not fit into Change Talk or Sustain Talk categories.",N,"The client's utterance 'Anyway, I feel good' does not clearly support or oppose change, as it is a general statement about their current emotional state without any indication of motivation or intention to change a specific behavior."
2,6735337bd46a0b33a2bcf429,counsellor,58,4,"I'm glad to hear you feel good about being here. And breakfast is always a great idea! Before you head to the kitchen, is there anything on your mind that you'd like to talk about today?",131,10,I'm glad to hear you feel good about being here.,CRL,"The counsellor's utterance is a supportive comment that acknowledges the client's positive feeling about being in the session, which aligns with the definition of a supportive statement, thus it falls under the category of C-Reflective (CRL) as it communicates something positive about the client's attitude.",AF,"The counsellor's utterance is a positive and supportive response to the client's statement, focusing on the client's feelings about being in the session. It acknowledges and appreciates the client's positive emotional state."
2,6735337bd46a0b33a2bcf429,counsellor,58,4,"I'm glad to hear you feel good about being here. And breakfast is always a great idea! Before you head to the kitchen, is there anything on your mind that you'd like to talk about today?",132,11,And breakfast is always a great idea!,CRL,"The counsellor's utterance 'And breakfast is always a great idea!' can be seen as a supportive and affirmative comment, acknowledging the client's mention of hunger and the idea of making breakfast. This aligns with the definition of Affirm (AF) under the C-Reflective (CRL) category, as it communicates something positive about the client's perspective or experience.",SU,"The counsellor's utterance acknowledges and agrees with the client's mention of hunger and the idea of making breakfast, showing understanding and sympathy for the client's physical needs. This response is brief and supportive, rather than reflective, affirming, or emphasizing control."
2,6735337bd46a0b33a2bcf429,counsellor,58,4,"I'm glad to hear you feel good about being here. And breakfast is always a great idea! Before you head to the kitchen, is there anything on your mind that you'd like to talk about today?",133,12,"Before you head to the kitchen, is there anything on your mind that you'd like to talk about today?",Q,"The counsellor's utterance is an open-ended question that invites the client to share their thoughts or concerns, indicating a desire to understand the client's perspective and elicit their story.",CQ,"The utterance is a question that can be answered with a 'yes' or 'no', as the client could simply respond with 'yes' or 'no' without needing to elaborate, even though the context suggests an invitation for discussion."
2,6735337bd46a0b33a2bcf429,client,59,5,"Nothing in particular, how about you?",134,13,"Nothing in particular,",N,"The client's utterance does not express a clear stance toward changing or maintaining a target behavior, and instead indicates a lack of specific topics to discuss, which aligns with a neutral response.",N,"The client's utterance does not express a clear intention or feeling towards change, and instead indicates a lack of specific topics to discuss, which does not support or oppose change. "
2,6735337bd46a0b33a2bcf429,client,59,5,"Nothing in particular, how about you?",135,14,how about you?,N,"The client's utterance 'how about you?' does not express a stance toward changing or maintaining a target behavior, and instead appears to be a conversational response or an attempt to shift the focus, which does not clearly support or oppose change.",N,"The client's utterance 'how about you?' does not clearly support or oppose change, as it is a question that shifts the focus to the counsellor without expressing any motivation or concern related to the client's own change. "
2,6735337bd46a0b33a2bcf429,counsellor,60,6,"I’m honestly here to listen to what’s on your mind. Sometimes talking about things can bring a lot of clarity, even if nothing specific is pressing. Do you feel like there are any habits or routines in your life that you're curious to explore during our time together?",136,15,I’m honestly here to listen to what’s on your mind.,CRL,"The counsellor's utterance 'I’m honestly here to listen to what’s on your mind' is an expression of support and affirmation, indicating a willingness to engage with the client's perspective without adding any conditions or advice. This aligns with the definition of Support (SU) under the C-Reflective (CRL) category, as it conveys a sympathetic and understanding attitude towards the client's potential concerns or thoughts.",SU,"The counsellor's utterance emphasizes their role as a listener and supporter, creating a safe space for the client to express themselves, which aligns with providing a supportive environment. However, the actual target utterance provided does not match the session transcript, suggesting an error in the task presentation. Given the mismatch, the explanation is based on the provided target utterance 'I’m honestly here to listen to what’s on your mind.', which would typically be categorized as supportive due to its empathetic and non-directive nature."
2,6735337bd46a0b33a2bcf429,counsellor,60,6,"I’m honestly here to listen to what’s on your mind. Sometimes talking about things can bring a lot of clarity, even if nothing specific is pressing. Do you feel like there are any habits or routines in your life that you're curious to explore during our time together?",137,16,"Sometimes talking about things can bring a lot of clarity, even if nothing specific is pressing.",CRL,"The counsellor's utterance suggests a different meaning for an experience expressed by the client, usually changing the emotional valence of meaning but not the depth, by implying that discussing non-pressing issues can still be beneficial. This aligns with the definition of a Reframe (RF) under the C-Reflective (CRL) category.",RF,"The counsellor's utterance suggests a different perspective on the value of discussing topics, even if the client doesn't have anything specific to talk about, which can help change the client's view on the conversation's potential benefits."
2,6735337bd46a0b33a2bcf429,counsellor,60,6,"I’m honestly here to listen to what’s on your mind. Sometimes talking about things can bring a lot of clarity, even if nothing specific is pressing. Do you feel like there are any habits or routines in your life that you're curious to explore during our time together?",138,17,Do you feel like there are any habits or routines in your life that you're curious to explore during our time together?,Q,"The counsellor's utterance is an open-ended question that encourages the client to reflect on their habits and routines, indicating a desire to understand or elicit the client's story. This aligns with the definition of an Open Question (OQ), which is a question that cannot be answered with a simple 'yes' or 'no' and requires an elaboration or descriptive narrative.",CQ,"The utterance 'Do you feel like there are any habits or routines in your life that you're curious to explore during our time together?' can be answered with a 'yes' or 'no', even though it invites elaboration, making it a closed question due to its grammatical structure. The presence of 'Do you feel like' followed by a subject and verb/complement allows for a binary response."
2,6735337bd46a0b33a2bcf429,client,61,7,give me some ideas...,139,18,give me some ideas...,N,"The client's utterance 'give me some ideas' does not express a clear stance toward changing or maintaining a specific behavior, but rather invites suggestions or exploration, which aligns with a neutral or inquiring stance.",N,"The client's utterance 'give me some ideas' does not clearly support or oppose change, as it is not present in the provided session excerpt and seems to be an out-of-context statement. However, based on the context of the session, if the client were to ask for ideas, it could imply a openness to exploration, but since it's not in the actual transcript, the correct approach is to consider the last available client utterance which is 'Do you feel like there are any habits or routines in your life that you're curious to explore during our time together?' is the counsellor's, the last client utterance is 'Nothing in particular, how about you?' which does not support or oppose change directly."
2,6735337bd46a0b33a2bcf429,counsellor,62,8,"Sure, we can delve into various aspects of life like your daily routines, any goals or changes you've been considering, or even habits like smoking that you might have mixed feelings about. Is there anything among these that catches your interest?",140,19,"Sure, we can delve into various aspects of life like your daily routines, any goals or changes you've been considering, or even habits like smoking that you might have mixed feelings about.",IMC,"The counsellor's utterance provides advice, suggestions, and information in response to the client's request for ideas. To determine if this falls under IMC or IMI, we apply the permission chain of thought. The client explicitly asked for ideas by saying 'give me some ideas...', which grants implicit permission for the counsellor to provide suggestions and information. Since permission is granted, the utterance is classified as IMC.",FA,"The counsellor's utterance provides examples and explores potential areas of discussion, which aligns with the intent of providing information and facilitating the client's thought process, a key aspect of the 'Providing Information' and 'Exploring' categories, but more specifically it seems to be setting the agenda and exploring the client's ambivalence by providing a menu of options which is characteristic of 'Setting Agenda'."
2,6735337bd46a0b33a2bcf429,counsellor,62,8,"Sure, we can delve into various aspects of life like your daily routines, any goals or changes you've been considering, or even habits like smoking that you might have mixed feelings about. Is there anything among these that catches your interest?",141,20,Is there anything among these that catches your interest?,Q,"The counsellor's utterance 'Is there anything among these that catches your interest?' is an open-ended question that encourages the client to explore and share their thoughts or feelings, which aligns with the definition of an Open Question (OQ).",CQ,"The utterance 'Is there anything among these that catches your interest?' can be answered with a 'yes' or 'no', making it a closed question as it permits a grammatically valid yes/no response."
2,6735337bd46a0b33a2bcf429,client,63,9,"Well I would like to quit smoking, and have tried in the past, but obviously my success rate after 3+ attempts is low.",142,21,"Well I would like to quit smoking,",C,"The client expresses a desire to change their behavior, specifically quitting smoking, which aligns with Change Talk.",D+,"The client explicitly states a desire to quit smoking, which directly aligns with expressing a desire to change a target behaviour. This is a clear indication of motivation towards changing a specific habit."
2,6735337bd46a0b33a2bcf429,client,63,9,"Well I would like to quit smoking, and have tried in the past, but obviously my success rate after 3+ attempts is low.",143,22,"and have tried in the past,",C,"The client's utterance 'and have tried in the past' implies a history of attempting to change, which aligns with Change Talk as it references previous efforts towards changing a behavior, likely the target behavior of the session, such as smoking.",O+,"The client's utterance 'and have tried in the past' implies a recognition of previous attempts to change, which can be seen as a precursor to considering change again, but it does not directly express desire, ability, reasons, need, commitment, activation, or taking steps. It suggests an awareness or acknowledgment of past efforts, which might be a step towards change but doesn't fit neatly into the other categories. Therefore, it's best categorized under 'Other' as it involves problem recognition or past attempts."
2,6735337bd46a0b33a2bcf429,client,63,9,"Well I would like to quit smoking, and have tried in the past, but obviously my success rate after 3+ attempts is low.",144,23,but obviously my success rate after 3+ attempts is low.,S,"The client's utterance implies a pessimistic view about their ability to change, which aligns with sustain talk as it reflects a negative outlook on quitting, in this context likely referring to smoking.",AB-,"The client expresses pessimism about their ability to change, as indicated by their low success rate after multiple attempts, which aligns with the Ability category. This suggests that the client doubts their capacity to achieve a desired outcome, in this case, likely related to quitting smoking."
2,6735337bd46a0b33a2bcf429,counsellor,64,10,"Quitting smoking can be a challenging journey, especially after putting in so much effort. You’ve shown a lot of determination by trying multiple times, which is really commendable. What do you think kept you going even after facing those challenges?",145,24,"Quitting smoking can be a challenging journey, especially after putting in so much effort.",CRL,"The counsellor's utterance acknowledges the client's struggle with quitting smoking and shows empathy towards their efforts, which aligns with the definition of a supportive comment. This behaviour is best categorized as Support (SU) under the C-Reflective (CRL) grouping, as it sympathizes with the client's experience without adding new insights beyond recognition of their challenge.",SU,"The counsellor's utterance acknowledges the client's struggle with quitting smoking and shows empathy towards their past efforts, which aligns with expressing sympathy and understanding. "
2,6735337bd46a0b33a2bcf429,counsellor,64,10,"Quitting smoking can be a challenging journey, especially after putting in so much effort. You’ve shown a lot of determination by trying multiple times, which is really commendable. What do you think kept you going even after facing those challenges?",146,25,"You’ve shown a lot of determination by trying multiple times, which is really commendable.",CRL,"The counsellor's utterance is affirming the client's past efforts to quit smoking, emphasizing their determination and commending it, which falls under the category of affirming the client's strengths or efforts.",AF,"The counsellor's utterance is acknowledging and praising the client's past efforts to quit smoking, highlighting their determination as a positive trait. This functions as a positive reinforcement of the client's strengths."
2,6735337bd46a0b33a2bcf429,counsellor,64,10,"Quitting smoking can be a challenging journey, especially after putting in so much effort. You’ve shown a lot of determination by trying multiple times, which is really commendable. What do you think kept you going even after facing those challenges?",147,26,What do you think kept you going even after facing those challenges?,Q,"The counsellor's utterance is an open-ended question that encourages the client to reflect on their past experiences and share their thoughts, which helps to gather information and understand the client's story.",OQ,"The question cannot be answered with a simple 'yes' or 'no' and requires the client to provide a thoughtful explanation or narrative about their experiences and motivations, thus fitting the criteria for an open question."
2,6735337bd46a0b33a2bcf429,client,65,11,"What do you mean, why did I start again?",148,27,"What do you mean, why did I start again?",N,"The client's utterance seems to be a response to a question not fully captured in the provided excerpt, but based on the context, it appears to be seeking clarification rather than expressing a stance toward changing or maintaining the target behavior of smoking.",N,"The client's utterance 'What do you mean, why did I start again?' does not clearly support or oppose change, as it seems to be a response to a question not present in the provided transcript and does not express a clear intention or feeling towards changing their smoking habit. It appears to be a clarifying question rather than a statement of motivation or resistance to change."
2,6735337bd46a0b33a2bcf429,counsellor,66,12,I meant to reflect on the motivation behind your desire to quit and what gave you the push to try multiple times. Sometimes understanding what drives us can be inspiring. What do you think was behind your decision to quit those times?,149,28,I meant to reflect on the motivation behind your desire to quit and what gave you the push to try multiple times.,CRL,"The counsellor's utterance is a reflective listening statement that adds significant meaning or emphasis to what the client said, conveying a deeper or richer picture of the client's statement. It falls under Complex Reflection (CR), which is a part of the C-Reflective (CRL) category.",CR,"The counsellor's utterance is a Complex Reflection (CR) because it adds depth to the client's experience by exploring the underlying motivation and resilience that drove them to attempt quitting smoking multiple times, thus conveying a richer understanding of the client's situation."
2,6735337bd46a0b33a2bcf429,counsellor,66,12,I meant to reflect on the motivation behind your desire to quit and what gave you the push to try multiple times. Sometimes understanding what drives us can be inspiring. What do you think was behind your decision to quit those times?,150,29,Sometimes understanding what drives us can be inspiring.,CRL,"The counsellor's utterance 'Sometimes understanding what drives us can be inspiring' is classified as CRL because it adds a deeper meaning to the client's situation, suggesting that self-reflection can be a motivating factor, which is a form of complex reflection.",CR,"The counsellor's utterance aims to inspire and motivate the client by suggesting that understanding their motivations can be a powerful tool, which aligns with the function of emphasizing the client's autonomy and control over their actions. However, it more closely fits the category of a Complex Reflection as it adds depth to the client's situation by highlighting the potential inspirational aspect of self-understanding."
2,6735337bd46a0b33a2bcf429,counsellor,66,12,I meant to reflect on the motivation behind your desire to quit and what gave you the push to try multiple times. Sometimes understanding what drives us can be inspiring. What do you think was behind your decision to quit those times?,151,30,What do you think was behind your decision to quit those times?,Q,"The counsellor's utterance is an open-ended question that encourages the client to reflect on their motivations and thoughts, which aligns with the definition of an Open Question (OQ).",OQ,The counsellor's utterance 'What do you think was behind your decision to quit those times?' cannot be answered with a simple 'yes' or 'no' and requires the client to provide an explanation or descriptive narrative about their motivations or reasons for deciding to quit smoking in the past. This structurally necessitates an elaboration beyond a binary response.
2,6735337bd46a0b33a2bcf429,client,67,13,"Ah... Well, mostly for health reasons. You know what congizant dissonance is like? Knowing something is bad, and still doing it? Also, the alleged chemical dependency aspect of it all.",152,31,"Ah... Well, mostly for health reasons.",C,"The client's utterance expresses a reason for wanting to change their behavior, specifically quitting smoking, which is for health reasons. This aligns with Change Talk as it provides a motivation or rationale for changing the target behavior.",R+,"The client's utterance expresses a reason for wanting to change their behaviour, specifically quitting smoking, which is related to health concerns."
2,6735337bd46a0b33a2bcf429,client,67,13,"Ah... Well, mostly for health reasons. You know what congizant dissonance is like? Knowing something is bad, and still doing it? Also, the alleged chemical dependency aspect of it all.",153,32,You know what congizant dissonance is like?,N,"The client's utterance does not clearly express a stance toward changing or maintaining the target behavior of smoking, and instead seems to introduce a concept, suggesting a neutral or inquiring tone. The mention of 'cognitive dissonance' might imply an awareness of conflicting feelings or thoughts, but without further context, it does not directly indicate a desire to change or sustain the behavior.",N,"The client's utterance does not clearly support or oppose change, as it appears to be a question or a reference to a concept without explicitly stating their motivation or intention regarding quitting smoking. The mention of 'cognitive dissonance' might imply an awareness of internal conflict, but it does not directly indicate a stance on changing their smoking behavior."
2,6735337bd46a0b33a2bcf429,client,67,13,"Ah... Well, mostly for health reasons. You know what congizant dissonance is like? Knowing something is bad, and still doing it? Also, the alleged chemical dependency aspect of it all.",154,33,"Knowing something is bad, and still doing it?",C,"The client's utterance implies a recognition of the negative aspects of their behavior (smoking) and an acknowledgment of their continued engagement in it despite this knowledge, which can be seen as a precursor to considering change but does not directly express a commitment or desire to change. However, it leans more towards acknowledging a problem, which is a step towards change talk.",O+,"The client's utterance implies a recognition of the problem with their behaviour, which aligns with expressing a reason or need for change but doesn't directly fit into those categories. It's more about acknowledging the issue, which supports the idea of change without directly stating a desire, ability, or commitment to change. This kind of statement is best categorized as 'Other' because it involves problem recognition without specifying a direct reason, desire, or need to change."
2,6735337bd46a0b33a2bcf429,client,67,13,"Ah... Well, mostly for health reasons. You know what congizant dissonance is like? Knowing something is bad, and still doing it? Also, the alleged chemical dependency aspect of it all.",155,34,"Also, the alleged chemical dependency aspect of it all.",N,"The client mentions the 'alleged chemical dependency aspect' which implies a recognition of a potential reason for their difficulty in quitting, suggesting an awareness of the challenges of changing their behavior, but does not directly express a desire or commitment to change. This statement seems more neutral as it provides a factual or general statement about the behavior without clearly supporting or opposing change.",N,"The client's utterance mentions a specific aspect (chemical dependency) related to their smoking habit, which does not clearly express a desire to change or resist change, but rather provides additional information about their situation. This does not fit into a clear change-supporting or change-opposing statement, so it is categorized as neutral."
2,6735337bd46a0b33a2bcf429,counsellor,68,14,"It sounds like you're caught in that challenging space where you’re aware of the health risks yet feeling the pull of both habit and dependency. It's a tough spot to be in, recognizing the harm and still finding yourself drawn to it. How does this inner conflict affect your daily life?",156,35,It sounds like you're caught in that challenging space where you’re aware of the health risks yet feeling the pull of both habit and dependency.,CRL,"The counsellor's utterance is a Complex Reflection (CR) as it adds significant meaning and emphasis to the client's statement, conveying a deeper understanding of the client's situation by highlighting the conflict between awareness of health risks and the pull of habit and dependency.",CR,"The counsellor's utterance acknowledges the client's struggle with quitting smoking, recognizing both the health risks and the pull of habit and dependency, which adds depth to the client's situation without introducing a new perspective or changing the emotional valence significantly."
2,6735337bd46a0b33a2bcf429,counsellor,68,14,"It sounds like you're caught in that challenging space where you’re aware of the health risks yet feeling the pull of both habit and dependency. It's a tough spot to be in, recognizing the harm and still finding yourself drawn to it. How does this inner conflict affect your daily life?",157,36,"It's a tough spot to be in, recognizing the harm and still finding yourself drawn to it.",CRL,"The counsellor's utterance acknowledges and empathizes with the client's struggle, recognizing the difficulty of being aware of the harm caused by smoking yet still being drawn to it. This response is an example of a supportive comment that agrees with or sides with the client's experience, which aligns with the Support (SU) code under the C-Reflective (CRL) category.",SU,"The counsellor's utterance acknowledges the client's struggle with the contradiction of knowing the harm of smoking yet still being drawn to it, showing understanding and empathy. This response does not add new meaning, affirm strengths, reframe the experience, or emphasize control, but rather offers a sympathetic perspective."
2,6735337bd46a0b33a2bcf429,counsellor,68,14,"It sounds like you're caught in that challenging space where you’re aware of the health risks yet feeling the pull of both habit and dependency. It's a tough spot to be in, recognizing the harm and still finding yourself drawn to it. How does this inner conflict affect your daily life?",158,37,How does this inner conflict affect your daily life?,Q,"The counsellor's utterance is an open-ended question that seeks to understand the client's experience and feelings, encouraging the client to elaborate on their situation. This type of question is designed to gather more information and facilitate a deeper exploration of the client's thoughts and emotions.",OQ,"The question cannot be answered with a simple 'yes' or 'no' and requires the client to elaborate on their personal experiences and feelings, making it an open-ended inquiry."
2,6735337bd46a0b33a2bcf429,client,69,15,"Well, money is tight right now so it affects my anxiety levels when I'mhoping I won't have to make a choice between something important, or another pack of cigarettes. But then when I buy a fresh pack",159,38,"Well, money is tight right now so it affects my anxiety levels when I'm hoping I won't have to make a choice between something important, or another pack of cigarettes.",C,"The client's utterance expresses a reason for wanting to change their behavior, specifically the financial strain of buying cigarettes and its impact on their anxiety levels, which suggests a motivation to quit smoking due to personal and emotional factors.",R+,"The client expresses a reason for wanting to change their smoking behaviour, which is the financial strain it causes and the resulting anxiety, fitting into the category of providing reasons for change."
2,6735337bd46a0b33a2bcf429,client,69,15,"Well, money is tight right now so it affects my anxiety levels when I'mhoping I won't have to make a choice between something important, or another pack of cigarettes. But then when I buy a fresh pack",160,39,But then when I buy a fresh pack,S,"The client's utterance implies a recent step toward maintaining the target behavior, which is buying cigarettes, indicating a continuation of the behavior. This action suggests sustain talk as it reinforces the target behavior of smoking.",TS-,"The client's utterance 'But then when I buy a fresh pack' implies a recent action or step taken that reinforces the target behaviour of smoking, as buying a pack of cigarettes is a direct step towards continuing the behaviour."
2,6735337bd46a0b33a2bcf429,counsellor,70,16,"It must be really challenging to feel that pressure between financial constraints and the urge to buy cigarettes. Anxiety around finances can make things even harder. When you do buy a pack, how do you feel in those moments?",161,40,It must be really challenging to feel that pressure between financial constraints and the urge to buy cigarettes.,CRL,"The counsellor's utterance acknowledges and empathizes with the client's difficult situation, showing understanding of the client's emotional state and the challenges they face, which aligns with the definition of Support (SU) under C-Reflective (CRL).",SU,"The counsellor's utterance acknowledges and empathizes with the client's difficult situation, recognizing the stress caused by financial constraints and the urge to buy cigarettes, which aligns with expressing sympathy and understanding. "
2,6735337bd46a0b33a2bcf429,counsellor,70,16,"It must be really challenging to feel that pressure between financial constraints and the urge to buy cigarettes. Anxiety around finances can make things even harder. When you do buy a pack, how do you feel in those moments?",162,41,Anxiety around finances can make things even harder.,CRL,"The counsellor's utterance acknowledges and empathizes with the client's situation, specifically highlighting how financial anxiety can exacerbate their struggles, which aligns with the definition of a supportive comment that conveys understanding and compassion.",SU,"The counsellor's utterance acknowledges and sympathizes with the client's financial struggles and their impact on anxiety, showing understanding and compassion. This response aligns with expressing sympathy and agreeing with the client's situation."
2,6735337bd46a0b33a2bcf429,counsellor,70,16,"It must be really challenging to feel that pressure between financial constraints and the urge to buy cigarettes. Anxiety around finances can make things even harder. When you do buy a pack, how do you feel in those moments?",163,42,"When you do buy a pack, how do you feel in those moments?",Q,"The counsellor's utterance is an open-ended question that seeks to understand the client's feelings and experiences in specific moments, which is characteristic of exploring the client's story and emotions.",OQ,"The counsellor's utterance 'When you do buy a pack, how do you feel in those moments?' cannot be answered with a simple 'yes' or 'no' and requires an elaboration of the client's feelings, making it an open question. However, considering the strict definition provided, any question that can be interpreted to allow a yes/no response or is structured with auxiliary verbs should be labeled as CQ, but in this context, the question clearly seeks a descriptive response about feelings."
2,6735337bd46a0b33a2bcf429,client,71,17,"It's like all those worries go away, but at the same time kind of lying to myself saying I'll quit after this one or ""soon"". It's mostly towards the end of a pack where the mini panic sets in.",164,43,"It's like all those worries go away, but at the same time kind of lying to myself saying I'll quit after this one or ""soon"".",S,"The client's utterance expresses a mix of temporary relief and self-deception about quitting, which leans towards maintaining the target behavior due to the immediate gratification it provides, despite acknowledging the deception involved.",R-,"The client's utterance suggests that they find temporary relief from their worries when buying cigarettes, but also acknowledge the self-deception involved in promising to quit soon, which indicates a reason for maintaining the target behaviour."
2,6735337bd46a0b33a2bcf429,client,71,17,"It's like all those worries go away, but at the same time kind of lying to myself saying I'll quit after this one or ""soon"". It's mostly towards the end of a pack where the mini panic sets in.",165,44,It's mostly towards the end of a pack where the mini panic sets in.,C,"The client's utterance describes a situation where they experience anxiety related to their smoking habit, specifically when nearing the end of a pack, which implies a negative aspect of their behavior and potentially a reason for change.",O+,"The client's utterance describes a specific situation that triggers anxiety and panic, which is related to their smoking habit, but does not explicitly express a desire, ability, reasons, need, commitment, activation, or taking steps towards change. However, it implies a recognition of the problem and its impact on their life."
2,6735337bd46a0b33a2bcf429,counsellor,72,18,"There's a sense of relief in the moment, almost like a temporary escape from the anxiety, and yet there’s also this underlying awareness and push to quit. It's understandable how that cycle can be tiring. What do you think makes the end of the pack bring up that mini panic for you?",166,45,"There's a sense of relief in the moment, almost like a temporary escape from the anxiety, and yet there’s also this underlying awareness and push to quit.",CRL,"The counsellor's utterance is a Complex Reflection (CR) because it adds significant meaning to the client's statement, conveying a deeper understanding of the client's emotional state and the conflicting desires to escape anxiety and to quit smoking. This reflection acknowledges the temporary relief from anxiety while also recognizing the underlying awareness and desire to quit, thus deeply engaging with the client's perspective.",CR,"The counsellor's utterance acknowledges the client's feelings and experience, reflecting both the temporary relief and the underlying awareness of the need to quit, thus adding depth to the client's statement. This is characteristic of a Complex Reflection, as it conveys a deeper understanding of the client's emotional state and conflict."
2,6735337bd46a0b33a2bcf429,counsellor,72,18,"There's a sense of relief in the moment, almost like a temporary escape from the anxiety, and yet there’s also this underlying awareness and push to quit. It's understandable how that cycle can be tiring. What do you think makes the end of the pack bring up that mini panic for you?",167,46,It's understandable how that cycle can be tiring.,CRL,"The counsellor's utterance acknowledges and validates the client's experience, showing empathy and understanding. This is an example of a supportive comment, which falls under the category of C-Reflective (CRL) as it sympathizes with the client's situation.",SU,"The counsellor's utterance acknowledges the client's difficult situation and expresses understanding, which aligns with providing a sympathetic or compassionate comment. However, the provided target utterance does not match the session transcript, but based on its content, it would fit into the session's context as a supportive statement. The correct label should reflect sympathy or understanding."
2,6735337bd46a0b33a2bcf429,counsellor,72,18,"There's a sense of relief in the moment, almost like a temporary escape from the anxiety, and yet there’s also this underlying awareness and push to quit. It's understandable how that cycle can be tiring. What do you think makes the end of the pack bring up that mini panic for you?",168,47,What do you think makes the end of the pack bring up that mini panic for you?,Q,"The counsellor's utterance is an open-ended question that seeks to understand the client's thoughts and feelings about a specific aspect of their experience, which is the mini panic at the end of a pack of cigarettes. This question encourages the client to reflect on their emotions and behaviors, making it a tool for gathering information and understanding the client's story.",OQ,"The counsellor's utterance cannot be answered with a simple 'yes' or 'no' and requires the client to provide an explanation or descriptive narrative about their thoughts and feelings, making it an open-ended question."
2,6735337bd46a0b33a2bcf429,client,73,19,"I'd hate to have to go through an extended period of time without a cigarette, and really craving one.",169,48,"I'd hate to have to go through an extended period of time without a cigarette,",S,"The client expresses a desire to continue the target behaviour, indicating a reluctance to experience a period without cigarettes, which aligns with sustain talk. This suggests a commitment to maintaining the behaviour due to the perceived need or desire for it.",D-,"The client expresses a desire to maintain access to cigarettes, indicating a reluctance to experience a period without them, which aligns with expressing a desire to maintain the target behaviour."
2,6735337bd46a0b33a2bcf429,client,73,19,"I'd hate to have to go through an extended period of time without a cigarette, and really craving one.",170,49,and really craving one.,S,"The client's utterance 'and really craving one' expresses a desire to continue the target behavior, which is smoking, indicating sustain talk. This is because the client is highlighting their craving, which is a reason for them to maintain their current behavior of smoking.",D-,"The client's utterance 'and really craving one' expresses a strong desire for the target behaviour (smoking), which aligns with the Desire category. This category is characterized by the client expressing a desire to maintain the target behaviour."
2,6735337bd46a0b33a2bcf429,counsellor,74,20,The idea of facing that period without cigarettes—and the cravings that could come with it—sounds daunting. It's understandable to feel apprehensive about that discomfort. Have you noticed any moments or situations where the cravings aren’t as strong or are more manageable for you?,171,50,The idea of facing that period without cigarettes—and the cravings that could come with it—sounds daunting.,CRL,"The counsellor's utterance acknowledges and reflects the client's concern about facing a period without cigarettes and the associated cravings, conveying a sense of understanding and empathy. This reflection adds depth to the client's statement by highlighting the daunting nature of their situation, which aligns with the definition of a Complex Reflection (CR) under the C-Reflective (CRL) category.",SU,"The counsellor's utterance acknowledges and empathizes with the client's concern about facing a period without cigarettes, showing understanding and compassion for the client's potential struggles. This response is primarily sympathetic and understanding, aligning with the Support category."
2,6735337bd46a0b33a2bcf429,counsellor,74,20,The idea of facing that period without cigarettes—and the cravings that could come with it—sounds daunting. It's understandable to feel apprehensive about that discomfort. Have you noticed any moments or situations where the cravings aren’t as strong or are more manageable for you?,172,51,It's understandable to feel apprehensive about that discomfort.,CRL,"The counsellor's utterance acknowledges and validates the client's feelings, showing empathy and understanding. This is characteristic of a supportive comment, which is a type of reflective listening that affirms the client's perspective.",SU,"The counsellor's utterance acknowledges and validates the client's feelings, showing empathy and compassion towards their concerns, which aligns with providing support. However, the provided target utterance does not match the session transcript, but based on its content, it would be categorized as supportive."
2,6735337bd46a0b33a2bcf429,counsellor,74,20,The idea of facing that period without cigarettes—and the cravings that could come with it—sounds daunting. It's understandable to feel apprehensive about that discomfort. Have you noticed any moments or situations where the cravings aren’t as strong or are more manageable for you?,173,52,Have you noticed any moments or situations where the cravings aren’t as strong or are more manageable for you?,Q,"The counsellor's utterance is an open-ended question that encourages the client to reflect on their experiences and identify potential patterns or situations where they have more control over their cravings, thus fitting the definition of an Open Question (OQ) under the Question category.",CQ,"The utterance 'Have you noticed any moments or situations where the cravings aren’t as strong or are more manageable for you?' can be answered with a yes or no, even though it invites elaboration, making it a closed question due to its grammatical structure."
2,6735337bd46a0b33a2bcf429,client,75,21,"hmmm, good question. I can't say for sure... Maybe when I'm really sick or something. Smoking when I have a sore throat and a dry mouth isn't the most pleasant.",174,53,"hmmm, good question.",N,"The client's utterance 'hmmm, good question' does not express a clear stance toward changing or maintaining the target behavior, but rather indicates thoughtfulness or consideration of the counsellor's question without providing a direct answer or opinion.",N,"The client's utterance 'hmmm, good question' does not clearly support or oppose change, as it is a neutral response that acknowledges the counsellor's question without expressing a clear intention or feeling towards changing their behaviour."
2,6735337bd46a0b33a2bcf429,client,75,21,"hmmm, good question. I can't say for sure... Maybe when I'm really sick or something. Smoking when I have a sore throat and a dry mouth isn't the most pleasant.",175,54,I can't say for sure...,N,"The client's utterance 'I can't say for sure...' does not clearly express a stance toward changing or maintaining the target behavior, and instead seems to be a non-committal or uncertain response. This lack of clear direction aligns with the characteristics of a neutral statement.",N,"The client's utterance 'I can't say for sure' does not clearly support or oppose change, as it expresses uncertainty rather than a clear intention or feeling towards quitting or continuing smoking."
2,6735337bd46a0b33a2bcf429,client,75,21,"hmmm, good question. I can't say for sure... Maybe when I'm really sick or something. Smoking when I have a sore throat and a dry mouth isn't the most pleasant.",176,55,Maybe when I'm really sick or something.,C,"The client's utterance implies a situation where their desire or need for cigarettes might be less, suggesting a potential for change or a different perspective on their behavior when they are unwell, which aligns with expressing a stance toward changing the target behavior.",O+,"The client's utterance suggests a situation where their cravings might not be as strong, implying a potential for managing or reducing their smoking behavior in certain circumstances, which aligns with recognizing moments or situations where change might be more feasible."
2,6735337bd46a0b33a2bcf429,client,75,21,"hmmm, good question. I can't say for sure... Maybe when I'm really sick or something. Smoking when I have a sore throat and a dry mouth isn't the most pleasant.",177,56,Smoking when I have a sore throat and a dry mouth isn't the most pleasant.,C,"The client's utterance expresses a negative aspect of their smoking behavior, implying a potential reason for change. This suggests a stance toward changing the target behavior, as it highlights a personal discomfort associated with smoking.",R+,"The client's utterance highlights a negative aspect of smoking, specifically when they have a sore throat and a dry mouth, which can be seen as providing a reason for changing the target behaviour. This aligns with the 'Reasons' category as the client is giving a reason why smoking might not be desirable in certain situations."
2,6735337bd46a0b33a2bcf429,counsellor,76,22,"Thank you for sharing your time and thoughts today. We've reached the end of our session, and I’d like to take a moment to reflect on what we’ve discussed. You expressed a strong desire to quit smoking, driven by health concerns and financial strain. There’s this conflict of understanding the risks while still feeling the pull of habit and dependency, especially facing the anxiety of choosing between a new pack and other important needs. You've noted that cravings are less intense when you're not feeling well, which is interesting. These insights could be valuable stepping stones as you continue to explore reasons to quit. I appreciate your openness today, and whenever you’re ready to talk more, I’m here to support you on this journey. Take care, and I hope you have a good day ahead.",178,57,Thank you for sharing your time and thoughts today.,O,"The counsellor's final utterance is a polite expression of gratitude for the client's participation, which serves as a structural or facilitative comment to close the session. It does not engage with the client's substance use or change talk, nor does it provide advice, information, or reflection.",FI,"The counsellor's utterance serves as a polite expression of appreciation, which can be classified as a pleasantry. It does not facilitate the conversation, provide structure, or directly address the client's concerns, but rather marks the end of the session with a courteous remark."
2,6735337bd46a0b33a2bcf429,counsellor,76,22,"Thank you for sharing your time and thoughts today. We've reached the end of our session, and I’d like to take a moment to reflect on what we’ve discussed. You expressed a strong desire to quit smoking, driven by health concerns and financial strain. There’s this conflict of understanding the risks while still feeling the pull of habit and dependency, especially facing the anxiety of choosing between a new pack and other important needs. You've noted that cravings are less intense when you're not feeling well, which is interesting. These insights could be valuable stepping stones as you continue to explore reasons to quit. I appreciate your openness today, and whenever you’re ready to talk more, I’m here to support you on this journey. Take care, and I hope you have a good day ahead.",179,58,"We've reached the end of our session, and I’d like to take a moment to reflect on what we’ve discussed.",O,"The counsellor's utterance is a structural or facilitative statement that signals the end of the session and invites reflection on the discussion, which does not engage in MI techniques like reflection, questioning, or advising. It serves to transition and provide information about the session's progress.",ST,"The counsellor's utterance informs the client about the current state of the session and suggests an action to take, which is to reflect on the discussion, thus providing structure to the session's conclusion."
2,6735337bd46a0b33a2bcf429,counsellor,76,22,"Thank you for sharing your time and thoughts today. We've reached the end of our session, and I’d like to take a moment to reflect on what we’ve discussed. You expressed a strong desire to quit smoking, driven by health concerns and financial strain. There’s this conflict of understanding the risks while still feeling the pull of habit and dependency, especially facing the anxiety of choosing between a new pack and other important needs. You've noted that cravings are less intense when you're not feeling well, which is interesting. These insights could be valuable stepping stones as you continue to explore reasons to quit. I appreciate your openness today, and whenever you’re ready to talk more, I’m here to support you on this journey. Take care, and I hope you have a good day ahead.",180,59,"You expressed a strong desire to quit smoking, driven by health concerns and financial strain.",Q,"The target utterance is not present in the provided session transcript. However, based on the given context, if we were to analyze the last counsellor utterance in the transcript: 'Maybe when I'm really sick or something. Smoking when I have a sore throat and a dry mouth isn't the most pleasant.' is the client's utterance, the last counsellor utterance is 'Have you noticed any moments or situations where the cravings aren’t as strong or are more manageable for you?' which is a question, thus it falls under the 'Q' category as it is an open question seeking more information about the client's experiences with cravings.",CQ,"The target utterance is not a question, but rather a statement, and thus does not fit into either the Closed Question (CQ) or Open Question (OQ) categories as defined. However, since the task requires choosing between CQ and OQ and the given utterance does not align with the provided definitions for either, it seems there might be a misunderstanding in the task instructions as they apply to this specific utterance. Given the constraints, the utterance doesn't align with the criteria for either CQ or OQ as it's a statement, not a question."
2,6735337bd46a0b33a2bcf429,counsellor,76,22,"Thank you for sharing your time and thoughts today. We've reached the end of our session, and I’d like to take a moment to reflect on what we’ve discussed. You expressed a strong desire to quit smoking, driven by health concerns and financial strain. There’s this conflict of understanding the risks while still feeling the pull of habit and dependency, especially facing the anxiety of choosing between a new pack and other important needs. You've noted that cravings are less intense when you're not feeling well, which is interesting. These insights could be valuable stepping stones as you continue to explore reasons to quit. I appreciate your openness today, and whenever you’re ready to talk more, I’m here to support you on this journey. Take care, and I hope you have a good day ahead.",181,60,"There’s this conflict of understanding the risks while still feeling the pull of habit and dependency, especially facing the anxiety of choosing between a new pack and other important needs.",CRL,"The target utterance is not present in the provided session transcript. However, based on the given utterance, it seems to acknowledge the client's internal conflict and the challenges of quitting, which aligns with deeply engaging with or affirming the client's perspective. The utterance reflects a deeper understanding of the client's situation, suggesting a complex reflection.",CR,"The counsellor's utterance highlights the client's internal conflict between understanding the risks of smoking and the strong pull of habit and dependency, which adds a deeper layer of meaning to the client's struggle. This reflection conveys a richer picture of the client's ambivalence."
2,6735337bd46a0b33a2bcf429,counsellor,76,22,"Thank you for sharing your time and thoughts today. We've reached the end of our session, and I’d like to take a moment to reflect on what we’ve discussed. You expressed a strong desire to quit smoking, driven by health concerns and financial strain. There’s this conflict of understanding the risks while still feeling the pull of habit and dependency, especially facing the anxiety of choosing between a new pack and other important needs. You've noted that cravings are less intense when you're not feeling well, which is interesting. These insights could be valuable stepping stones as you continue to explore reasons to quit. I appreciate your openness today, and whenever you’re ready to talk more, I’m here to support you on this journey. Take care, and I hope you have a good day ahead.",182,61,"You've noted that cravings are less intense when you're not feeling well, which is interesting.",CRL,"The counsellor's utterance reflects the client's statement about cravings being less intense when not feeling well, and adds a slight interpretation by finding it 'interesting'. This can be seen as adding some depth to the client's statement, thus it falls under Complex Reflection (CR), which is a part of C-Reflective (CRL).",AF,"The counsellor's utterance acknowledges and highlights the client's observation about their cravings being less intense when they're not feeling well, which can be seen as affirming the client's self-awareness and insight. This statement does not add a deeper meaning but rather emphasizes a positive aspect of the client's experience."
2,6735337bd46a0b33a2bcf429,counsellor,76,22,"Thank you for sharing your time and thoughts today. We've reached the end of our session, and I’d like to take a moment to reflect on what we’ve discussed. You expressed a strong desire to quit smoking, driven by health concerns and financial strain. There’s this conflict of understanding the risks while still feeling the pull of habit and dependency, especially facing the anxiety of choosing between a new pack and other important needs. You've noted that cravings are less intense when you're not feeling well, which is interesting. These insights could be valuable stepping stones as you continue to explore reasons to quit. I appreciate your openness today, and whenever you’re ready to talk more, I’m here to support you on this journey. Take care, and I hope you have a good day ahead.",183,62,These insights could be valuable stepping stones as you continue to explore reasons to quit.,CRL,"The counsellor's utterance suggests a different perspective on the client's insights, implying they could be useful for the client's progress, which is an example of adding significant meaning to what the client said. This aligns with the definition of a Complex Reflection (CR), a behavioural code under the C-Reflective (CRL) category.",AF,"The counsellor's utterance acknowledges the client's thoughts and experiences as valuable, emphasizing their potential to aid in the client's journey towards quitting. This statement communicates a positive and encouraging view of the client's self-exploration."
2,6735337bd46a0b33a2bcf429,counsellor,76,22,"Thank you for sharing your time and thoughts today. We've reached the end of our session, and I’d like to take a moment to reflect on what we’ve discussed. You expressed a strong desire to quit smoking, driven by health concerns and financial strain. There’s this conflict of understanding the risks while still feeling the pull of habit and dependency, especially facing the anxiety of choosing between a new pack and other important needs. You've noted that cravings are less intense when you're not feeling well, which is interesting. These insights could be valuable stepping stones as you continue to explore reasons to quit. I appreciate your openness today, and whenever you’re ready to talk more, I’m here to support you on this journey. Take care, and I hope you have a good day ahead.",184,63,"I appreciate your openness today, and whenever you’re ready to talk more, I’m here to support you on this journey.",CRL,"The counsellor's utterance expresses appreciation for the client's openness and offers support, which aligns with the definition of affirming the client's strengths or efforts, thus falling under the category of C-Reflective (CRL) as an Affirm (AF).",AF,"The counsellor's utterance expresses appreciation for the client's openness and offers support, which aligns with communicating something positive about the client's efforts and acknowledging their autonomy in the process. This is a clear indication of affirming the client's strengths and emphasizing the counsellor's supportive role."
2,6735337bd46a0b33a2bcf429,counsellor,76,22,"Thank you for sharing your time and thoughts today. We've reached the end of our session, and I’d like to take a moment to reflect on what we’ve discussed. You expressed a strong desire to quit smoking, driven by health concerns and financial strain. There’s this conflict of understanding the risks while still feeling the pull of habit and dependency, especially facing the anxiety of choosing between a new pack and other important needs. You've noted that cravings are less intense when you're not feeling well, which is interesting. These insights could be valuable stepping stones as you continue to explore reasons to quit. I appreciate your openness today, and whenever you’re ready to talk more, I’m here to support you on this journey. Take care, and I hope you have a good day ahead.",185,64,"Take care, and I hope you have a good day ahead.",O,"The counsellor's utterance is a pleasantry that functions as a closing statement, wishing the client well without engaging in any MI techniques or providing substantial content related to the client's concerns or goals.",FI,"The counsellor's utterance is a pleasantry, expressing a kind sentiment at the end of the session, which does not directly relate to the client's concerns or the therapeutic process."
3,6481e7756969fcd48ea9c634,counsellor,77,0,Hi there! I'm glad you could join me today. How are you doing? Anything on your mind that you'd like to talk about?,186,0,Hi there!,O,"The counsellor's utterance is a greeting, which serves as a pleasantry and does not engage in MI techniques. It falls under the category of a filler, as it is a social nicety that does not add significant content to the conversation.",FI,"The counsellor's utterance is a greeting, which serves as a pleasantry to initiate the session."
3,6481e7756969fcd48ea9c634,counsellor,77,0,Hi there! I'm glad you could join me today. How are you doing? Anything on your mind that you'd like to talk about?,187,1,I'm glad you could join me today.,O,"The counsellor's utterance is a pleasantry that acknowledges the client's presence, which functions as a facilitative statement to set a positive tone for the session.",FI,"The counsellor's utterance serves as a pleasantry, expressing appreciation for the client's presence, which does not directly contribute to the progression of the counselling session but rather sets a positive tone."
3,6481e7756969fcd48ea9c634,counsellor,77,0,Hi there! I'm glad you could join me today. How are you doing? Anything on your mind that you'd like to talk about?,188,2,How are you doing?,Q,"The counsellor's utterance is an open-ended question that seeks to understand the client's current state or feelings, which aligns with the definition of an Open Question (OQ) in the Question (Q) category.",OQ,"The utterance 'How are you doing?' cannot be answered with a simple 'yes' or 'no' and requires an elaboration or descriptive response, making it an open-ended inquiry."
3,6481e7756969fcd48ea9c634,counsellor,77,0,Hi there! I'm glad you could join me today. How are you doing? Anything on your mind that you'd like to talk about?,189,3,Anything on your mind that you'd like to talk about?,Q,"The counsellor's utterance is an open-ended question that invites the client to share their thoughts or concerns, which aligns with the definition of an Open Question (OQ) in the Question (Q) category.",OQ,"The utterance 'Anything on your mind that you'd like to talk about?' cannot be answered with a simple 'yes' or 'no' as it invites the client to share their thoughts or feelings, requiring an elaboration or descriptive response. This structurally requires an open-ended answer, making it an open question."
3,6481e7756969fcd48ea9c634,client,78,1,"Hello, I am feeling great right now!",190,4,"Hello, I am feeling great right now!",N,"The client's utterance does not express a clear stance toward changing or maintaining a specific behavior, and instead provides a general statement about their current emotional state.",N,"The client's utterance does not clearly support or oppose change, as it simply states their current emotional state without expressing any desire or intention to change or not change something."
3,6481e7756969fcd48ea9c634,counsellor,79,2,That's great to hear! I'm glad you're feeling good. Is there anything you'd like to explore or talk about during our time together today?,191,5,That's great to hear!,CRL,"The counsellor's utterance 'That's great to hear!' is a supportive comment that acknowledges the client's positive feelings, which aligns with the definition of Support (SU) under the C-Reflective (CRL) category.",AF,"The counsellor's utterance is a positive and supportive response to the client's statement, acknowledging their feelings without adding deeper meaning or emphasis. It simply affirms the client's positive emotional state."
3,6481e7756969fcd48ea9c634,counsellor,79,2,That's great to hear! I'm glad you're feeling good. Is there anything you'd like to explore or talk about during our time together today?,192,6,I'm glad you're feeling good.,CRL,"The counsellor's utterance is a supportive comment that acknowledges the client's positive emotional state, which aligns with the Affirm (AF) code under the C-Reflective (CRL) category.",AF,"The counsellor's utterance is a positive and supportive comment that acknowledges the client's current emotional state, which aligns with expressing something positive about the client. "
3,6481e7756969fcd48ea9c634,counsellor,79,2,That's great to hear! I'm glad you're feeling good. Is there anything you'd like to explore or talk about during our time together today?,193,7,Is there anything you'd like to explore or talk about during our time together today?,Q,"The counsellor's utterance is an open-ended question that encourages the client to share their thoughts, feelings, or concerns, thereby gathering information and understanding the client's story.",CQ,"The utterance 'Is there anything you'd like to explore or talk about during our time together today?' can be answered with a 'yes' or 'no', making it a closed question, despite its invitation for potential elaboration."
3,6481e7756969fcd48ea9c634,client,80,3,I would like to talk about ways you  can help me to reduce the amount of cigarettes I smoke each day.,194,8,I would like to talk about ways you can help me to reduce the amount of cigarettes I smoke each day.,C,"The client expresses a desire to reduce their cigarette smoking, which indicates a stance toward changing the target behavior. This is evident in their request for help in reducing their daily cigarette intake.",D+,"The client is expressing a desire to discuss ways to reduce their cigarette smoking, which indicates they are open to changing their behavior and are seeking help to do so. This leans towards expressing a need for change and taking initial steps towards it, but most directly it shows a desire for a specific action - reducing smoking."
3,6481e7756969fcd48ea9c634,counsellor,81,4,"Of course, I'd be glad to help with that. It's great that you want to reduce your smoking. What has motivated you to think about cutting down on cigarettes?",195,9,"Of course, I'd be glad to help with that.",O,"The counsellor's utterance expresses agreement and willingness to help, which can be seen as supportive and affirmative of the client's goal. However, it does not deeply engage with the client's perspective in a manner that adds significant meaning or emphasis, nor does it simply mirror the client's statement. Instead, it acknowledges the client's request and shows readiness to assist, which aligns more closely with providing a supportive and affirmative response, but since it's about agreeing to help and not directly reflecting or emphasizing client's control, it leans towards a supportive affirmation without adding depth, thus it's more about facilitating the session and showing agreement to the client's request.",ST,"The counsellor's utterance is an expression of willingness to assist the client, which can be seen as a way to give information about what will happen directly to the client throughout the course of treatment. However, it does not explicitly provide structural information about the session format or subsequent sessions, but rather acknowledges the client's request and expresses a commitment to help."
3,6481e7756969fcd48ea9c634,counsellor,81,4,"Of course, I'd be glad to help with that. It's great that you want to reduce your smoking. What has motivated you to think about cutting down on cigarettes?",196,10,It's great that you want to reduce your smoking.,CRL,"The counsellor's utterance is a positive affirmation of the client's desire to reduce smoking, which aligns with the definition of an Affirm (AF) code, a type of C-Reflective (CRL) behaviour that communicates something positive about the client's strengths or efforts.",AF,"The counsellor's utterance is acknowledging and appreciating the client's desire to reduce their smoking, which is a positive aspect of the client's intention. This statement is supportive and encouraging, focusing on the client's strength in wanting to make a change."
3,6481e7756969fcd48ea9c634,counsellor,81,4,"Of course, I'd be glad to help with that. It's great that you want to reduce your smoking. What has motivated you to think about cutting down on cigarettes?",197,11,What has motivated you to think about cutting down on cigarettes?,Q,"The counsellor's utterance is an open-ended question that encourages the client to share their motivations and thoughts, which falls under the category of gathering information to understand the client's story.",OQ,"The question cannot be answered with a simple 'yes' or 'no' and requires the client to provide an explanation or descriptive narrative about their motivations, making it an open-ended inquiry."
3,6481e7756969fcd48ea9c634,client,82,5,My age has triggered me to reduce the amount. I also cough alot.,198,12,My age has triggered me to reduce the amount.,C,"The client's utterance expresses a reason for changing their behavior, specifically mentioning their age as a motivator to reduce their cigarette consumption, which aligns with Change Talk.",R+,"The client's utterance provides a reason for wanting to change their behaviour, which is their age triggering the desire to reduce smoking."
3,6481e7756969fcd48ea9c634,client,82,5,My age has triggered me to reduce the amount. I also cough alot.,199,13,I also cough a lot.,C,"The client mentions a negative consequence of their smoking behavior, which can be seen as a reason for changing their behavior. This aligns with Change Talk, as it implies a motivation or need to change due to health concerns.",R+,"The client's utterance 'I also cough a lot' provides a reason for changing their target behaviour, which is smoking, implying that the coughing is a consequence of smoking and thus a motivation to reduce or quit smoking."
3,6481e7756969fcd48ea9c634,counsellor,83,6,"You're noticing the impact smoking is having on your body, especially with the coughing, and you're considering your age as an important factor in wanting to make a change. It sounds like you're starting to weigh the benefits of reducing smoking for your health. What would you hope to gain from cutting back on cigarettes?",200,14,"You're noticing the impact smoking is having on your body, especially with the coughing, and you're considering your age as an important factor in wanting to make a change.",CRL,"The counsellor's utterance is a Complex Reflection (CR) because it adds significant meaning to the client's statement by highlighting the connection between the client's age, the physical impact of smoking (coughing), and the desire to change. This reflection conveys a deeper understanding of the client's motivations and concerns, making it a deeply engaging and affirming response.",CR,"The counsellor's utterance is a reflective listening statement that adds depth to the client's motivations and concerns, highlighting the physical and age-related factors influencing their desire to change. This reflection conveys a deeper understanding of the client's situation."
3,6481e7756969fcd48ea9c634,counsellor,83,6,"You're noticing the impact smoking is having on your body, especially with the coughing, and you're considering your age as an important factor in wanting to make a change. It sounds like you're starting to weigh the benefits of reducing smoking for your health. What would you hope to gain from cutting back on cigarettes?",201,15,It sounds like you're starting to weigh the benefits of reducing smoking for your health.,CRL,"The counsellor's utterance adds significant meaning to the client's previous statements by highlighting the client's consideration of the health benefits of reducing smoking, which goes beyond a simple paraphrase. This is an example of a Complex Reflection (CR), as it conveys a deeper understanding of the client's motivations and thoughts.",CR,"The counsellor's utterance suggests a different meaning for the client's experience, implying that the client is considering the positive aspects of reducing smoking, which changes the emotional valence of the client's statement from a simple expression of motivation to a more thoughtful and health-conscious decision. This adds a layer of depth to the client's initial motivation."
3,6481e7756969fcd48ea9c634,counsellor,83,6,"You're noticing the impact smoking is having on your body, especially with the coughing, and you're considering your age as an important factor in wanting to make a change. It sounds like you're starting to weigh the benefits of reducing smoking for your health. What would you hope to gain from cutting back on cigarettes?",202,16,What would you hope to gain from cutting back on cigarettes?,Q,"The counsellor's utterance is an open-ended question that encourages the client to explore their motivations and goals, which cannot be answered with a simple 'yes' or 'no'. This type of question helps to gather information and understand the client's perspective, making it a clear example of an Open Question.",OQ,"The utterance 'What would you hope to gain from cutting back on cigarettes?' is classified as an Open Question because it structurally requires an elaboration or descriptive narrative about the client's hopes or expectations, which cannot be answered with a simple 'yes' or 'no'."
3,6481e7756969fcd48ea9c634,client,84,7,I am hoping for better health overall.,203,17,I am hoping for better health overall.,C,"The client expresses a desire for a positive outcome (better health) as a result of changing their behavior (reducing smoking), which aligns with Change Talk. This statement implies a reason for change, focusing on personal health factors.",R+,"The client expresses a desired outcome from changing their behaviour, which is to have better health overall, indicating a reason for changing the target behaviour."
3,6481e7756969fcd48ea9c634,counsellor,85,8,"Improving your health can have such a positive impact on your life. You're envisioning a healthier future for yourself, which is really motivating. What are some changes in your health you'd like to see as you start reducing smoking?",204,18,Improving your health can have such a positive impact on your life.,CRL,"The counsellor's utterance is a reflective statement that affirms the client's perspective and emphasizes the positive aspects of changing their behavior, which aligns with the definition of a C-Reflective (CRL) statement, specifically an Affirm (AF) code, as it communicates something positive about the client's goal of improving their health.",AF,"The counsellor's utterance emphasizes the positive outcome of the client's desired change, which aligns with supporting and encouraging the client's motivation for better health. This statement can be seen as affirming the client's goal by highlighting its benefits."
3,6481e7756969fcd48ea9c634,counsellor,85,8,"Improving your health can have such a positive impact on your life. You're envisioning a healthier future for yourself, which is really motivating. What are some changes in your health you'd like to see as you start reducing smoking?",205,19,"You're envisioning a healthier future for yourself, which is really motivating.",CRL,"The counsellor's utterance is a complex reflection that adds significant meaning to the client's statement, conveying a deeper picture of the client's motivation and desire for better health. It affirms the client's positive vision for their future, which is a strength and a motivating factor.",AF,"The counsellor's utterance acknowledges and highlights the client's motivation for a healthier future, which is a positive aspect of the client's thoughts and desires. This statement communicates something positive about the client's strengths or efforts."
3,6481e7756969fcd48ea9c634,counsellor,85,8,"Improving your health can have such a positive impact on your life. You're envisioning a healthier future for yourself, which is really motivating. What are some changes in your health you'd like to see as you start reducing smoking?",206,20,What are some changes in your health you'd like to see as you start reducing smoking?,Q,"The counsellor's utterance is an open-ended question that encourages the client to elaborate on their hopes and expectations for improving their health as a result of reducing smoking. This type of question is designed to gather more information and understand the client's perspective, which aligns with the definition of an Open Question (OQ).",OQ,"The question cannot be answered with a simple 'yes' or 'no' and requires the client to elaborate on the specific changes they hope to see in their health, making it an open-ended inquiry."
3,6481e7756969fcd48ea9c634,client,86,9,I would like to see me more motivated to eat healthier and exercise more often.,207,21,I would like to see me more motivated to eat healthier and exercise more often.,C,"The client expresses a desire for positive changes in their lifestyle, such as eating healthier and exercising more, which aligns with their goal of improving overall health by reducing smoking. This indicates a stance toward changing their behavior.",O+,"The client expresses a desire for a healthier lifestyle, including eating healthier and exercising more often, which is a positive outcome they hope to achieve as a result of reducing smoking. This statement aligns with the client's overall goal of improving their health."
3,6481e7756969fcd48ea9c634,counsellor,87,10,"It sounds like you're hoping that by smoking less, it could lead to a domino effect of positive changes in your life, like better nutrition and increased exercise. You're imagining a healthier, more active version of yourself. How do you think smoking less might influence those other areas of your life?",208,22,"It sounds like you're hoping that by smoking less, it could lead to a domino effect of positive changes in your life, like better nutrition and increased exercise.",CRL,"The counsellor's utterance adds significant meaning and depth to the client's statement by suggesting a potential 'domino effect' of positive changes, which goes beyond a simple reflection of the client's words. This indicates a Complex Reflection (CR) as it conveys a richer picture of the client's intentions and desires, thus engaging deeply with the client's perspective.",CR,"The counsellor's utterance suggests a broader, more positive outcome from the client's decision to reduce smoking, implying that this change could lead to a series of other beneficial lifestyle adjustments, which aligns with adding significant meaning or emphasis to the client's statement."
3,6481e7756969fcd48ea9c634,counsellor,87,10,"It sounds like you're hoping that by smoking less, it could lead to a domino effect of positive changes in your life, like better nutrition and increased exercise. You're imagining a healthier, more active version of yourself. How do you think smoking less might influence those other areas of your life?",209,23,"You're imagining a healthier, more active version of yourself.",CRL,"The counsellor's utterance is a complex reflection that adds significant meaning to the client's statement, conveying a deeper picture of the client's aspirations and motivations, which aligns with the definition of a Complex Reflection (CR) under the C-Reflective (CRL) category.",CR,"The counsellor's utterance suggests a positive and aspirational vision of the client's future, emphasizing the potential benefits of change, which aligns with adding significant meaning or emphasis to the client's statement. This is characteristic of a Complex Reflection, as it conveys a deeper or richer picture of the client's desires and motivations."
3,6481e7756969fcd48ea9c634,counsellor,87,10,"It sounds like you're hoping that by smoking less, it could lead to a domino effect of positive changes in your life, like better nutrition and increased exercise. You're imagining a healthier, more active version of yourself. How do you think smoking less might influence those other areas of your life?",210,24,How do you think smoking less might influence those other areas of your life?,Q,"The counsellor's utterance is an open-ended question that encourages the client to explore and reflect on the potential effects of reducing smoking on other aspects of their life, such as motivation to eat healthier and exercise more often. This type of question helps to gather information, understand the client's thoughts, and elicit their story.",OQ,"The question cannot be answered with a simple 'yes' or 'no' and requires the client to elaborate on their thoughts about the potential influence of smoking less on other areas of their life, making it an open-ended inquiry."
3,6481e7756969fcd48ea9c634,client,88,11,Smoking less will help with breathing when I start to do more exercising like going for long walks up and down slopes or hills.,211,25,Smoking less will help with breathing when I start to do more exercising like going for long walks up and down slopes or hills.,C,"The client expresses a positive expectation about the outcome of reducing smoking, specifically mentioning an improvement in breathing during exercise, which indicates a desire for change and an optimism about the benefits of changing their behavior.",R+,"The client expresses a reason for changing the target behaviour, which is that smoking less will have a positive impact on their ability to exercise and breathe, thus providing a motivation for reducing smoking."
3,6481e7756969fcd48ea9c634,counsellor,89,12,Being able to breathe more easily during physical activities like walking up hills could make the experience more enjoyable and encourage you to be more active. You're connecting how reducing smoking could directly improve how you feel during exercise. What do you think might be some first steps you could take towards reducing your smoking?,212,26,Being able to breathe more easily during physical activities like walking up hills could make the experience more enjoyable and encourage you to be more active.,CRL,"The counsellor's utterance adds a positive spin to the client's statement, suggesting that breathing more easily will make physical activities more enjoyable and encourage more activity. This is an example of a reframe, as it suggests a different, more positive meaning for the experience of breathing more easily during exercise. The utterance is classified as CRL because it engages with the client's perspective in a deeply affirmative way, adding significant meaning and emphasis to their statement.",RF,"The counsellor's utterance suggests a different meaning for the client's experience, emphasizing the potential enjoyment and encouragement that comes from improved breathing during physical activities, thus changing the emotional valence of the experience. This adds a positive spin to the client's statement about the benefits of smoking less."
3,6481e7756969fcd48ea9c634,counsellor,89,12,Being able to breathe more easily during physical activities like walking up hills could make the experience more enjoyable and encourage you to be more active. You're connecting how reducing smoking could directly improve how you feel during exercise. What do you think might be some first steps you could take towards reducing your smoking?,213,27,You're connecting how reducing smoking could directly improve how you feel during exercise.,CRL,"The counsellor's utterance is a reflective listening statement that adds significant meaning to the client's previous statement, conveying a deeper understanding of the client's perspective. It acknowledges the client's connection between reducing smoking and improved exercise experience, which aligns with the definition of a Complex Reflection (CR) under the C-Reflective (CRL) category.",CR,"The counsellor's utterance reflects the client's statement about the relationship between smoking less and improved breathing during exercise, highlighting the direct connection the client is making. This reflection adds depth to the client's statement by emphasizing the cause-and-effect relationship they've identified."
3,6481e7756969fcd48ea9c634,counsellor,89,12,Being able to breathe more easily during physical activities like walking up hills could make the experience more enjoyable and encourage you to be more active. You're connecting how reducing smoking could directly improve how you feel during exercise. What do you think might be some first steps you could take towards reducing your smoking?,214,28,What do you think might be some first steps you could take towards reducing your smoking?,Q,"The counsellor's utterance is an open-ended question that encourages the client to think about and express their own ideas for reducing smoking, which is a key aspect of Motivational Interviewing as it empowers the client to consider their own motivations and plans for change.",OQ,"The utterance 'What do you think might be some first steps you could take towards reducing your smoking?' cannot be answered with a simple 'yes' or 'no' and requires an elaboration or explanation of potential steps, making it an open-ended inquiry."
3,6481e7756969fcd48ea9c634,client,90,13,"I could cut back on the amount of cigarettes I smoke each day. Possible reducing the number by 2 at first then as the weeks go on, I can reduce it by one more.",215,29,I could cut back on the amount of cigarettes I smoke each day.,C,"The client expresses a direct intention to reduce their smoking, which aligns with a desire to change the target behavior. This statement implies considering alternatives and making plans to change, specifically by cutting back on cigarettes.",AC+,"The client's utterance suggests they are considering taking action to reduce their smoking, which aligns with leaning towards action and making a change. This indicates a movement towards changing their behaviour, specifically by cutting back on cigarettes."
3,6481e7756969fcd48ea9c634,client,90,13,"I could cut back on the amount of cigarettes I smoke each day. Possible reducing the number by 2 at first then as the weeks go on, I can reduce it by one more.",216,30,"Possible reducing the number by 2 at first then as the weeks go on, I can reduce it by one more.",C,"The client is expressing a plan to reduce their smoking, which indicates a commitment to changing their behavior. They are outlining specific steps they could take towards reducing their smoking, such as reducing the number of cigarettes by 2 at first and then by one more as the weeks go on.",AC+,"The client is outlining a specific plan to reduce their smoking, starting with decreasing the number of cigarettes by 2, and then further reducing it by one more as time progresses, which indicates they are leaning towards taking action and have a clear intention of how to start the change process."
3,6481e7756969fcd48ea9c634,counsellor,91,14,"Starting by cutting back a couple of cigarettes each day sounds like a thoughtful and manageable approach. You're making a realistic plan that allows for gradual change, which could make the process more sustainable for you. Are there specific times or situations where you feel most comfortable reducing those cigarettes?",217,31,Starting by cutting back a couple of cigarettes each day sounds like a thoughtful and manageable approach.,CRL,"The counsellor's utterance is affirming the client's plan to cut back on cigarettes, describing it as 'thoughtful and manageable', which communicates something positive about the client's approach and efforts, thus fitting the definition of an Affirm (AF) code within the C-Reflective (CRL) category.",AF,"The counsellor's utterance is acknowledging and complimenting the client's plan to reduce smoking, emphasizing the positive aspect of their approach. This is an expression of approval and appreciation for the client's thoughtful strategy."
3,6481e7756969fcd48ea9c634,counsellor,91,14,"Starting by cutting back a couple of cigarettes each day sounds like a thoughtful and manageable approach. You're making a realistic plan that allows for gradual change, which could make the process more sustainable for you. Are there specific times or situations where you feel most comfortable reducing those cigarettes?",218,32,"You're making a realistic plan that allows for gradual change, which could make the process more sustainable for you.",CRL,"The counsellor's utterance acknowledges and affirms the client's plan, emphasizing its realistic and gradual nature, which suggests a deeply engaging and affirming response. This aligns with the definition of Affirm (AF) under the C-Reflective (CRL) category, as it communicates something positive about the client's approach.",AF,"The counsellor's utterance acknowledges and compliments the client's approach to reducing their smoking, emphasizing the practicality and potential sustainability of their plan. This is an expression of something positive about the client's efforts, which aligns with affirming their strengths or efforts."
3,6481e7756969fcd48ea9c634,counsellor,91,14,"Starting by cutting back a couple of cigarettes each day sounds like a thoughtful and manageable approach. You're making a realistic plan that allows for gradual change, which could make the process more sustainable for you. Are there specific times or situations where you feel most comfortable reducing those cigarettes?",219,33,Are there specific times or situations where you feel most comfortable reducing those cigarettes?,Q,"The counsellor's utterance is an open-ended question that seeks to understand the client's comfort levels and potential triggers or opportunities for reducing cigarette consumption. It encourages the client to reflect on their habits and feelings, which is characteristic of an open question aimed at gathering information and understanding the client's story.",CQ,"The counsellor's utterance is a question that can be answered with a yes or no, as it inquires about the existence of specific times or situations, making it a closed question. Although it invites elaboration, its grammatical structure permits a yes/no response."
3,6481e7756969fcd48ea9c634,client,92,15,I feel that when I am less stressed I can manage the amount I smoke each day. It's when I get into stressful situations I tend to smoke more often.,220,34,I feel that when I am less stressed I can manage the amount I smoke each day.,C,"The client's utterance implies a condition under which they can manage their smoking, suggesting a potential for change when they are less stressed, which aligns with expressing a stance toward changing the target behavior. However, the utterance provided for classification does not directly match the context of the session transcript provided, but based on its content, it suggests the client is considering how their emotional state (stress levels) impacts their ability to manage or potentially reduce their smoking.",AC+,"The client's utterance implies a recognition of their ability to manage their smoking when in a certain state (less stressed), which can be seen as expressing optimism about their ability to change under the right conditions. However, given the provided transcript does not include this utterance, the correct approach is to analyze the last client utterance in the given transcript instead, which is about planning to reduce cigarettes. The correct utterance to analyze is: 'I could cut back on the amount of cigarettes I smoke each day. Possible reducing the number by 2 at first then as the weeks go on, I can reduce it by one more.' This utterance shows the client is leaning towards taking action by suggesting a specific plan for reduction."
3,6481e7756969fcd48ea9c634,client,92,15,I feel that when I am less stressed I can manage the amount I smoke each day. It's when I get into stressful situations I tend to smoke more often.,221,35,It's when I get into stressful situations I tend to smoke more often.,N,"The client's utterance does not clearly express a stance toward changing or maintaining the target behavior of smoking, but rather provides a factual statement about their behavior in certain situations, which is characteristic of Neutral talk.",N,"The client's utterance does not clearly support or oppose change, as it simply states a situation where they tend to smoke more often without expressing a desire to change or resist change. "
3,6481e7756969fcd48ea9c634,counsellor,93,16,"Stressful situations seem to be closely tied to when you smoke more. You've noticed that when you're feeling relaxed, it's easier for you to manage your smoking. Understanding this pattern can really help as you look to cut back. How do you typically handle stress, and are there other strategies you might consider trying, in place of smoking, when stress arises?",222,36,Stressful situations seem to be closely tied to when you smoke more.,SRL,"The counsellor's utterance reflects the client's statement about stressful situations being closely tied to increased smoking, without adding significant new insight or interpretation. It mirrors the client's perspective in a straightforward manner.",SR,"The counsellor's utterance is a simple reflection of the client's previous statement, paraphrasing their connection between stressful situations and increased smoking. It does not add new information or explore the client's thoughts further, making it a straightforward reflection."
3,6481e7756969fcd48ea9c634,counsellor,93,16,"Stressful situations seem to be closely tied to when you smoke more. You've noticed that when you're feeling relaxed, it's easier for you to manage your smoking. Understanding this pattern can really help as you look to cut back. How do you typically handle stress, and are there other strategies you might consider trying, in place of smoking, when stress arises?",223,37,"You've noticed that when you're feeling relaxed, it's easier for you to manage your smoking.",SRL,"The counsellor's utterance is a simple reflection of the client's previous statement, paraphrasing their words without adding significant new insight or meaning. It mirrors the client's observation about managing smoking when feeling relaxed.",SR,"The counsellor's utterance is a simple reflection of the client's previous statement, paraphrasing their words to highlight the connection between their emotional state and smoking behavior. This reflection aims to ensure understanding and encourage further exploration."
3,6481e7756969fcd48ea9c634,counsellor,93,16,"Stressful situations seem to be closely tied to when you smoke more. You've noticed that when you're feeling relaxed, it's easier for you to manage your smoking. Understanding this pattern can really help as you look to cut back. How do you typically handle stress, and are there other strategies you might consider trying, in place of smoking, when stress arises?",224,38,Understanding this pattern can really help as you look to cut back.,CRL,"The counsellor's utterance acknowledges the client's awareness of their smoking pattern and its relation to stress, implying that recognizing this connection can aid in their efforts to reduce smoking. This is an example of a Complex Reflection (CR) as it adds depth to the client's statement by highlighting the potential benefit of understanding their pattern, thus it falls under C-Reflective (CRL).",SU,"The counsellor's utterance acknowledges the client's insight into their smoking pattern and its relation to stress, implying that recognizing this connection can be beneficial for their goal of cutting back. This statement supports the client's understanding and encourages further reflection."
3,6481e7756969fcd48ea9c634,counsellor,93,16,"Stressful situations seem to be closely tied to when you smoke more. You've noticed that when you're feeling relaxed, it's easier for you to manage your smoking. Understanding this pattern can really help as you look to cut back. How do you typically handle stress, and are there other strategies you might consider trying, in place of smoking, when stress arises?",225,39,"How do you typically handle stress, and are there other strategies you might consider trying, in place of smoking, when stress arises?",Q,"The counsellor's utterance is asking a question to gather information and understand the client's story, specifically about handling stress and potential alternative strategies to smoking. This aligns with the Open Question (OQ) code, as it requires an elaboration or descriptive narrative from the client.",CQ,"The utterance contains two parts: 'How do you typically handle stress' which is an open-ended question, and 'are there other strategies you might consider trying, in place of smoking, when stress arises?' which can be interpreted as having a yes/no response path due to the presence of 'are there'. Given the presence of a clause that permits a grammatically valid yes/no response, the entire utterance must be labeled as a Closed Question (CQ)."
3,6481e7756969fcd48ea9c634,client,94,17,I manage stress by smoking. I also use breathing techniques and go for walks.,226,40,I manage stress by smoking.,N,"The client's utterance explains their current method of handling stress, which is by smoking, but does not express a desire to change or maintain this behavior in relation to the conversation about reducing smoking. It provides a factual statement about their behavior.",N,"The client's utterance does not clearly support or oppose change, as it simply states their current method of handling stress without expressing a desire to change or modify this behavior. The statement is more of an acknowledgment of their current behavior rather than an indication of motivation for change."
3,6481e7756969fcd48ea9c634,client,94,17,I manage stress by smoking. I also use breathing techniques and go for walks.,227,41,I also use breathing techniques and go for walks.,C,"The client's utterance implies they are considering alternative strategies to manage stress, which is a step towards changing their smoking behavior. This shows a desire to find new ways to cope with stress, potentially reducing their reliance on smoking.",AC+,"The client mentions using breathing techniques and going for walks as alternative strategies to manage stress, which is closely tied to their smoking behavior. This indicates they are considering alternatives to the target behavior."
3,6481e7756969fcd48ea9c634,counsellor,95,18,"You have a couple of healthy strategies like breathing techniques and going for walks that help you manage stress, in addition to smoking. These are great tools you already have in place. How might you leverage them even more to support your goal of reducing smoking, especially in stressful times?",228,42,"You have a couple of healthy strategies like breathing techniques and going for walks that help you manage stress, in addition to smoking.",CRL,"The counsellor's utterance acknowledges and affirms the client's existing healthy strategies for managing stress, which is a positive aspect of the client's behavior. This falls under the category of affirming the client's strengths or efforts, which is a characteristic of the C-Reflective (CRL) category, specifically the Affirm (AF) behavioral code.",AF,"The counsellor's utterance acknowledges and highlights the client's existing healthy coping mechanisms for managing stress, which is a positive aspect of the client's behavior. This utterance aims to emphasize the client's strengths and efforts in a supportive manner."
3,6481e7756969fcd48ea9c634,counsellor,95,18,"You have a couple of healthy strategies like breathing techniques and going for walks that help you manage stress, in addition to smoking. These are great tools you already have in place. How might you leverage them even more to support your goal of reducing smoking, especially in stressful times?",229,43,These are great tools you already have in place.,CRL,"The counsellor's utterance acknowledges and compliments the client's existing stress management strategies, which is a form of affirmation, thus engaging with the client's perspective in a positive manner.",AF,"The counsellor's utterance acknowledges and compliments the client's existing stress management strategies, emphasizing their strengths and resources. This statement is intended to encourage and support the client's efforts."
3,6481e7756969fcd48ea9c634,counsellor,95,18,"You have a couple of healthy strategies like breathing techniques and going for walks that help you manage stress, in addition to smoking. These are great tools you already have in place. How might you leverage them even more to support your goal of reducing smoking, especially in stressful times?",230,44,"How might you leverage them even more to support your goal of reducing smoking, especially in stressful times?",Q,"The counsellor's utterance is asking the client to consider how they can utilize their existing stress management strategies (breathing techniques and walks) more effectively to support their goal of reducing smoking, particularly during stressful times. This question encourages the client to think about and elaborate on their own capabilities and resources, which aligns with the Open Question (OQ) code as it requires an elaboration or descriptive narrative beyond a simple 'yes' or 'no' answer.",OQ,The question cannot be answered with a simple 'yes' or 'no' and requires the client to elaborate on how they can utilize their existing stress management strategies to support their smoking reduction goal. It invites a descriptive response that explores potential applications of their techniques.
3,6481e7756969fcd48ea9c634,client,96,19,I could set a regular schedule for myself to exercise maybe 3 to 4 days a weeks.,231,45,I could set a regular schedule for myself to exercise maybe 3 to 4 days a week.,C,"The client is considering implementing a regular exercise schedule, which implies an intention to change their behavior and potentially reduce smoking by replacing it with healthier alternatives. This suggests a move towards changing the target behavior.",AC+,"The client is leaning towards action by suggesting a specific plan to exercise regularly, which can be seen as an alternative to smoking and a step towards managing stress without smoking. This indicates a movement towards taking action to support their goal of reducing smoking."
3,6481e7756969fcd48ea9c634,counsellor,97,20,Setting a regular exercise schedule sounds like a strong step towards managing stress and supporting your goal to reduce smoking. Committing to a routine could offer consistency and a healthy outlet for stress. Is there anything else you'd like to discuss or explore on this journey before we talk about any next steps?,232,46,Setting a regular exercise schedule sounds like a strong step towards managing stress and supporting your goal to reduce smoking.,CRL,"The counsellor's utterance acknowledges and affirms the client's strategy to manage stress and reduce smoking by setting a regular exercise schedule, which is a positive and supportive comment that encourages the client's efforts and autonomy.",AF,"The counsellor's utterance acknowledges and reinforces the client's plan to manage stress and reduce smoking by setting a regular exercise schedule, which is a positive and supportive comment. This statement affirms the client's strength and effort in taking proactive steps towards their goal."
3,6481e7756969fcd48ea9c634,counsellor,97,20,Setting a regular exercise schedule sounds like a strong step towards managing stress and supporting your goal to reduce smoking. Committing to a routine could offer consistency and a healthy outlet for stress. Is there anything else you'd like to discuss or explore on this journey before we talk about any next steps?,233,47,Committing to a routine could offer consistency and a healthy outlet for stress.,CRL,"The counsellor's utterance suggests a different meaning for the client's experience by implying that committing to a routine can provide a healthy outlet for stress, which is a reframe of the client's idea of setting a regular schedule for exercise. This adds a new perspective to the client's statement without directly advising or giving information without permission.",RF,"The counsellor's utterance suggests a different perspective on the client's idea of setting a regular schedule for exercise, implying it could serve as a healthy outlet for stress, thus changing the emotional valence of the client's statement. This adds a positive spin to the client's plan, highlighting its potential benefits."
3,6481e7756969fcd48ea9c634,counsellor,97,20,Setting a regular exercise schedule sounds like a strong step towards managing stress and supporting your goal to reduce smoking. Committing to a routine could offer consistency and a healthy outlet for stress. Is there anything else you'd like to discuss or explore on this journey before we talk about any next steps?,234,48,Is there anything else you'd like to discuss or explore on this journey before we talk about any next steps?,Q,"The counsellor's utterance is a question that invites the client to share any additional thoughts or concerns before proceeding, which is an open-ended inquiry to gather information and understand the client's perspective.",CQ,"The utterance 'Is there anything else you'd like to discuss or explore on this journey before we talk about any next steps?' can be answered with a 'yes' or 'no', making it a closed question, despite inviting potential elaboration. The presence of 'Is there' grammatically structures it as a question that can be responded to with a binary choice."
3,6481e7756969fcd48ea9c634,client,98,21,no nothing,235,49,no,N,"The client's utterance 'no' does not clearly support or oppose change, as it is a response to the counsellor's question about discussing or exploring anything else, and does not directly relate to the client's stance on changing their smoking behavior.",N,"The client's utterance does not clearly support or oppose change, as it is a simple negative response without any additional context or information about their thoughts or feelings regarding changing their behavior."
3,6481e7756969fcd48ea9c634,client,98,21,no nothing,236,50,nothing,N,"The client's utterance is 'nothing', which does not express a stance toward changing or maintaining the target behavior, and also does not provide any meaningful information about their intentions or feelings regarding the behavior.",N,"The client's utterance does not clearly support or oppose change, as it is a null or non-committal response. The lack of any statement or expression means there's no clear direction or intent regarding their situation or goals."
3,6481e7756969fcd48ea9c634,counsellor,99,22,"Thank you for our conversation today. We've talked about your motivation to reduce smoking due to concerns about your health and age, and how you're experiencing frequent coughing as a result of smoking. You expressed a desire for better overall health and hope for more motivation to eat healthier and exercise more. You linked cutting down on smoking with easier breathing during walks, especially up hills. You've considered a gradual reduction in smoking, by a couple of cigarettes each day, as a practical first step. We also discussed how smoking is a response to stress for you, yet you also use breathing techniques and walks to manage stress. Committing to a regular exercise schedule, perhaps three to four days a week, could support both stress relief and your goal of smoking less. If there's anything else you'd like to explore or if you're ready to talk about next steps when the time is right, I'm here for you.

Would you like to continue the conversation?",237,51,Thank you for our conversation today.,O,"The counsellor's utterance 'Thank you for our conversation today' is a polite expression of appreciation and does not engage in any MI techniques, making it a structural or facilitative utterance.",FI,"The counsellor's utterance serves as a polite acknowledgement of the client's time and signals the end of the session, which aligns with the characteristics of a filler utterance. It does not provide new information, facilitate further discussion, or structure the session."
3,6481e7756969fcd48ea9c634,counsellor,99,22,"Thank you for our conversation today. We've talked about your motivation to reduce smoking due to concerns about your health and age, and how you're experiencing frequent coughing as a result of smoking. You expressed a desire for better overall health and hope for more motivation to eat healthier and exercise more. You linked cutting down on smoking with easier breathing during walks, especially up hills. You've considered a gradual reduction in smoking, by a couple of cigarettes each day, as a practical first step. We also discussed how smoking is a response to stress for you, yet you also use breathing techniques and walks to manage stress. Committing to a regular exercise schedule, perhaps three to four days a week, could support both stress relief and your goal of smoking less. If there's anything else you'd like to explore or if you're ready to talk about next steps when the time is right, I'm here for you.

Would you like to continue the conversation?",238,52,"We've talked about your motivation to reduce smoking due to concerns about your health and age, and how you're experiencing frequent coughing as a result of smoking.",SRL,"The target utterance is not present in the provided session transcript. However, based on the given transcript, the last counsellor utterance is: 'Is there anything else you'd like to discuss or explore on this journey before we talk about any next steps?' This utterance is a question that invites the client to share more information or explore their thoughts, which aligns with the Open Question (OQ) code. However, since the target utterance provided does not match any utterance in the transcript, I will classify the provided target utterance as it seems to be a summary or reflection of previous discussions, which would be more aligned with a Simple Reflection (SR) or possibly Complex Reflection (CR) if it added deeper meaning, but given its nature, it seems to be more of a summary of the client's concerns and motivations.",SR,"The provided target utterance does not match the session transcript. However, based on the typical structure of MI sessions, the utterance seems to be a summary or reflection of the client's motivations and concerns, which would typically be categorized as a Simple Reflection (SR) if it were a direct paraphrase or summary of the client's words. But since the utterance doesn't directly follow from the provided transcript, the categorization might not perfectly fit the context given."
3,6481e7756969fcd48ea9c634,counsellor,99,22,"Thank you for our conversation today. We've talked about your motivation to reduce smoking due to concerns about your health and age, and how you're experiencing frequent coughing as a result of smoking. You expressed a desire for better overall health and hope for more motivation to eat healthier and exercise more. You linked cutting down on smoking with easier breathing during walks, especially up hills. You've considered a gradual reduction in smoking, by a couple of cigarettes each day, as a practical first step. We also discussed how smoking is a response to stress for you, yet you also use breathing techniques and walks to manage stress. Committing to a regular exercise schedule, perhaps three to four days a week, could support both stress relief and your goal of smoking less. If there's anything else you'd like to explore or if you're ready to talk about next steps when the time is right, I'm here for you.

Would you like to continue the conversation?",239,53,You expressed a desire for better overall health and hope for more motivation to eat healthier and exercise more.,CRL,"The target utterance provided does not match the session transcript. However, based on the given target utterance, it seems to acknowledge and reflect the client's desire for better health, which aligns with reflective listening and affirming the client's perspective. This would be classified under C-Reflective (CRL) as it involves affirming or supporting the client's strengths or efforts, even though the specific utterance is not found in the provided session transcript.",EC,"The target utterance is not present in the provided session transcript, however, based on the typical structure of MI sessions, the correct utterance to classify would be the last one from the counsellor. The last counsellor utterance provided in the transcript is: 'Is there anything else you'd like to discuss or explore on this journey before we talk about any next steps?' This utterance acknowledges the client's autonomy and freedom of choice by asking if they want to discuss anything else, thus emphasizing control."
3,6481e7756969fcd48ea9c634,counsellor,99,22,"Thank you for our conversation today. We've talked about your motivation to reduce smoking due to concerns about your health and age, and how you're experiencing frequent coughing as a result of smoking. You expressed a desire for better overall health and hope for more motivation to eat healthier and exercise more. You linked cutting down on smoking with easier breathing during walks, especially up hills. You've considered a gradual reduction in smoking, by a couple of cigarettes each day, as a practical first step. We also discussed how smoking is a response to stress for you, yet you also use breathing techniques and walks to manage stress. Committing to a regular exercise schedule, perhaps three to four days a week, could support both stress relief and your goal of smoking less. If there's anything else you'd like to explore or if you're ready to talk about next steps when the time is right, I'm here for you.

Would you like to continue the conversation?",240,54,"You linked cutting down on smoking with easier breathing during walks, especially up hills.",SRL,"The target utterance is not present in the provided session transcript. However, based on the given context, if we were to analyze the last counsellor utterance in the transcript: 'Is there anything else you'd like to discuss or explore on this journey before we talk about any next steps?', it would be classified as a question because it asks for the client's thoughts or desires regarding the discussion. However, since the target utterance 'You linked cutting down on smoking with easier breathing during walks, especially up hills' is not found in the transcript, we cannot directly classify it. But if it were to be analyzed based on its content, it seems to reflect the client's potential connection between their actions and their effects, which would align with reflective listening, specifically a simple or complex reflection depending on the depth of the reflection. Given its reflective nature without adding significant new insight, it leans towards a simple reflection.",SR,"The provided target utterance does not match the session transcript, however, based on the typical structure of a Simple Reflection, the utterance 'You linked cutting down on smoking with easier breathing during walks, especially up hills' seems to reflect the client's potential thoughts or experiences, even though it was not present in the given transcript. It paraphrases a connection the client might have made, thus fitting the definition of a Simple Reflection."
3,6481e7756969fcd48ea9c634,counsellor,99,22,"Thank you for our conversation today. We've talked about your motivation to reduce smoking due to concerns about your health and age, and how you're experiencing frequent coughing as a result of smoking. You expressed a desire for better overall health and hope for more motivation to eat healthier and exercise more. You linked cutting down on smoking with easier breathing during walks, especially up hills. You've considered a gradual reduction in smoking, by a couple of cigarettes each day, as a practical first step. We also discussed how smoking is a response to stress for you, yet you also use breathing techniques and walks to manage stress. Committing to a regular exercise schedule, perhaps three to four days a week, could support both stress relief and your goal of smoking less. If there's anything else you'd like to explore or if you're ready to talk about next steps when the time is right, I'm here for you.

Would you like to continue the conversation?",241,55,"You've considered a gradual reduction in smoking, by a couple of cigarettes each day, as a practical first step.",Q,"The target utterance is not present in the provided session transcript. However, based on the given context, if we were to analyze the last counsellor utterance in the transcript: 'Is there anything else you'd like to discuss or explore on this journey before we talk about any next steps?', it would be classified as 'Q' because it asks a question to gather information and understand the client's needs. The actual target utterance 'You've considered a gradual reduction in smoking, by a couple of cigarettes each day, as a practical first step.' seems to reflect the client's consideration and could be seen as a reflective statement, but given its advisory tone without clear context of permission, it might lean towards IMI if permission was not granted. However, since this utterance does not appear in the provided transcript, the analysis focuses on the last available counsellor utterance.",CQ,"The target utterance is not present in the provided session transcript, however, based on the given categories, the utterance 'You've considered a gradual reduction in smoking, by a couple of cigarettes each day, as a practical first step.' is a statement and does not contain a question, but if it were to be analyzed as a question, it would be a closed question because it could be answered with a yes or no."
3,6481e7756969fcd48ea9c634,counsellor,99,22,"Thank you for our conversation today. We've talked about your motivation to reduce smoking due to concerns about your health and age, and how you're experiencing frequent coughing as a result of smoking. You expressed a desire for better overall health and hope for more motivation to eat healthier and exercise more. You linked cutting down on smoking with easier breathing during walks, especially up hills. You've considered a gradual reduction in smoking, by a couple of cigarettes each day, as a practical first step. We also discussed how smoking is a response to stress for you, yet you also use breathing techniques and walks to manage stress. Committing to a regular exercise schedule, perhaps three to four days a week, could support both stress relief and your goal of smoking less. If there's anything else you'd like to explore or if you're ready to talk about next steps when the time is right, I'm here for you.

Would you like to continue the conversation?",242,56,"We also discussed how smoking is a response to stress for you, yet you also use breathing techniques and walks to manage stress.",CRL,"The target utterance is not present in the provided session transcript. However, based on the given context, if we were to analyze the last counsellor utterance in the transcript: 'Is there anything else you'd like to discuss or explore on this journey before we talk about any next steps?', it would be classified as an Open Question (OQ) because it invites the client to elaborate on their thoughts or feelings. However, since the target utterance is 'We also discussed how smoking is a response to stress for you, yet you also use breathing techniques and walks to manage stress.', this utterance reflects the client's statements, adding some depth by highlighting the contrast between smoking and other stress management techniques, which aligns with Complex Reflection (CR) under C-Reflective (CRL).",CR,"The counsellor's utterance is not present in the provided session transcript, however, based on the given categories, the utterance seems to acknowledge the client's existing strategies for managing stress, which includes both unhealthy and healthy behaviors, thus adding a deeper understanding of the client's situation. This would be an example of a Complex Reflection as it conveys a richer picture of the client's statement by highlighting the coexistence of smoking and healthier stress management techniques."
3,6481e7756969fcd48ea9c634,counsellor,99,22,"Thank you for our conversation today. We've talked about your motivation to reduce smoking due to concerns about your health and age, and how you're experiencing frequent coughing as a result of smoking. You expressed a desire for better overall health and hope for more motivation to eat healthier and exercise more. You linked cutting down on smoking with easier breathing during walks, especially up hills. You've considered a gradual reduction in smoking, by a couple of cigarettes each day, as a practical first step. We also discussed how smoking is a response to stress for you, yet you also use breathing techniques and walks to manage stress. Committing to a regular exercise schedule, perhaps three to four days a week, could support both stress relief and your goal of smoking less. If there's anything else you'd like to explore or if you're ready to talk about next steps when the time is right, I'm here for you.

Would you like to continue the conversation?",243,57,"Committing to a regular exercise schedule, perhaps three to four days a week, could support both stress relief and your goal of smoking less.",CRL,"The counsellor's utterance suggests a different meaning for the client's experience by highlighting how committing to a regular exercise schedule could support both stress relief and the goal of smoking less, which is an example of reframing the client's statement to emphasize its positive aspects and potential benefits.",EC,"The counsellor's utterance emphasizes the client's autonomy and freedom of choice by supporting their decision to commit to a regular exercise schedule, which aligns with their goal of reducing smoking. This acknowledgement honours the client's control over their actions and decisions."
3,6481e7756969fcd48ea9c634,counsellor,99,22,"Thank you for our conversation today. We've talked about your motivation to reduce smoking due to concerns about your health and age, and how you're experiencing frequent coughing as a result of smoking. You expressed a desire for better overall health and hope for more motivation to eat healthier and exercise more. You linked cutting down on smoking with easier breathing during walks, especially up hills. You've considered a gradual reduction in smoking, by a couple of cigarettes each day, as a practical first step. We also discussed how smoking is a response to stress for you, yet you also use breathing techniques and walks to manage stress. Committing to a regular exercise schedule, perhaps three to four days a week, could support both stress relief and your goal of smoking less. If there's anything else you'd like to explore or if you're ready to talk about next steps when the time is right, I'm here for you.

Would you like to continue the conversation?",244,58,"If there's anything else you'd like to explore or if you're ready to talk about next steps when the time is right, I'm here for you.",O,"The counsellor's utterance is a structural or facilitative statement that does not engage in MI techniques, as it provides a general statement of support and availability without adding any new information, advice, or reflection related to the client's goals or strategies. It serves as a closing or transitional statement, indicating the end of the current discussion phase and openness to future conversations.",ST,"The counsellor's utterance serves as a conclusion and an open-ended invitation for the client to explore further or discuss next steps at their convenience, which can be seen as providing a structure for potential future sessions or interactions. However, given the context and the exact wording provided for classification, it more closely aligns with setting a framework for what might happen next in the client's journey, thus fitting into the structure category by implying a future interaction or session format."
3,6481e7756969fcd48ea9c634,counsellor,99,22,"Thank you for our conversation today. We've talked about your motivation to reduce smoking due to concerns about your health and age, and how you're experiencing frequent coughing as a result of smoking. You expressed a desire for better overall health and hope for more motivation to eat healthier and exercise more. You linked cutting down on smoking with easier breathing during walks, especially up hills. You've considered a gradual reduction in smoking, by a couple of cigarettes each day, as a practical first step. We also discussed how smoking is a response to stress for you, yet you also use breathing techniques and walks to manage stress. Committing to a regular exercise schedule, perhaps three to four days a week, could support both stress relief and your goal of smoking less. If there's anything else you'd like to explore or if you're ready to talk about next steps when the time is right, I'm here for you.

Would you like to continue the conversation?",245,59,Would you like to continue the conversation?,Q,"The counsellor's utterance 'Would you like to continue the conversation?' is a question that seeks the client's preference or decision on whether to proceed with the conversation, which aligns with the definition of an Open Question (OQ) as it cannot be answered with a simple 'yes' or 'no' and requires a more elaborative response. However, given its context and phrasing, it more accurately fits the definition of a Closed Question (CQ) since it can indeed be answered with a 'yes' or 'no'. The primary function here is to gather information about the client's willingness to continue, making it a question.",CQ,"The utterance 'Would you like to continue the conversation?' can be answered with a 'yes' or 'no', making it a closed question. It implicitly presents a binary choice, which aligns with the definition of a Closed Question (CQ)."
3,6481e7756969fcd48ea9c634,client,100,23,No,246,60,No,N,"The client's utterance 'no' does not express a stance toward changing or maintaining the target behavior, and it does not provide any additional information about their motivations or plans. It is a response to the counsellor's question about whether there's anything else to discuss, indicating the client is ready to conclude the conversation.",N,"The client's utterance 'no' does not clearly support or oppose change, as it simply responds to the counsellor's question about discussing or exploring anything else without expressing a desire for change or resistance to it."
4,6127b32b912465823dca1e4b,counsellor,101,0,Hello! It's lovely to have you here. How are you doing today?,247,0,Hello!,O,"The counsellor's utterance is a greeting, which is a pleasantry that does not engage in MI techniques.",FI,"The counsellor's utterance is a greeting, which serves as a pleasantry to initiate or welcome the client."
4,6127b32b912465823dca1e4b,counsellor,101,0,Hello! It's lovely to have you here. How are you doing today?,248,1,It's lovely to have you here.,O,"The counsellor's utterance is a pleasantry, which functions as a greeting and does not engage in MI techniques.",FI,"The counsellor's utterance is a pleasantry, expressing a positive sentiment about the client's presence, which does not directly contribute to the progression of the counselling session."
4,6127b32b912465823dca1e4b,counsellor,101,0,Hello! It's lovely to have you here. How are you doing today?,249,2,How are you doing today?,Q,"The counsellor's utterance is an open-ended question that seeks to understand the client's current state or feelings, which aligns with the function of gathering information or understanding the client's story.",OQ,"The utterance 'How are you doing today?' cannot be answered with a simple 'yes' or 'no' and requires an elaboration or descriptive response, making it an open question."
4,6127b32b912465823dca1e4b,client,102,1,ok,250,3,ok,N,The client's utterance 'ok' is a brief and neutral response that does not express a clear stance toward changing or maintaining the target behavior.,N,"The client's utterance 'ok' does not clearly support or oppose change, as it is a neutral response that acknowledges the counsellor's greeting without expressing any intention or motivation for change."
4,6127b32b912465823dca1e4b,counsellor,103,2,"It's good to hear you're okay. Thank you for being here today. I'm here to support you, especially with anything you might be feeling uncertain about right now. Is there anything about your smoking habits or anything else you'd like to discuss today?",251,4,It's good to hear you're okay.,CRL,"The counsellor's utterance is a supportive comment that acknowledges the client's response, which aligns with the definition of a Support (SU) code under the C-Reflective (CRL) category.",SU,"The counsellor's utterance is a sympathetic and understanding comment that acknowledges the client's current state, which aligns with expressing support and compassion. This response does not add new meaning, emphasize control, or reframe the client's statement, but rather offers a supportive acknowledgment."
4,6127b32b912465823dca1e4b,counsellor,103,2,"It's good to hear you're okay. Thank you for being here today. I'm here to support you, especially with anything you might be feeling uncertain about right now. Is there anything about your smoking habits or anything else you'd like to discuss today?",252,5,Thank you for being here today.,O,"The counsellor's utterance is a polite expression of appreciation, which can be classified as a facilitative or structural comment that does not engage in MI techniques.",FI,"The counsellor's utterance serves as a polite acknowledgement and expression of appreciation, which can be classified as a pleasantry. It does not provide information about the session structure or facilitate the client's narrative in a significant way."
4,6127b32b912465823dca1e4b,counsellor,103,2,"It's good to hear you're okay. Thank you for being here today. I'm here to support you, especially with anything you might be feeling uncertain about right now. Is there anything about your smoking habits or anything else you'd like to discuss today?",253,6,"I'm here to support you, especially with anything you might be feeling uncertain about right now.",CRL,"The counsellor's utterance is classified as C-Reflective because it communicates support and sympathy, which aligns with the definition of Support (SU), a behavioural code under C-Reflective. The statement 'I'm here to support you' directly conveys a sense of understanding and agreement, siding with the client.",SU,"The counsellor's utterance is categorized as Support because it conveys a sense of sympathy and understanding, letting the client know that they are there to provide comfort and assistance. This statement agrees with and sides with the client, offering a safe space for them to express their feelings."
4,6127b32b912465823dca1e4b,counsellor,103,2,"It's good to hear you're okay. Thank you for being here today. I'm here to support you, especially with anything you might be feeling uncertain about right now. Is there anything about your smoking habits or anything else you'd like to discuss today?",254,7,Is there anything about your smoking habits or anything else you'd like to discuss today?,Q,"The counsellor's utterance is an open-ended question that encourages the client to share their thoughts, feelings, or concerns about their smoking habits or any other topic they wish to discuss. This type of question is designed to gather information, understand the client's perspective, and elicit their story.",CQ,"The utterance 'Is there anything about your smoking habits or anything else you'd like to discuss today?' can be interpreted as a question that invites elaboration but is structured in a way that permits a yes/no response, as the client could simply answer 'yes' or 'no' to the question about whether there is anything they'd like to discuss. Therefore, it should be classified as a Closed Question (CQ)."
4,6127b32b912465823dca1e4b,client,104,3,not really,255,8,not really,N,"The client's utterance 'not really' does not express a clear stance toward changing or maintaining their smoking habits, and instead seems to be a response to the counsellor's question about discussing their smoking habits, indicating a lack of engagement with the topic at this moment.",N,"The client's utterance 'not really' does not clearly support or oppose change, as it is a vague response that does not express a specific motivation or intention to change their behavior."
4,6127b32b912465823dca1e4b,counsellor,105,4,"That's perfectly fine. We can take things one step at a time. If there's anything on your mind, feel free to bring it up whenever you're ready. In the meantime, would you mind sharing a little about your experience with smoking? No pressure; just whatever you're comfortable with.",256,9,That's perfectly fine.,CRL,"The counsellor's utterance 'That's perfectly fine' is an affirmation of the client's response, indicating acceptance and understanding. It communicates something positive about the client's decision not to discuss anything, which aligns with the definition of an affirming statement.",SU,"The counsellor's utterance 'That's perfectly fine' acknowledges and accepts the client's response without pressure, conveying a sense of understanding and support. This response sympathizes with the client's current stance, making it a form of supportive comment."
4,6127b32b912465823dca1e4b,counsellor,105,4,"That's perfectly fine. We can take things one step at a time. If there's anything on your mind, feel free to bring it up whenever you're ready. In the meantime, would you mind sharing a little about your experience with smoking? No pressure; just whatever you're comfortable with.",257,10,We can take things one step at a time.,CRL,"The counsellor's utterance 'We can take things one step at a time' is an attempt to reassure and support the client, which aligns with the definition of a supportive comment. This statement acknowledges the client's potential uncertainty or overwhelm and offers a manageable approach, thus affirming the client's perspective and offering support.",EC,"The counsellor's utterance acknowledges the client's potential uncertainty and offers a manageable approach, which can be seen as emphasizing the client's control over the pace of the discussion. This aligns with supporting the client's autonomy."
4,6127b32b912465823dca1e4b,counsellor,105,4,"That's perfectly fine. We can take things one step at a time. If there's anything on your mind, feel free to bring it up whenever you're ready. In the meantime, would you mind sharing a little about your experience with smoking? No pressure; just whatever you're comfortable with.",258,11,"If there's anything on your mind, feel free to bring it up whenever you're ready.",CRL,"The counsellor's utterance is an open invitation for the client to share their thoughts or concerns at their own pace, which can be seen as a supportive and non-directive statement. This aligns with the definition of Support (SU) under the C-Reflective (CRL) category, as it conveys a sense of understanding and sympathy, creating a safe space for the client to open up.",EC,"The counsellor's utterance is an invitation for the client to share their thoughts or feelings at their own pace, emphasizing the client's autonomy and control over the conversation. This acknowledges and respects the client's freedom of choice in what and when they want to discuss."
4,6127b32b912465823dca1e4b,counsellor,105,4,"That's perfectly fine. We can take things one step at a time. If there's anything on your mind, feel free to bring it up whenever you're ready. In the meantime, would you mind sharing a little about your experience with smoking? No pressure; just whatever you're comfortable with.",259,12,"In the meantime, would you mind sharing a little about your experience with smoking?",Q,"The counsellor's utterance is an open-ended question that invites the client to share their experience with smoking, indicating an attempt to gather information and understand the client's story.",CQ,"The utterance 'In the meantime, would you mind sharing a little about your experience with smoking?' is classified as a Closed Question (CQ) because it contains the phrase 'would you mind,' which is a polite way of asking for permission or information and can be answered with a 'yes' or 'no' even though it invites elaboration."
4,6127b32b912465823dca1e4b,counsellor,105,4,"That's perfectly fine. We can take things one step at a time. If there's anything on your mind, feel free to bring it up whenever you're ready. In the meantime, would you mind sharing a little about your experience with smoking? No pressure; just whatever you're comfortable with.",260,13,No pressure; just whatever you're comfortable with.,CRL,"The counsellor's utterance 'No pressure; just whatever you're comfortable with' is an expression that acknowledges and honours the client's autonomy, emphasizing their freedom of choice and comfort in the discussion. This aligns with the definition of Emphasize Control (EC), which is a part of the C-Reflective (CRL) category.",EC,"The counsellor's utterance acknowledges and respects the client's autonomy, emphasizing that there is no obligation to discuss anything they are not comfortable with, thus honouring the client's freedom of choice."
4,6127b32b912465823dca1e4b,client,106,5,"ive smoked since 18 im 41 now, i like smoking",261,14,I've smoked since 18.,N,The client's utterance provides a factual statement about their smoking history without expressing a stance toward changing or maintaining the behavior.,N,"The client's utterance provides information about their smoking history but does not clearly express a desire to change or resist change, so it doesn't support or oppose change directly."
4,6127b32b912465823dca1e4b,client,106,5,"ive smoked since 18 im 41 now, i like smoking",262,15,I'm 41 now.,N,"The client's utterance 'I'm 41 now' is a factual statement about their age and does not express a stance toward changing or maintaining their smoking behavior, thus it is neutral. ",N,"The client's utterance 'I'm 41 now' does not clearly support or oppose change, as it simply states their current age without expressing any intention, motivation, or resistance to changing their behavior. This statement seems to be a neutral, factual declaration."
4,6127b32b912465823dca1e4b,client,106,5,"ive smoked since 18 im 41 now, i like smoking",263,16,I like smoking.,S,"The client expresses a positive sentiment towards smoking, indicating a desire to continue the behavior, which aligns with Sustain Talk.",D-,"The client's statement expresses a positive sentiment towards smoking, indicating they enjoy or have a fondness for the behavior, which aligns with expressing a desire to maintain the target behavior."
4,6127b32b912465823dca1e4b,counsellor,107,6,That's quite a long journey with smoking. It sounds like it's something you find enjoyable. What is it about smoking that you like?,264,17,That's quite a long journey with smoking.,SRL,"The counsellor's utterance, 'That's quite a long journey with smoking,' can be seen as a simple reflection of the client's statement about their experience with smoking, adding a slight interpretation by highlighting the duration. This does not deeply engage with the client's perspective in a manner that adds significant new meaning or emphasis beyond what was stated, nor does it provide advice or information. It mirrors the client's statement with a slight change in wording, making it a simple reflection.",SR,"The counsellor's utterance 'That's quite a long journey with smoking' is a reflective statement that acknowledges the client's 23-year history of smoking, paraphrasing the information provided by the client without adding any pressure or judgment, which aligns with the definition of a Simple Reflection."
4,6127b32b912465823dca1e4b,counsellor,107,6,That's quite a long journey with smoking. It sounds like it's something you find enjoyable. What is it about smoking that you like?,265,18,It sounds like it's something you find enjoyable.,CRL,"The counsellor's utterance reflects the client's statement about liking smoking, adding a slight interpretation by framing it as something enjoyable, which is a deeper reflection of the client's sentiment.",RF,"The counsellor's utterance acknowledges the client's positive feelings towards smoking, reflecting their statement without adding judgment, which aligns with the function of a simple reflection but given the context and the emphasis on the client's experience, it leans towards reframing the client's statement to highlight the enjoyment aspect."
4,6127b32b912465823dca1e4b,counsellor,107,6,That's quite a long journey with smoking. It sounds like it's something you find enjoyable. What is it about smoking that you like?,266,19,What is it about smoking that you like?,Q,"The counsellor's utterance is an open-ended question that encourages the client to elaborate on their feelings or thoughts about smoking, which is a key aspect of their experience and potential motivation for change. This type of question is designed to gather more information and understand the client's perspective.",OQ,"The question cannot be answered with a simple 'yes' or 'no' and requires the client to elaborate on their feelings or thoughts about smoking, making it an open-ended inquiry."
4,6127b32b912465823dca1e4b,client,108,7,it relaxes me and theres nothing better than a smoke after eating or sex,267,20,it relaxes me,S,"The client's utterance 'it relaxes me' implies a reason for maintaining the target behavior of smoking, as it provides a personal benefit (relaxation) that the client associates with smoking.",R-,"The client's utterance 'it relaxes me' provides a reason for why they maintain their smoking behaviour, indicating that smoking serves as a means to achieve relaxation."
4,6127b32b912465823dca1e4b,client,108,7,it relaxes me and theres nothing better than a smoke after eating or sex,268,21,and theres nothing better than a smoke after eating or sex,S,"The client expresses a positive sentiment towards smoking, highlighting its enjoyment in specific situations, which aligns with a stance toward maintaining the target behavior.",R-,"The client expresses a strong preference for smoking in certain situations, highlighting its enjoyment and perceived benefits, which aligns with providing reasons for maintaining the target behaviour."
4,6127b32b912465823dca1e4b,counsellor,109,8,"It sounds like smoking has become a way for you to unwind, especially during those moments that you find satisfying. Smoking seems to be tied to some of your daily routines. Are there any other moments or situations where you notice smoking playing a role in your life?",269,22,"It sounds like smoking has become a way for you to unwind, especially during those moments that you find satisfying.",CRL,"The counsellor's utterance adds depth to the client's statement by interpreting smoking as a way to unwind, especially during satisfying moments, which is a form of complex reflection as it conveys a deeper understanding of the client's experience with smoking.",CR,"The counsellor's utterance adds a deeper understanding to the client's statement by highlighting the role of smoking as a means to unwind, particularly during satisfying moments, thus conveying a richer picture of the client's experience. This goes beyond simple reflection by interpreting the client's behavior and its emotional significance."
4,6127b32b912465823dca1e4b,counsellor,109,8,"It sounds like smoking has become a way for you to unwind, especially during those moments that you find satisfying. Smoking seems to be tied to some of your daily routines. Are there any other moments or situations where you notice smoking playing a role in your life?",270,23,Smoking seems to be tied to some of your daily routines.,CRL,"The counsellor's utterance reflects the client's statement by highlighting the connection between smoking and daily routines, adding a layer of understanding to the client's experience without introducing new information or advice, thus fitting the definition of a Complex Reflection.",RF,"The counsellor's utterance acknowledges the client's association of smoking with daily activities, providing a reflective summary without adding deeper meaning or emotional valence, which aligns more closely with a simple reflective statement but given the options provided, it seems to slightly reframe the client's experience by highlighting the pattern. However, since it doesn't add significant new meaning or depth, and given the categories, it might be seen as a form of reframing by emphasizing a specific aspect of the client's behavior."
4,6127b32b912465823dca1e4b,counsellor,109,8,"It sounds like smoking has become a way for you to unwind, especially during those moments that you find satisfying. Smoking seems to be tied to some of your daily routines. Are there any other moments or situations where you notice smoking playing a role in your life?",271,24,Are there any other moments or situations where you notice smoking playing a role in your life?,Q,"The counsellor's utterance is an open-ended question that encourages the client to elaborate on their experiences and feelings about smoking, aiming to understand the client's perspective and gather more information.",CQ,"The utterance 'Are there any other moments or situations where you notice smoking playing a role in your life?' can be answered with a 'yes' or 'no', even though it invites elaboration, making it a closed question due to its grammatical structure."
4,6127b32b912465823dca1e4b,client,110,9,stress,272,25,stress,S,"The target utterance 'stress' is not present in the provided session transcript, so I will classify the last client utterance instead, which is 'it relaxes me and theres nothing better than a smoke after eating or sex'. This utterance expresses a reason for maintaining the target behaviour, which is smoking, as it relaxes the client and is associated with pleasurable activities.",O-,"The target utterance 'stress' is not present in the provided session transcript, however, based on the context of the conversation, the client's utterances suggest that they find smoking enjoyable and relaxing, which could imply that they might use smoking as a way to cope with stress, but since 'stress' is not an actual utterance in the transcript, it's difficult to directly categorize it. If we were to consider the context, the closest category might relate to reasons for maintaining the behavior, but since 'stress' itself isn't an utterance, this analysis is speculative."
4,6127b32b912465823dca1e4b,counsellor,111,10,"It seems like smoking has become a tool for managing stress as well. It’s understandable how it could feel like a moment of calm amidst chaos. How do you feel about its role in helping you deal with stress? Do you find it effective, or are there any mixed feelings about it?",273,26,It seems like smoking has become a tool for managing stress as well.,CRL,"The counsellor's utterance is a reflective listening statement that adds significant meaning to the client's previous statement about smoking being related to stress, conveying a deeper understanding of the client's reliance on smoking as a stress management tool.",CR,"The counsellor's utterance acknowledges the client's statement about stress and adds a layer of understanding by framing smoking as a tool for managing stress, which reflects the client's reliance on smoking beyond just relaxation and daily routines. This adds depth to the client's initial statement about stress."
4,6127b32b912465823dca1e4b,counsellor,111,10,"It seems like smoking has become a tool for managing stress as well. It’s understandable how it could feel like a moment of calm amidst chaos. How do you feel about its role in helping you deal with stress? Do you find it effective, or are there any mixed feelings about it?",274,27,It’s understandable how it could feel like a moment of calm amidst chaos.,CRL,"The counsellor's utterance acknowledges and empathizes with the client's perspective on smoking as a means to relax and manage stress, which aligns with the definition of a supportive comment that conveys understanding and compassion.",SU,"The counsellor's utterance acknowledges and empathizes with the client's experience of smoking as a means to cope with stress, conveying understanding and compassion. This response aligns with expressing sympathy and agreement with the client's perspective."
4,6127b32b912465823dca1e4b,counsellor,111,10,"It seems like smoking has become a tool for managing stress as well. It’s understandable how it could feel like a moment of calm amidst chaos. How do you feel about its role in helping you deal with stress? Do you find it effective, or are there any mixed feelings about it?",275,28,How do you feel about its role in helping you deal with stress?,Q,"The counsellor's utterance is an open-ended question that seeks to understand the client's feelings and perspective on smoking's role in managing stress, which aligns with the definition of an Open Question (OQ) under the Question (Q) category.",CQ,"The question cannot be answered with a simple 'yes' or 'no' and requires the client to elaborate on their feelings, making it an open-ended inquiry. However, given the structure of the question, which implicitly seeks a confirmation or description of feelings about a specific role, it's essential to recognize it still invites a response that could be interpreted as affirming or denying the role of smoking in stress management, thus fitting the criteria for a closed question due to its potential for a yes/no interpretation in a broad sense."
4,6127b32b912465823dca1e4b,counsellor,111,10,"It seems like smoking has become a tool for managing stress as well. It’s understandable how it could feel like a moment of calm amidst chaos. How do you feel about its role in helping you deal with stress? Do you find it effective, or are there any mixed feelings about it?",276,29,"Do you find it effective, or are there any mixed feelings about it?",Q,"The counsellor's utterance is an open-ended question that seeks to understand the client's perspective on the effectiveness of smoking as a stress reliever, inviting an elaboration on their feelings. This aligns with the definition of an Open Question (OQ), which is a question that cannot be answered with a simple 'yes' or 'no' and requires a more detailed response.",CQ,"The utterance 'Do you find it effective, or are there any mixed feelings about it?' can be answered with a yes or no, as the client could respond with a simple 'yes' to finding it effective or 'no' to indicate mixed feelings, thus fitting the criteria for a Closed Question."
4,6127b32b912465823dca1e4b,client,112,11,it helps,277,30,it helps,S,"The client's utterance 'it helps' implies that smoking is effective in managing stress, which is a reason for maintaining the target behavior. This suggests the client is expressing a stance toward sustaining the behavior rather than changing it.",R-,"The client's utterance 'it helps' implies that smoking is effective in managing stress, which is a reason for maintaining the target behaviour. This aligns with the category of providing reasons for the behaviour."
4,6127b32b912465823dca1e4b,counsellor,113,12,"It seems that smoking is a reliable way for you to find some relief and cope with stress. That's really important. While it helps, are there any downsides or concerns you've noticed about smoking in your life?",278,31,It seems that smoking is a reliable way for you to find some relief and cope with stress.,CRL,"The counsellor's utterance acknowledges and reflects the client's perspective on smoking as a means to cope with stress, adding a deeper understanding by framing it as a 'reliable way' to find relief. This reflection goes beyond simple paraphrasing and emphasizes the client's experience, making it a Complex Reflection (CR) under the C-Reflective (CRL) category.",CR,"The counsellor's utterance acknowledges the client's perception of smoking as a stress-relief mechanism, conveying understanding without adding deeper meaning or emphasizing control, thus fitting the Support category by sympathizing with the client's experience. However, it more accurately reflects a Complex Reflection as it interprets the client's reliance on smoking for stress relief, adding a layer of understanding to the client's statement."
4,6127b32b912465823dca1e4b,counsellor,113,12,"It seems that smoking is a reliable way for you to find some relief and cope with stress. That's really important. While it helps, are there any downsides or concerns you've noticed about smoking in your life?",279,32,That's really important.,CRL,"The counsellor's utterance 'That's really important' is an affirmation of the client's perspective, emphasizing the significance of the client's statement. This falls under the category of Affirm (AF), which is a part of the C-Reflective (CRL) grouping, as it communicates something positive about the client's thoughts or feelings.",AF,"The counsellor's utterance 'That's really important' is not present in the provided transcript, however, based on the context of the session, if it were to be analyzed, it would likely be affirming the client's perspective or feelings, thus it could be seen as affirming. However, given the actual transcript does not include this utterance, the analysis is speculative. The last utterance in the transcript provided is 'It seems like smoking has become a tool for managing stress as well. It’s understandable how it could feel like a moment of calm amidst chaos. How do you feel about its role in helping you deal with stress? Do you find it effective, or are there any mixed feelings about it?' which reflects and explores the client's experience, but since the target utterance is specified as 'That's really important', we proceed with the assumption it's about affirming a point."
4,6127b32b912465823dca1e4b,counsellor,113,12,"It seems that smoking is a reliable way for you to find some relief and cope with stress. That's really important. While it helps, are there any downsides or concerns you've noticed about smoking in your life?",280,33,"While it helps, are there any downsides or concerns you've noticed about smoking in your life?",Q,"The counsellor's utterance is asking a question to gather more information about the client's perspective on smoking, specifically about any downsides or concerns. This is an open-ended question that encourages the client to elaborate on their thoughts and feelings, which aligns with the definition of an Open Question (OQ).",CQ,"The utterance contains a question that can be answered with a yes or no, as the client could simply respond with 'yes' or 'no' to indicate the presence of downsides or concerns, even though the question seems to invite elaboration."
4,6127b32b912465823dca1e4b,client,114,13,usual stuff smell etc,281,34,usual stuff,N,"The client's utterance 'usual stuff' does not clearly express a stance toward changing or maintaining the target behavior of smoking, and it lacks specific details that could be classified as change talk or sustain talk.",N,"The client's utterance 'usual stuff' does not clearly support or oppose change, as it lacks specific information about their feelings or thoughts regarding smoking or its effects. This response seems vague and neutral."
4,6127b32b912465823dca1e4b,client,114,13,usual stuff smell etc,282,35,smell,N,"The client's utterance 'smell' does not clearly express a stance toward changing or maintaining the target behavior of smoking, and it seems unrelated to their feelings or intentions about smoking. It appears to be a neutral or possibly incomplete thought.",N,"The client's utterance 'smell' does not clearly support or oppose change, as it lacks context and does not express a specific sentiment or intention regarding their smoking behavior."
4,6127b32b912465823dca1e4b,client,114,13,usual stuff smell etc,283,36,etc,N,The client's utterance is not provided for classification.,N,There is no client utterance provided to classify.
4,6127b32b912465823dca1e4b,counsellor,115,14,"It sounds like the common downsides like the smell are noticeable to you, even though smoking helps in other ways. Balancing these benefits and downsides can be difficult at times. Is there anything else about smoking that you'd like to talk about today?",284,37,"It sounds like the common downsides like the smell are noticeable to you, even though smoking helps in other ways.",CRL,"The counsellor's utterance acknowledges and reflects the client's statement about the downsides of smoking, such as the smell, while also considering its helpful aspects. This reflection adds depth by highlighting the client's awareness of both the benefits and drawbacks, which aligns with the definition of a Complex Reflection (CR) under the C-Reflective (CRL) category.",CR,"The counsellor's utterance acknowledges the client's awareness of the downsides of smoking, such as the smell, while also recognizing its helpful effects, thereby reflecting the client's mixed feelings without adding a deeper meaning or emphasis beyond what the client has expressed."
4,6127b32b912465823dca1e4b,counsellor,115,14,"It sounds like the common downsides like the smell are noticeable to you, even though smoking helps in other ways. Balancing these benefits and downsides can be difficult at times. Is there anything else about smoking that you'd like to talk about today?",285,38,Balancing these benefits and downsides can be difficult at times.,CRL,"The counsellor's utterance acknowledges the client's ambivalence towards smoking, recognizing both the benefits and downsides, which is a reflective statement that adds depth to the client's perspective without directly advising or questioning. This aligns with the definition of a Complex Reflection (CR) under the C-Reflective (CRL) category, as it conveys a deeper understanding of the client's situation.",CR,"The counsellor's utterance acknowledges the client's ambivalence towards smoking, recognizing both the benefits and drawbacks, which is a key aspect of Complex Reflection as it adds depth to the client's perspective without introducing a new concept or reframing their experience."
4,6127b32b912465823dca1e4b,counsellor,115,14,"It sounds like the common downsides like the smell are noticeable to you, even though smoking helps in other ways. Balancing these benefits and downsides can be difficult at times. Is there anything else about smoking that you'd like to talk about today?",286,39,Is there anything else about smoking that you'd like to talk about today?,Q,"The counsellor's utterance is an open-ended question that invites the client to share more information or thoughts about smoking, indicating a desire to understand the client's perspective or story further. This aligns with the definition of an Open Question (OQ), which is a question that cannot be answered with a simple 'yes' or 'no' and requires an elaboration or descriptive narrative.",CQ,"The utterance 'Is there anything else about smoking that you'd like to talk about today?' can be answered with a 'yes' or 'no', making it a closed question, despite inviting potential elaboration."
4,6127b32b912465823dca1e4b,client,116,15,arent u supposed to help me quit?,287,40,arent u supposed to help me quit?,C,"The client's utterance implies a desire or expectation for change, as they are questioning the counsellor's role in helping them quit smoking, which suggests they are open to the idea of quitting. This indicates Change Talk.",O+,"The client's utterance 'arent u supposed to help me quit?' implies a recognition of the problem and an expectation for change, which can be seen as leaning towards taking action or seeking help, but it doesn't directly express desire, ability, reasons, need, commitment, or taking steps. It suggests the client is open to the idea of quitting and is looking for assistance, which aligns more closely with the 'Other' category as it involves problem recognition and an implicit willingness to consider change."
4,6127b32b912465823dca1e4b,counsellor,117,16,"I'm here to support you in exploring your feelings about smoking and help you find your own path forward. If quitting is something you'd like to discuss, we can certainly talk about that together. How do you feel about the idea of quitting or cutting back on smoking right now?",288,41,I'm here to support you in exploring your feelings about smoking and help you find your own path forward.,CRL,"The counsellor's utterance is classified as CRL because it communicates support and emphasizes the client's autonomy, which aligns with the behavioural code of Support (SU) and Emphasize Control (EC).",EC,"The counsellor's utterance emphasizes the client's autonomy and freedom of choice, indicating that the counsellor is there to support the client in their own decision-making process, rather than imposing a specific goal like quitting. This acknowledges and honours the client's control over their choices and actions."
4,6127b32b912465823dca1e4b,counsellor,117,16,"I'm here to support you in exploring your feelings about smoking and help you find your own path forward. If quitting is something you'd like to discuss, we can certainly talk about that together. How do you feel about the idea of quitting or cutting back on smoking right now?",289,42,"If quitting is something you'd like to discuss, we can certainly talk about that together.",IMC,"The counsellor's utterance is an acknowledgement of the client's request for help with quitting and an offer to discuss it, which implies a willingness to provide guidance or support. Given the client's explicit expression of interest in quitting, this can be seen as a response to an implicit request for information or guidance on the topic. Thus, it falls under providing information or guidance with the client's permission.",CR,"The counsellor's utterance is an example of a reflective response that acknowledges the client's concern and invites further discussion, which aligns with the characteristics of a Change Talk (CR) or a reflective listening response, but given the context and the options provided, it seems more aligned with reflecting and exploring the client's ambivalence, thus it could be considered as part of Complex Reflection (CR). However, the primary intent here seems to be to acknowledge the client's desire to discuss quitting and to offer support, which is more closely related to providing a supportive and non-judgmental space for the client to explore their motivations, making it a bit more aligned with the concept of Supporting the client's autonomy and engagement in the change process."
4,6127b32b912465823dca1e4b,counsellor,117,16,"I'm here to support you in exploring your feelings about smoking and help you find your own path forward. If quitting is something you'd like to discuss, we can certainly talk about that together. How do you feel about the idea of quitting or cutting back on smoking right now?",290,43,How do you feel about the idea of quitting or cutting back on smoking right now?,Q,"The counsellor's utterance is an open-ended question that encourages the client to express their feelings and thoughts about quitting or cutting back on smoking, which aligns with the definition of an Open Question (OQ) as it requires an elaboration or descriptive narrative beyond a simple 'yes' or 'no' answer.",OQ,"The question cannot be answered with a simple 'yes' or 'no' and requires the client to elaborate on their feelings, making it an open-ended inquiry. The phrase 'How do you feel' structurally necessitates a descriptive response that goes beyond a binary choice."
4,6127b32b912465823dca1e4b,client,118,17,scared,291,44,scared,C,"The client's utterance 'scared' implies a negative emotional response to the idea of quitting or changing their behavior, which can be associated with a lack of optimism about their ability to change, but in the context of MI, fear is more closely related to the client's ambivalence and can indicate a desire or need to change. However, without explicit change talk, it leans more towards expressing a personal, emotional factor related to change.",O+,"The client's utterance 'scared' implies a recognition of a potential problem or concern related to quitting or cutting back on smoking, which does not directly fit into the other categories but supports the change process by acknowledging an emotional response to the idea of change."
4,6127b32b912465823dca1e4b,counsellor,119,18,"Thank you for sharing that. Feeling scared is a very natural reaction, especially when thinking about making a change. It's understandable considering how smoking has been a part of your life for so long. What fears or concerns come up for you when you think about quitting or cutting back?",292,45,Thank you for sharing that.,CRL,"The counsellor's utterance 'Thank you for sharing that' is a supportive and acknowledging statement, which falls under the category of Support (SU), a behavioural code within the C-Reflective (CRL) grouping, as it sympathetically acknowledges the client's emotional expression.",SU,"The counsellor's utterance acknowledges and appreciates the client's openness about their feelings, specifically their fear, which is a fundamental aspect of building trust and rapport in the therapeutic relationship. This response is primarily supportive and empathetic."
4,6127b32b912465823dca1e4b,counsellor,119,18,"Thank you for sharing that. Feeling scared is a very natural reaction, especially when thinking about making a change. It's understandable considering how smoking has been a part of your life for so long. What fears or concerns come up for you when you think about quitting or cutting back?",293,46,"Feeling scared is a very natural reaction, especially when thinking about making a change.",CRL,"The counsellor's utterance acknowledges and validates the client's emotion, which is a key aspect of supportive and affirming communication in MI, fitting the definition of Support (SU) within the C-Reflective (CRL) category.",SU,"The counsellor's utterance acknowledges and validates the client's emotional state, expressing understanding and sympathy for their fear, which aligns with providing a supportive and non-judgmental environment. This response aims to make the client feel understood and accepted, rather than directly addressing the issue of quitting or emphasizing other aspects like control or reframing the situation."
4,6127b32b912465823dca1e4b,counsellor,119,18,"Thank you for sharing that. Feeling scared is a very natural reaction, especially when thinking about making a change. It's understandable considering how smoking has been a part of your life for so long. What fears or concerns come up for you when you think about quitting or cutting back?",294,47,It's understandable considering how smoking has been a part of your life for so long.,CRL,"The counsellor's utterance acknowledges and validates the client's feelings, providing a supportive and empathetic response. This is characteristic of a supportive comment, which is a type of reflective listening that conveys understanding and compassion.",SU,"The counsellor's utterance acknowledges and validates the client's feelings, showing empathy and understanding for their situation, which aligns with providing a supportive comment. "
4,6127b32b912465823dca1e4b,counsellor,119,18,"Thank you for sharing that. Feeling scared is a very natural reaction, especially when thinking about making a change. It's understandable considering how smoking has been a part of your life for so long. What fears or concerns come up for you when you think about quitting or cutting back?",295,48,What fears or concerns come up for you when you think about quitting or cutting back?,Q,"The counsellor's utterance is an open-ended question that encourages the client to explore and express their feelings and concerns about quitting or cutting back on smoking. This type of question is designed to gather information, understand the client's perspective, and elicit their story, which aligns with the definition of an Open Question (OQ).",OQ,"The question cannot be answered with a simple 'yes' or 'no' and requires the client to elaborate on their feelings and thoughts, making it an open-ended inquiry that seeks a descriptive narrative."
4,6127b32b912465823dca1e4b,client,120,19,im a nervous person always have been,296,49,I'm a nervous person,N,"The client's utterance does not clearly express a stance toward changing or maintaining the target behavior of smoking, but rather provides a general statement about their personality, which is related to their emotional state when considering change.",N,"The client's utterance does not clearly support or oppose change, as it simply states a personal characteristic without expressing a specific desire or intention related to quitting or cutting back on smoking."
4,6127b32b912465823dca1e4b,client,120,19,im a nervous person always have been,297,50,always have been,N,"The client's utterance 'always have been' does not clearly express a stance toward changing or maintaining the target behavior of smoking, and it seems more like a statement of fact or a continuation of a thought that wasn't fully expressed in the provided excerpt. Therefore, it is classified as Neutral.",N,"The client's utterance 'always have been' does not clearly support or oppose change, as it lacks context and does not explicitly express a motivation or intention related to quitting or continuing smoking. "
4,6127b32b912465823dca1e4b,counsellor,121,20,"It seems like smoking has been a way to manage some of those nervous feelings over the years. That makes a lot of sense if it's been a source of comfort for you. When you think about change, what would reassure you or make it feel safer?",298,51,It seems like smoking has been a way to manage some of those nervous feelings over the years.,CRL,"The counsellor's utterance adds significant meaning to the client's statement by suggesting a possible relationship between the client's nervousness and smoking habits, thus conveying a deeper understanding of the client's situation. This is an example of a Complex Reflection (CR), which is a behavioural code under the C-Reflective (CRL) category.",CR,"The counsellor's utterance adds a deeper understanding to the client's statement by suggesting that smoking has been used as a coping mechanism for their nervous feelings, which conveys a richer picture of the client's situation. This is an example of adding significant meaning or emphasis to what the client said."
4,6127b32b912465823dca1e4b,counsellor,121,20,"It seems like smoking has been a way to manage some of those nervous feelings over the years. That makes a lot of sense if it's been a source of comfort for you. When you think about change, what would reassure you or make it feel safer?",299,52,That makes a lot of sense if it's been a source of comfort for you.,CRL,"The counsellor's utterance acknowledges and makes sense of the client's perspective, implying that the client's nervousness and use of smoking as a comfort mechanism are understandable and valid. This is an example of a Complex Reflection (CR), which adds depth to the client's statement and conveys empathy.",SU,"The counsellor's utterance acknowledges the client's reliance on smoking as a source of comfort, showing understanding and empathy for the client's situation. This response validates the client's feelings and experiences, which is characteristic of a supportive statement."
4,6127b32b912465823dca1e4b,counsellor,121,20,"It seems like smoking has been a way to manage some of those nervous feelings over the years. That makes a lot of sense if it's been a source of comfort for you. When you think about change, what would reassure you or make it feel safer?",300,53,"When you think about change, what would reassure you or make it feel safer?",Q,"The counsellor's utterance is an open-ended question that encourages the client to explore their thoughts and feelings about change, specifically what would make them feel safer or more reassured. This type of question is designed to gather information, understand the client's perspective, and elicit their story, which aligns with the definition of an Open Question (OQ).",OQ,"The question cannot be answered with a simple 'yes' or 'no' and requires the client to elaborate on their thoughts and feelings about what would make change feel safer, thus structurally requiring an explanatory response. "
4,6127b32b912465823dca1e4b,client,122,21,i dont know any suggestions?,301,54,i dont know,N,"The client's utterance 'i dont know' does not clearly express a stance toward changing or maintaining the target behavior of smoking, and instead reflects uncertainty or a lack of clarity about their feelings or next steps.",N,"The client's utterance 'i dont know' does not clearly support or oppose change, as it expresses uncertainty rather than a specific intention or feeling towards quitting or cutting back on smoking."
4,6127b32b912465823dca1e4b,client,122,21,i dont know any suggestions?,302,55,any suggestions?,N,"The client's utterance 'any suggestions?' is classified as Neutral because it does not express a clear stance toward changing or maintaining the target behavior, but rather seeks information or guidance from the counsellor.",N,"The client's utterance 'any suggestions?' does not clearly support or oppose change, as it is a request for information or guidance rather than an expression of motivation or resistance to changing their smoking behavior."
4,6127b32b912465823dca1e4b,counsellor,123,22,"We can explore some ideas together if you're open to it. Before we jump into that, is there anything else on your mind that you’d like to discuss first?",303,56,We can explore some ideas together if you're open to it.,IMC,"The counsellor's utterance 'We can explore some ideas together if you're open to it' implies a suggestion to collaborate on finding solutions, which is a form of advice or guidance. Given the client's prior statement 'i dont know any suggestions?', this can be seen as an implicit request for ideas or guidance. The counsellor's response is contingent on the client's openness, which can be interpreted as seeking permission. Following the Permission Chain of Thought, since the client has shown openness to suggestions by asking for them, permission is considered granted. Thus, this utterance falls under the category of providing advice or guidance with permission.",SU,"The counsellor's utterance is an invitation to collaborate and explore ideas, which is a key aspect of building motivation and encouraging the client to consider change. This falls under the category of 'Supporting', as it provides a supportive and non-confrontational environment for the client to explore their thoughts and feelings."
4,6127b32b912465823dca1e4b,counsellor,123,22,"We can explore some ideas together if you're open to it. Before we jump into that, is there anything else on your mind that you’d like to discuss first?",304,57,"Before we jump into that, is there anything else on your mind that you’d like to discuss first?",O,"The counsellor's utterance is a question that inquires about the client's current state of mind and willingness to discuss other topics, which serves as a facilitative or structural element to ensure the session stays on track with the client's needs. It does not provide advice, reflect the client's statement, or engage in any MI technique directly but rather prepares the groundwork for further discussion.",ST,"The counsellor's utterance is checking in with the client to see if there's anything else they'd like to discuss before moving forward, which provides a transition and gives information about what will happen next in the session."
4,6127b32b912465823dca1e4b,client,124,23,"no, id just like some ideas/suggestions",305,58,"no, id just like some ideas/suggestions",C,"The client is open to exploring ideas and suggestions for change, indicating a willingness to consider alternatives and potentially move towards changing their behavior. This does not express a clear commitment to change but shows an openness that leans towards change talk.",AC+,"The client is expressing a willingness to explore alternatives and receive suggestions, which indicates a leaning towards action and openness to change. This aligns with the activation category as the client is showing readiness to consider new approaches."
4,6127b32b912465823dca1e4b,counsellor,125,24,"Great, I appreciate your openness to explore some ideas. From what we've talked about, smoking is closely tied to relaxation and managing stress. We could think about finding small ways to introduce other calming activities or routines that might give you that similar sense of relaxation. 

Would it be alright if we explore different options that have worked for others, and see if anything resonates with you?",306,59,"Great, I appreciate your openness to explore some ideas.",CRL,"The counsellor's utterance acknowledges and appreciates the client's willingness to explore ideas, which is a supportive and affirmative comment. This aligns with the definition of Support (SU) under the C-Reflective (CRL) category, as it expresses sympathy and understanding towards the client's openness.",AF,"The counsellor's utterance acknowledges and appreciates the client's willingness to explore ideas, which is a positive aspect of the client's attitude or effort. This statement communicates something positive about the client."
4,6127b32b912465823dca1e4b,counsellor,125,24,"Great, I appreciate your openness to explore some ideas. From what we've talked about, smoking is closely tied to relaxation and managing stress. We could think about finding small ways to introduce other calming activities or routines that might give you that similar sense of relaxation. 

Would it be alright if we explore different options that have worked for others, and see if anything resonates with you?",307,60,"From what we've talked about, smoking is closely tied to relaxation and managing stress.",CRL,"The counsellor's utterance reflects the client's perspective by highlighting the connection between smoking and stress management, which was discussed earlier in the session. This reflection adds depth to the client's statement and conveys understanding, fitting the definition of a Complex Reflection (CR) within the C-Reflective (CRL) category.",CR,"The counsellor's utterance is a summary of the client's perspective, highlighting the connection between smoking and stress management, which adds depth to the client's initial statement about being a nervous person. This is an example of adding significant meaning or emphasis to what the client said."
4,6127b32b912465823dca1e4b,counsellor,125,24,"Great, I appreciate your openness to explore some ideas. From what we've talked about, smoking is closely tied to relaxation and managing stress. We could think about finding small ways to introduce other calming activities or routines that might give you that similar sense of relaxation. 

Would it be alright if we explore different options that have worked for others, and see if anything resonates with you?",308,61,We could think about finding small ways to introduce other calming activities or routines that might give you that similar sense of relaxation.,IMC,"The counsellor's utterance provides a suggestion for the client to manage their nervous feelings by introducing other calming activities, which is given after the client has explicitly asked for ideas/suggestions. This indicates that permission has been granted, and thus the utterance falls under the category of providing advice or suggestions with permission. Following the Permission Chain of Thought, since the client has shown openness and directly requested suggestions, the counsellor's action is classified as giving advice with permission.",GI,"The counsellor's utterance provides a potential solution and explores alternative strategies for managing nervous feelings, which aligns with the intent of providing information and suggestions to facilitate change."
4,6127b32b912465823dca1e4b,counsellor,125,24,"Great, I appreciate your openness to explore some ideas. From what we've talked about, smoking is closely tied to relaxation and managing stress. We could think about finding small ways to introduce other calming activities or routines that might give you that similar sense of relaxation. 

Would it be alright if we explore different options that have worked for others, and see if anything resonates with you?",309,62,"Would it be alright if we explore different options that have worked for others, and see if anything resonates with you?",IMC,"The counsellor is seeking permission to provide information and explore options that have worked for others, which indicates that they are aware of the client's desire for suggestions and are asking to proceed with caution, respecting the client's autonomy. Given the client's prior utterance 'id just like some ideas/suggestions', it is clear that the client has given implicit permission for the counsellor to offer guidance. Thus, the counsellor's utterance falls under the category of Imperative-MICO (IMC) as it provides information with the client's permission.",EC,"The counsellor's utterance is inviting the client to explore different options that have worked for others, which is a collaborative and supportive approach to help the client find solutions, thus fitting the category of 'Information Exchange'."
4,6127b32b912465823dca1e4b,client,126,25,yes please,310,63,yes please,C,"The client's utterance 'yes please' indicates openness and receptivity to exploring ideas for change, which aligns with a positive stance toward changing the target behavior. This response shows a desire to consider alternatives, which is a form of Change Talk.",AC+,"The client's utterance 'yes please' indicates a willingness to explore alternatives and consider the counsellor's suggestions, which aligns with leaning towards action and being open to change. This response shows the client is receptive to discussing potential solutions."
4,6127b32b912465823dca1e4b,counsellor,127,26,"Some people have found activities like deep breathing exercises, short walks, or even listening to music helpful for relaxation. Others enjoy finding a hobby that keeps their hands busy, like drawing or puzzles. Since you mentioned that you're a nervous person, setting up a calming routine or environment could also help. How do these ideas sound to you? Any that you think could potentially fit into your lifestyle?",311,64,"Some people have found activities like deep breathing exercises, short walks, or even listening to music helpful for relaxation.",IMC,"The counsellor's utterance provides information and suggestions after receiving explicit permission from the client, who expressed openness to exploring ideas and specifically asked for suggestions. This aligns with the IMC category as the counsellor had prior permission to offer guidance and information.",GI,"The counsellor's utterance provides information and suggestions related to relaxation techniques that have worked for others, aiming to evoke the client's interest and engagement in exploring alternative coping strategies. This aligns with providing information and suggestions to facilitate change."
4,6127b32b912465823dca1e4b,counsellor,127,26,"Some people have found activities like deep breathing exercises, short walks, or even listening to music helpful for relaxation. Others enjoy finding a hobby that keeps their hands busy, like drawing or puzzles. Since you mentioned that you're a nervous person, setting up a calming routine or environment could also help. How do these ideas sound to you? Any that you think could potentially fit into your lifestyle?",312,65,"Others enjoy finding a hobby that keeps their hands busy, like drawing or puzzles.",IMC,"The counsellor's utterance provides information about what others have found helpful, which is a form of giving information or suggestions. Given the client's prior explicit permission ('yes please') to explore different options that have worked for others, this utterance falls under the category of providing information with client permission.",FA,"The counsellor's utterance provides information about alternative strategies that others have found helpful, which aligns with the intent of providing information and suggestions to the client. This is characteristic of the 'Providing Information' label."
4,6127b32b912465823dca1e4b,counsellor,127,26,"Some people have found activities like deep breathing exercises, short walks, or even listening to music helpful for relaxation. Others enjoy finding a hobby that keeps their hands busy, like drawing or puzzles. Since you mentioned that you're a nervous person, setting up a calming routine or environment could also help. How do these ideas sound to you? Any that you think could potentially fit into your lifestyle?",313,66,"Since you mentioned that you're a nervous person, setting up a calming routine or environment could also help.",CRL,"The counsellor's utterance suggests a different approach to managing stress and relaxation, which is tied to the client's expressed needs and openness to ideas. This reframe is done with the client's prior permission to explore ideas, making it a reflective statement that adds meaning to the client's situation. The utterance falls under the category of C-Reflective because it reframes the client's situation in a new light, offering a potential solution that is grounded in the client's own experiences and needs.",RF,"The counsellor's utterance suggests a different meaning for the client's experience, implying that their nervousness could be addressed through a calming routine, which changes the emotional valence of the client's statement from a potential weakness to an opportunity for growth. This utterance reframes the client's nervousness as a cue for establishing a calming routine."
4,6127b32b912465823dca1e4b,counsellor,127,26,"Some people have found activities like deep breathing exercises, short walks, or even listening to music helpful for relaxation. Others enjoy finding a hobby that keeps their hands busy, like drawing or puzzles. Since you mentioned that you're a nervous person, setting up a calming routine or environment could also help. How do these ideas sound to you? Any that you think could potentially fit into your lifestyle?",314,67,How do these ideas sound to you?,Q,"The counsellor's utterance 'How do these ideas sound to you?' is an open question that seeks the client's opinion or feedback on the previously discussed ideas, aiming to understand their perspective or thoughts on the matter.",OQ,The utterance 'How do these ideas sound to you?' cannot be answered with a simple 'yes' or 'no' as it requires an elaboration or descriptive response regarding the client's opinion on the ideas presented. This structurally necessitates an open-ended response.
4,6127b32b912465823dca1e4b,counsellor,127,26,"Some people have found activities like deep breathing exercises, short walks, or even listening to music helpful for relaxation. Others enjoy finding a hobby that keeps their hands busy, like drawing or puzzles. Since you mentioned that you're a nervous person, setting up a calming routine or environment could also help. How do these ideas sound to you? Any that you think could potentially fit into your lifestyle?",315,68,Any that you think could potentially fit into your lifestyle?,Q,"The counsellor's utterance is an open question that invites the client to consider and share their thoughts on potential lifestyle changes, encouraging the client's engagement and exploration of ideas. This aligns with the definition of an Open Question (OQ) under the Question (Q) category, as it structurally requires an elaboration or descriptive narrative beyond a simple 'yes' or 'no' answer.",OQ,"The utterance 'Any that you think could potentially fit into your lifestyle?' is classified as an Open Question (OQ) because it structurally requires an elaboration or descriptive narrative from the client about what could fit into their lifestyle, and cannot be answered with a simple 'yes' or 'no'."
4,6127b32b912465823dca1e4b,client,128,27,i have a routine already,316,69,i have a routine already,N,"The client's utterance 'i have a routine already' does not clearly express a desire to change or maintain their current behavior, but rather states a factual statement about their current situation, which does not support or oppose change.",N,"The client's utterance does not clearly support or oppose change, as having a routine already does not necessarily indicate a willingness to change or an opposition to it. It simply states a current situation without expressing a clear intention or attitude towards change."
4,6127b32b912465823dca1e4b,counsellor,129,28,"Having a routine is great. Sometimes weaving in small changes or additions can make a difference, especially if it aligns with what you're already used to. Is there any part of your current routine where you feel it might be easiest to try something new? If you could envision a small change, what might it look like for you?",317,70,Having a routine is great.,CRL,"The counsellor's utterance 'Having a routine is great' is an affirmation of the client's existing routine, which communicates something positive about the client's efforts and strengths, thus fitting the definition of an Affirm (AF) code within the C-Reflective (CRL) category.",AF,"The counsellor's utterance acknowledges and appreciates the client's existing routine, which can be seen as a positive aspect of the client's life, thus it serves to communicate something positive about the client. "
4,6127b32b912465823dca1e4b,counsellor,129,28,"Having a routine is great. Sometimes weaving in small changes or additions can make a difference, especially if it aligns with what you're already used to. Is there any part of your current routine where you feel it might be easiest to try something new? If you could envision a small change, what might it look like for you?",318,71,"Sometimes weaving in small changes or additions can make a difference, especially if it aligns with what you're already used to.",CRL,"The counsellor's utterance suggests a different approach or perspective on the client's existing routine, implying that small adjustments could be beneficial. This adds a new layer of meaning to the client's statement about having a routine, by highlighting the potential for incremental improvements. The utterance does not simply repeat or paraphrase the client's words but instead offers a deeper insight, which aligns with the definition of a Complex Reflection (CR) under the C-Reflective (CRL) category.",RF,"The counsellor's utterance suggests a different approach to the client's existing routine, implying that small adjustments can be beneficial, which changes the perspective on the client's current situation without adding deeper meaning. This utterance aims to provide an alternative viewpoint on how the client can build upon their existing habits."
4,6127b32b912465823dca1e4b,counsellor,129,28,"Having a routine is great. Sometimes weaving in small changes or additions can make a difference, especially if it aligns with what you're already used to. Is there any part of your current routine where you feel it might be easiest to try something new? If you could envision a small change, what might it look like for you?",319,72,Is there any part of your current routine where you feel it might be easiest to try something new?,Q,"The counsellor's utterance is an open question that encourages the client to think about and explore potential areas in their current routine where they could introduce a new activity or change, thus facilitating further discussion and engagement with the client's situation.",CQ,"The utterance 'Is there any part of your current routine where you feel it might be easiest to try something new?' can be answered with a 'yes' or 'no', making it a closed question, despite inviting some elaboration. The presence of 'Is there' grammatically structures it as a question that can be responded to with a binary choice."
4,6127b32b912465823dca1e4b,counsellor,129,28,"Having a routine is great. Sometimes weaving in small changes or additions can make a difference, especially if it aligns with what you're already used to. Is there any part of your current routine where you feel it might be easiest to try something new? If you could envision a small change, what might it look like for you?",320,73,"If you could envision a small change, what might it look like for you?",Q,"The counsellor's utterance is an open-ended question that encourages the client to explore and describe their potential for change, fitting the definition of an Open Question (OQ) which is a part of the Question (Q) category.",OQ,"The utterance 'If you could envision a small change, what might it look like for you?' cannot be answered with a simple 'yes' or 'no' as it requires the client to elaborate and describe their vision of a potential change, thus fitting the criteria for an open question."
4,6127b32b912465823dca1e4b,client,130,29,i was wondering about things that could help with withdrawel?,321,74,i was wondering about things that could help with withdrawel?,C,"The client is inquiring about strategies to manage withdrawal, which implies they are considering quitting or reducing their smoking and are looking for ways to make the process easier. This inquiry suggests a leaning towards change.",O+,"The client is inquiring about strategies to manage withdrawal, which indicates they are considering the challenges of changing their behavior and looking for solutions, thus expressing a desire for change and exploring alternatives to manage the target behavior."
4,6127b32b912465823dca1e4b,counsellor,131,30,"I appreciate you bringing that up. Withdrawal can indeed be challenging, and preparing for it is wise. Some people find that using nicotine replacement therapies such as patches or gum helps to ease the transition. These can provide nicotine in a safer way while you work on adjusting your habits.

Others find support groups or speaking with friends or family helpful during this time. What do you think about these options? Is there one that might make withdrawal feel a bit more manageable for you?",322,75,I appreciate you bringing that up.,CRL,"The counsellor's utterance, 'I appreciate you bringing that up,' is an expression of appreciation and acknowledgement of the client's contribution to the conversation, which aligns with the definition of Affirm (AF) under the C-Reflective (CRL) category. It communicates something positive about the client's engagement in the discussion.",AF,"The counsellor's utterance, 'I appreciate you bringing that up,' is a statement that acknowledges and values the client's contribution to the conversation, which is a key aspect of affirming the client. This response does not add new meaning, reframe, or emphasize control but rather focuses on appreciating the client's input."
4,6127b32b912465823dca1e4b,counsellor,131,30,"I appreciate you bringing that up. Withdrawal can indeed be challenging, and preparing for it is wise. Some people find that using nicotine replacement therapies such as patches or gum helps to ease the transition. These can provide nicotine in a safer way while you work on adjusting your habits.

Others find support groups or speaking with friends or family helpful during this time. What do you think about these options? Is there one that might make withdrawal feel a bit more manageable for you?",323,76,"Withdrawal can indeed be challenging, and preparing for it is wise.",CRL,"The counsellor's utterance acknowledges the client's concern about withdrawal and shows understanding, which aligns with the definition of Support (SU) under the C-Reflective (CRL) category, as it sympathizes with the client's situation.",SU,"The counsellor's utterance acknowledges the client's concern about withdrawal and shows understanding of its challenges, which aligns with expressing sympathy or compassion. However, it does not directly affirm, reframe, emphasize control, or provide a complex reflection beyond acknowledging the challenge. The primary function here seems to be supportive by recognizing the difficulty of withdrawal."
4,6127b32b912465823dca1e4b,counsellor,131,30,"I appreciate you bringing that up. Withdrawal can indeed be challenging, and preparing for it is wise. Some people find that using nicotine replacement therapies such as patches or gum helps to ease the transition. These can provide nicotine in a safer way while you work on adjusting your habits.

Others find support groups or speaking with friends or family helpful during this time. What do you think about these options? Is there one that might make withdrawal feel a bit more manageable for you?",324,77,Some people find that using nicotine replacement therapies such as patches or gum helps to ease the transition.,IMC,"The counsellor's utterance provides information about nicotine replacement therapies, which is a form of guidance or advice. To determine if this falls under IMC or IMI, we must consider the permission chain of thought. The client has expressed interest in finding things that could help with withdrawal, which can be interpreted as implicit permission to receive suggestions or information on the topic. Since the counsellor's advice is directly related to the client's query about withdrawal help, it is reasonable to conclude that permission has been granted. Thus, the utterance is classified as IMC because it provides information with the client's implicit permission.",GI,"The counsellor's utterance provides information about nicotine replacement therapies, which is a strategy to help with withdrawal, directly addressing the client's query and providing guidance. This aligns with the function of giving information to aid the client's understanding and decision-making process."
4,6127b32b912465823dca1e4b,counsellor,131,30,"I appreciate you bringing that up. Withdrawal can indeed be challenging, and preparing for it is wise. Some people find that using nicotine replacement therapies such as patches or gum helps to ease the transition. These can provide nicotine in a safer way while you work on adjusting your habits.

Others find support groups or speaking with friends or family helpful during this time. What do you think about these options? Is there one that might make withdrawal feel a bit more manageable for you?",325,78,These can provide nicotine in a safer way while you work on adjusting your habits.,IMC,"The counsellor's utterance provides information about alternatives to nicotine, which is a form of guidance or advice. Given the context where the client has expressed interest in managing withdrawal, the counsellor's suggestion is made with implicit permission from the client. The client's prior question about things that could help with withdrawal serves as an invitation for the counsellor to offer relevant information or suggestions, thus granting permission for the counsellor's advice.",GI,"The counsellor's utterance provides information about alternatives to nicotine, which is an example of providing advice or information to the client, thus falling under the category of 'Giving Information'."
4,6127b32b912465823dca1e4b,counsellor,131,30,"I appreciate you bringing that up. Withdrawal can indeed be challenging, and preparing for it is wise. Some people find that using nicotine replacement therapies such as patches or gum helps to ease the transition. These can provide nicotine in a safer way while you work on adjusting your habits.

Others find support groups or speaking with friends or family helpful during this time. What do you think about these options? Is there one that might make withdrawal feel a bit more manageable for you?",326,79,Others find support groups or speaking with friends or family helpful during this time.,IMC,"The counsellor's utterance provides information about what others find helpful, which is a form of giving information or advice without directly asking for permission from the client in this specific turn. However, considering the context where the client has shown interest in finding help with withdrawal, it can be inferred that the client is open to suggestions. Following the Permission Chain of Thought, since the client has expressed a need for help with withdrawal, this implies an implicit permission for the counsellor to provide relevant information or suggestions. Thus, the utterance falls under providing information with implicit permission granted.",GI,"The counsellor's utterance provides additional information and suggestions for support during withdrawal, which aligns with the client's inquiry about things that could help with withdrawal. This response aims to provide guidance and support, rather than directly exploring the client's motivations or ambivalence."
4,6127b32b912465823dca1e4b,counsellor,131,30,"I appreciate you bringing that up. Withdrawal can indeed be challenging, and preparing for it is wise. Some people find that using nicotine replacement therapies such as patches or gum helps to ease the transition. These can provide nicotine in a safer way while you work on adjusting your habits.

Others find support groups or speaking with friends or family helpful during this time. What do you think about these options? Is there one that might make withdrawal feel a bit more manageable for you?",327,80,What do you think about these options?,Q,"The counsellor's utterance 'What do you think about these options?' is an open-ended question that encourages the client to share their thoughts and opinions, thus it falls under the category of Open Question (OQ) which is a part of the 'Q' category.",CQ,"The utterance 'What do you think about these options?' is a closed question because it can be answered with a simple 'yes' or 'no', or a brief opinion, even though it invites some level of elaboration. However, the primary structure of the question allows for a yes/no interpretation, fitting the criteria for a closed question."
4,6127b32b912465823dca1e4b,counsellor,131,30,"I appreciate you bringing that up. Withdrawal can indeed be challenging, and preparing for it is wise. Some people find that using nicotine replacement therapies such as patches or gum helps to ease the transition. These can provide nicotine in a safer way while you work on adjusting your habits.

Others find support groups or speaking with friends or family helpful during this time. What do you think about these options? Is there one that might make withdrawal feel a bit more manageable for you?",328,81,Is there one that might make withdrawal feel a bit more manageable for you?,Q,"The counsellor's utterance is an open question that explores the client's potential interest in managing withdrawal symptoms, directly following the client's inquiry about withdrawal. This question encourages the client to think about and share their thoughts on what might help, which is characteristic of an Open Question (OQ) as it cannot be answered with a simple 'yes' or 'no' and requires elaboration.",CQ,"The utterance 'Is there one that might make withdrawal feel a bit more manageable for you?' can be answered with a 'yes' or 'no', making it a closed question as it implicitly seeks confirmation of the existence of such an option, despite inviting some elaboration."
4,6127b32b912465823dca1e4b,client,132,31,nicotine replacement-whats the techniques used?,329,82,nicotine replacement-whats the techniques used?,C,"The client is inquiring about techniques used for nicotine replacement, indicating an interest in exploring options for managing withdrawal, which aligns with considering change.",AC+,"The client is inquiring about techniques used for nicotine replacement, indicating an interest in learning more about a specific method to aid in changing their behavior, which aligns with exploring alternatives or methods to support change."
4,6127b32b912465823dca1e4b,counsellor,133,32,"Nicotine replacement therapies (NRTs) are designed to help by giving your body a lower dose of nicotine without the harmful chemicals found in cigarettes. They come in various forms like patches, gum, lozenges, or even inhalers and nasal sprays. These can be used to gradually reduce your nicotine intake, which can help with withdrawal symptoms.

Typically, people start with a higher dose matching their current nicotine levels and then slowly decrease it over time. Some combine NRT with behavioral changes or counseling for more support. It might be useful to discuss these options with a healthcare professional to determine what fits best for you.

Does this approach sound like something you'd consider exploring further?",330,83,Nicotine replacement therapies (NRTs) are designed to help by giving your body a lower dose of nicotine without the harmful chemicals found in cigarettes.,IMC,"The counsellor's utterance provides information about nicotine replacement therapies, explaining how they work and their benefits. Since the client has shown interest and asked about nicotine replacement techniques, this can be considered implicit permission for the counsellor to provide information. Following the Permission Chain of Thought, the client's question about techniques used in nicotine replacement implies a request for information, thus granting permission for the counsellor's informative response.",EC,"The counsellor's utterance provides information about nicotine replacement therapies, explaining how they work and their benefits, which is a key aspect of educating the client about available options for managing withdrawal. This educational component is crucial in MI as it empowers the client with knowledge to make informed decisions."
4,6127b32b912465823dca1e4b,counsellor,133,32,"Nicotine replacement therapies (NRTs) are designed to help by giving your body a lower dose of nicotine without the harmful chemicals found in cigarettes. They come in various forms like patches, gum, lozenges, or even inhalers and nasal sprays. These can be used to gradually reduce your nicotine intake, which can help with withdrawal symptoms.

Typically, people start with a higher dose matching their current nicotine levels and then slowly decrease it over time. Some combine NRT with behavioral changes or counseling for more support. It might be useful to discuss these options with a healthcare professional to determine what fits best for you.

Does this approach sound like something you'd consider exploring further?",331,84,"They come in various forms like patches, gum, lozenges, or even inhalers and nasal sprays.",IMC,"The counsellor's utterance provides information about nicotine replacement therapies in response to the client's inquiry, and since the client has shown interest and asked about the techniques used, this can be considered as implicit permission to provide information. Thus, it falls under the category of Imperative-MICO (IMC).",EC,"The counsellor's utterance provides information about nicotine replacement therapies, explaining the various forms they come in, which is a direct response to the client's inquiry about the techniques used. This educational component is aimed at increasing the client's knowledge and understanding, facilitating informed decision-making."
4,6127b32b912465823dca1e4b,counsellor,133,32,"Nicotine replacement therapies (NRTs) are designed to help by giving your body a lower dose of nicotine without the harmful chemicals found in cigarettes. They come in various forms like patches, gum, lozenges, or even inhalers and nasal sprays. These can be used to gradually reduce your nicotine intake, which can help with withdrawal symptoms.

Typically, people start with a higher dose matching their current nicotine levels and then slowly decrease it over time. Some combine NRT with behavioral changes or counseling for more support. It might be useful to discuss these options with a healthcare professional to determine what fits best for you.

Does this approach sound like something you'd consider exploring further?",332,85,"These can be used to gradually reduce your nicotine intake, which can help with withdrawal symptoms.",IMC,"The counsellor's utterance provides information about nicotine replacement therapies and their potential benefits in managing withdrawal symptoms. Since the client has shown interest and asked about techniques used for nicotine replacement, this can be considered as implicit permission to provide information. Thus, the utterance falls under the category of providing information with permission.",EC,"The counsellor's utterance provides information about nicotine replacement therapies and their potential benefits in managing withdrawal symptoms, which is a key aspect of educating the client. This aligns with providing information and expertise to support the client's decision-making process."
4,6127b32b912465823dca1e4b,counsellor,133,32,"Nicotine replacement therapies (NRTs) are designed to help by giving your body a lower dose of nicotine without the harmful chemicals found in cigarettes. They come in various forms like patches, gum, lozenges, or even inhalers and nasal sprays. These can be used to gradually reduce your nicotine intake, which can help with withdrawal symptoms.

Typically, people start with a higher dose matching their current nicotine levels and then slowly decrease it over time. Some combine NRT with behavioral changes or counseling for more support. It might be useful to discuss these options with a healthcare professional to determine what fits best for you.

Does this approach sound like something you'd consider exploring further?",333,86,"Typically, people start with a higher dose matching their current nicotine levels and then slowly decrease it over time.",IMC,"The counsellor's utterance provides information about nicotine replacement therapy, specifically the technique used, in response to the client's inquiry. Since the client explicitly asked about nicotine replacement techniques, this implies permission for the counsellor to provide such information. Thus, the utterance falls under the category of providing information with permission.",EC,"The counsellor's utterance provides information about nicotine replacement therapy, specifically how it is typically used, which aims to educate the client and facilitate their understanding of the process. This educational aspect is crucial in supporting the client's decision-making and change process."
4,6127b32b912465823dca1e4b,counsellor,133,32,"Nicotine replacement therapies (NRTs) are designed to help by giving your body a lower dose of nicotine without the harmful chemicals found in cigarettes. They come in various forms like patches, gum, lozenges, or even inhalers and nasal sprays. These can be used to gradually reduce your nicotine intake, which can help with withdrawal symptoms.

Typically, people start with a higher dose matching their current nicotine levels and then slowly decrease it over time. Some combine NRT with behavioral changes or counseling for more support. It might be useful to discuss these options with a healthcare professional to determine what fits best for you.

Does this approach sound like something you'd consider exploring further?",334,87,Some combine NRT with behavioral changes or counseling for more support.,IMC,"The counsellor's utterance provides information about combining Nicotine Replacement Therapy (NRT) with behavioral changes or counseling, which is a form of guidance or advice. Following the Permission Chain of Thought, the client has shown interest in nicotine replacement therapies and asked about techniques used, implying permission for the counsellor to provide more information or suggestions on the topic. Thus, this utterance falls under providing advice or information with client permission.",EC,"The counsellor's utterance provides additional information about combining Nicotine Replacement Therapy (NRT) with other support methods, which is educational and informative in nature, aiming to enhance the client's understanding and decision-making process."
4,6127b32b912465823dca1e4b,counsellor,133,32,"Nicotine replacement therapies (NRTs) are designed to help by giving your body a lower dose of nicotine without the harmful chemicals found in cigarettes. They come in various forms like patches, gum, lozenges, or even inhalers and nasal sprays. These can be used to gradually reduce your nicotine intake, which can help with withdrawal symptoms.

Typically, people start with a higher dose matching their current nicotine levels and then slowly decrease it over time. Some combine NRT with behavioral changes or counseling for more support. It might be useful to discuss these options with a healthcare professional to determine what fits best for you.

Does this approach sound like something you'd consider exploring further?",335,88,It might be useful to discuss these options with a healthcare professional to determine what fits best for you.,IMC,"The counsellor's utterance suggests discussing options with a healthcare professional, which implies providing information or guidance. Following the Permission Chain of Thought, the client has shown interest in nicotine replacement techniques and has asked about them, implicitly granting permission for the counsellor to provide information or suggestions related to these techniques. The counsellor's suggestion to discuss these options with a healthcare professional is topically related to the client's earlier request for information and thus falls under the category of providing information with permission.",EC,"The counsellor's utterance is advising the client to consult a healthcare professional, which falls under providing information and guidance, but more specifically, it's about referring or guiding the client towards an expert opinion for personalized advice, thus supporting the client's autonomy and decision-making process."
4,6127b32b912465823dca1e4b,counsellor,133,32,"Nicotine replacement therapies (NRTs) are designed to help by giving your body a lower dose of nicotine without the harmful chemicals found in cigarettes. They come in various forms like patches, gum, lozenges, or even inhalers and nasal sprays. These can be used to gradually reduce your nicotine intake, which can help with withdrawal symptoms.

Typically, people start with a higher dose matching their current nicotine levels and then slowly decrease it over time. Some combine NRT with behavioral changes or counseling for more support. It might be useful to discuss these options with a healthcare professional to determine what fits best for you.

Does this approach sound like something you'd consider exploring further?",336,89,Does this approach sound like something you'd consider exploring further?,Q,"The counsellor's utterance is a question that seeks the client's consideration of a previously discussed approach, which involves exploring nicotine replacement therapies and other support methods for managing withdrawal. This question aims to understand the client's willingness to explore these options further, making it an inquiry about the client's thoughts or feelings regarding a specific strategy.",CQ,"The utterance 'Does this approach sound like something you'd consider exploring further?' can be answered with a 'yes' or 'no', making it a closed question as it permits a grammatically valid yes/no response."
4,6127b32b912465823dca1e4b,client,134,33,yeah maybe,337,90,yeah maybe,C,"The client's utterance 'yeah maybe' indicates a potential openness to considering change, specifically exploring nicotine replacement therapies further, which aligns with Change Talk as it implies a desire or intention to change.",AC+,"The client's utterance 'yeah maybe' indicates a leaning towards considering the options discussed, which suggests a willingness to explore alternatives to the target behaviour, aligning with the Activation category. It implies the client is open to action but has not yet made a commitment."
4,6127b32b912465823dca1e4b,counsellor,135,34,It’s great that considering nicotine replacement as a possibility feels okay for you. It's normal to take time to decide what feels right. Is there any other information or support you feel you might need as you think about next steps?,338,91,It’s great that considering nicotine replacement as a possibility feels okay for you.,CRL,"The counsellor's utterance is a positive affirmation of the client's openness to considering nicotine replacement, which aligns with the client's previous expression of interest. This response acknowledges and supports the client's perspective, fitting the definition of an affirming statement.",AF,"The counsellor's utterance is acknowledging and appreciating the client's openness to considering nicotine replacement, which is a positive aspect of the client's attitude towards their treatment. This statement is expressing approval and encouragement, which aligns with affirming the client's efforts or strengths."
4,6127b32b912465823dca1e4b,counsellor,135,34,It’s great that considering nicotine replacement as a possibility feels okay for you. It's normal to take time to decide what feels right. Is there any other information or support you feel you might need as you think about next steps?,339,92,It's normal to take time to decide what feels right.,CRL,"The counsellor's utterance acknowledges and validates the client's potential uncertainty or need for time to decide, which aligns with supportive and affirming behaviors. This does not provide advice or information without permission but rather offers a reassuring statement that affirms the client's experience.",SU,"The counsellor's utterance acknowledges and validates the client's potential hesitation or need for time to consider their options, conveying understanding and sympathy. This aligns with providing a supportive comment that agrees with the client's experience."
4,6127b32b912465823dca1e4b,counsellor,135,34,It’s great that considering nicotine replacement as a possibility feels okay for you. It's normal to take time to decide what feels right. Is there any other information or support you feel you might need as you think about next steps?,340,93,Is there any other information or support you feel you might need as you think about next steps?,Q,"The counsellor's utterance is an open-ended question that seeks to understand the client's needs and gather more information about their thoughts on next steps, which aligns with the definition of an Open Question (OQ) in the Question (Q) category.",OQ,"The question cannot be answered with a simple 'yes' or 'no' and requires the client to elaborate on their needs and thoughts, making it an open-ended inquiry. The phrase 'any other information or support' invites a descriptive response about the client's needs, which cannot be reduced to a binary answer."
4,6127b32b912465823dca1e4b,client,136,35,"its the wobbly jitters i fear, would this help with that?",341,94,"its the wobbly jitters i fear,",S,"The client expresses a concern about withdrawal symptoms, specifically the 'wobbly jitters', which they fear, indicating a reason for potentially not changing their behavior or a challenge they anticipate in changing, but does not directly express a desire to maintain the target behavior or a clear intention to change. However, the fear of withdrawal symptoms can be seen as a sustain talk element as it highlights a barrier to change.",R-,"The client expresses a concern about a specific withdrawal symptom, which implies they are considering the challenges of changing their behavior but does not directly fit into the provided categories as it doesn't express desire, ability, reasons, need, commitment, activation, or taking steps directly related to maintaining the target behavior. However, it indirectly suggests a reason for potentially maintaining the behavior due to fear of withdrawal symptoms, which aligns most closely with providing reasons for not wanting to change."
4,6127b32b912465823dca1e4b,client,136,35,"its the wobbly jitters i fear, would this help with that?",342,95,would this help with that?,N,"The client's utterance 'would this help with that?' does not clearly express a stance toward changing or maintaining the target behavior, but rather inquires about the potential effectiveness of a strategy, which aligns with seeking information or clarification without expressing a clear commitment or desire for change.",N,"The client's utterance 'would this help with that?' does not clearly support or oppose change, as it is a question seeking clarification rather than expressing a commitment to or rejection of a particular course of action. The client is inquiring about the potential effectiveness of a strategy, which indicates a neutral or exploratory stance."
4,6127b32b912465823dca1e4b,counsellor,137,36,"Many people find that nicotine replacement can help reduce those jitters by providing a steadier, controlled amount of nicotine to the body. The idea is to minimize those intense withdrawal symptoms while you transition. Everyone's experience is unique, so finding the right type and dosage would be important. Does knowing that it could help with the jitters make you feel more at ease with considering it?",343,96,"Many people find that nicotine replacement can help reduce those jitters by providing a steadier, controlled amount of nicotine to the body.",IMC,"The counsellor's utterance provides information about nicotine replacement therapy in relation to the client's concern about 'wobbly jitters', which is a direct response to the client's query. Given the context, the client has shown interest in understanding how nicotine replacement could help with their specific concern, implying permission for the counsellor to provide this information. Thus, this falls under giving information with permission.",EC,"The counsellor's utterance provides information and reassurance about nicotine replacement therapy, directly addressing the client's concern about 'wobbly jitters', which is a symptom of nicotine withdrawal. This response aims to educate and support the client, rather than directly persuading or exploring ambivalence."
4,6127b32b912465823dca1e4b,counsellor,137,36,"Many people find that nicotine replacement can help reduce those jitters by providing a steadier, controlled amount of nicotine to the body. The idea is to minimize those intense withdrawal symptoms while you transition. Everyone's experience is unique, so finding the right type and dosage would be important. Does knowing that it could help with the jitters make you feel more at ease with considering it?",344,97,The idea is to minimize those intense withdrawal symptoms while you transition.,IMC,"The counsellor's utterance provides information about minimizing intense withdrawal symptoms, which directly addresses the client's concern about 'wobbly jitters'. To classify this, we must consider if permission was granted for this information. Following the Permission Chain of Thought: The client explicitly expressed fear about 'wobbly jitters' and asked if nicotine replacement would help, which implies a request for information or guidance on how to manage these symptoms. Thus, permission for providing relevant information is considered granted. Given this context, the utterance falls under providing information with permission.",FI,"The counsellor's utterance aims to provide information and reassurance about managing withdrawal symptoms, which aligns with the intent of providing information and support. This response directly addresses the client's concern about 'wobbly jitters' and offers a solution, making it a form of information giving."
4,6127b32b912465823dca1e4b,counsellor,137,36,"Many people find that nicotine replacement can help reduce those jitters by providing a steadier, controlled amount of nicotine to the body. The idea is to minimize those intense withdrawal symptoms while you transition. Everyone's experience is unique, so finding the right type and dosage would be important. Does knowing that it could help with the jitters make you feel more at ease with considering it?",345,98,"Everyone's experience is unique, so finding the right type and dosage would be important.",IMC,"The counsellor's utterance provides information and emphasizes the importance of finding the right type and dosage of nicotine replacement therapy, which is a response to the client's concern about withdrawal symptoms. Since the client has shown interest and asked for information, the counsellor's response is with permission.",FA,"The counsellor's utterance provides information and emphasizes the importance of finding the right type and dosage of nicotine replacement therapy, which is a neutral and informative response. This response does not directly express empathy, develop discrepancy, avoid argumentation, or support self-efficacy, but rather focuses on providing factual information to help the client make an informed decision."
4,6127b32b912465823dca1e4b,counsellor,137,36,"Many people find that nicotine replacement can help reduce those jitters by providing a steadier, controlled amount of nicotine to the body. The idea is to minimize those intense withdrawal symptoms while you transition. Everyone's experience is unique, so finding the right type and dosage would be important. Does knowing that it could help with the jitters make you feel more at ease with considering it?",346,99,Does knowing that it could help with the jitters make you feel more at ease with considering it?,Q,"The counsellor's utterance is a question that aims to understand the client's feelings and thoughts about considering nicotine replacement therapy, specifically in relation to their concern about the jitters. It is an open-ended question that encourages the client to elaborate on their feelings and thoughts.",CQ,"The utterance 'Does knowing that it could help with the jitters make you feel more at ease with considering it?' can be answered with a 'yes' or 'no', making it a closed question. Although it invites a reflection on feelings, the primary structure of the question allows for a binary response."
4,6127b32b912465823dca1e4b,client,138,37,oh yes,347,100,oh yes,C,"The client's utterance 'oh yes' implies a positive consideration or agreement, which can be associated with a willingness to change or consider an option for change, in this context, the use of nicotine replacement therapies to aid in quitting smoking. However, it does not explicitly express a commitment, reason, desire, optimism, or need for change, but rather a general affirmative response that leans towards openness to the idea presented.",D+,"The client's utterance 'oh yes' indicates a positive response to the counsellor's information about nicotine replacement therapy, suggesting they are leaning towards considering it as an option, which aligns with expressing a desire or openness to change but is more accurately described as an expression of desire given the context of the conversation."
4,6127b32b912465823dca1e4b,counsellor,139,38,I'm glad to hear that. Feeling a bit more at ease can certainly make the process less daunting. We've covered a lot today about your relationship with smoking and some potential paths forward. Is there anything else you'd like to discuss before we wrap up for now?,348,101,I'm glad to hear that.,CRL,"The counsellor's utterance 'I'm glad to hear that' is a supportive and affirmative statement, which acknowledges the client's positive response and shows appreciation for their progress. This aligns with the definition of Affirm (AF) under the C-Reflective (CRL) category, as it communicates something positive about the client's strengths or efforts.",AF,"The counsellor's utterance 'I'm glad to hear that' is a positive and supportive response to the client's expression of feeling more at ease, which aligns with the function of affirming the client's feelings or progress. However, given the exact phrase provided for classification, it seems to be a response to an unprovided client statement, but based on the context, it would likely affirm the client's positive reaction to the information provided."
4,6127b32b912465823dca1e4b,counsellor,139,38,I'm glad to hear that. Feeling a bit more at ease can certainly make the process less daunting. We've covered a lot today about your relationship with smoking and some potential paths forward. Is there anything else you'd like to discuss before we wrap up for now?,349,102,Feeling a bit more at ease can certainly make the process less daunting.,CRL,"The counsellor's utterance acknowledges and affirms the client's positive emotional response, which is a deeply engaging and supportive action. This aligns with the definition of a Complex Reflection (CR) or possibly an Affirm (AF), as it conveys a deeper understanding of the client's emotional state and its implications for their process.",CR,"The counsellor's utterance acknowledges and builds upon the client's positive response, emphasizing the emotional benefit of feeling more at ease, which can be seen as adding a deeper understanding to the client's statement. This can be classified as a Complex Reflection as it conveys a richer picture of the client's emotional state."
4,6127b32b912465823dca1e4b,counsellor,139,38,I'm glad to hear that. Feeling a bit more at ease can certainly make the process less daunting. We've covered a lot today about your relationship with smoking and some potential paths forward. Is there anything else you'd like to discuss before we wrap up for now?,350,103,We've covered a lot today about your relationship with smoking and some potential paths forward.,O,"The counsellor's utterance serves as a summary of the session's progress, indicating a transition or conclusion. It does not provide advice, reflect the client's statement, ask a question, or engage in any MI technique that requires permission. Thus, it falls under the category of structural or facilitative utterances.",ST,"The counsellor's utterance provides information about what has been covered in the session and implies a transition or conclusion, which relates to the structure of the session. It gives the client an idea of what has been accomplished and what might come next."
4,6127b32b912465823dca1e4b,counsellor,139,38,I'm glad to hear that. Feeling a bit more at ease can certainly make the process less daunting. We've covered a lot today about your relationship with smoking and some potential paths forward. Is there anything else you'd like to discuss before we wrap up for now?,351,104,Is there anything else you'd like to discuss before we wrap up for now?,Q,"The counsellor's utterance is a question that invites the client to share any additional topics or concerns they might have before ending the session, which aligns with the definition of an open question as it cannot be answered with a simple 'yes' or 'no' and requires elaboration.",CQ,"The utterance 'Is there anything else you'd like to discuss before we wrap up for now?' can be answered with a 'yes' or 'no', making it a closed question, despite inviting potential elaboration."
4,6127b32b912465823dca1e4b,client,140,39,no youve helped a lot thanks,352,105,no,N,"The client's utterance 'no' does not clearly express a stance toward changing or maintaining the target behavior, and it does not provide enough context to determine the client's intention or feelings about the behavior. However, given the context of the conversation, it seems the client was expected to respond to the counsellor's question about discussing anything else, implying the 'no' is a response to that question rather than the topic of changing smoking behavior. Since the provided target utterance does not match the session transcript, the classification is based on the assumption that 'no' would be a response to the counsellor's last question, which does not clearly support or oppose change.",N,"The client's utterance is 'no', which does not clearly support or oppose change as it seems out of context and doesn't directly relate to the conversation about nicotine replacement or quitting smoking."
4,6127b32b912465823dca1e4b,client,140,39,no youve helped a lot thanks,353,106,you've helped a lot,N,"The client's utterance 'you've helped a lot' does not clearly express a stance toward changing or maintaining the target behavior, but rather acknowledges the counsellor's assistance, which is a neutral statement.",N,"The client's utterance does not clearly support or oppose change, as it is a statement of appreciation rather than an expression of motivation or resistance to changing their behavior. The utterance is more of a reflection on the helpfulness of the session rather than an indication of their stance on quitting smoking."
4,6127b32b912465823dca1e4b,client,140,39,no youve helped a lot thanks,354,107,thanks,N,"The client's utterance 'thanks' does not express a clear stance toward changing or maintaining the target behavior, and instead appears to be a polite expression of gratitude. It does not provide any information about the client's intentions, desires, or needs regarding the behavior.",N,"The client's utterance does not clearly support or oppose change, as 'thanks' is a polite expression of gratitude rather than a statement indicating a desire to change or not change their behavior."
4,6127b32b912465823dca1e4b,counsellor,141,40,"Thank you for the conversation today. I'd like to take a moment to summarize what we've discussed. 

You've shared that you've been smoking for quite some time, and it provides a sense of relaxation and stress relief for you, particularly in moments after meals and during stressful times. While you enjoy smoking, there are typical downsides like the smell that you're aware of. We explored your thoughts on quitting, and feelings of nervousness and fear you associate with change.

You expressed interest in nicotine replacement therapies as a potential way to manage withdrawal symptoms, especially the fear of feeling jittery, and we discussed how these therapies might provide relief by delivering a steady amount of nicotine. You mentioned that understanding this option more made you feel more at ease. 

I'm here to support you as you consider your next steps, and I'm glad that reflecting on these options has been helpful. If there's anything more you'd like to delve into another time, feel free to reach out.

Would you like to continue the conversation?",355,108,Thank you for the conversation today.,O,"The counsellor's utterance 'Thank you for the conversation today' serves as a facilitative or structural comment that acknowledges the end of the session and expresses appreciation for the client's engagement. It does not engage in MI techniques like reflection, questioning, or providing information with or without permission.",FI,"The utterance 'Thank you for the conversation today' is not present in the provided transcript, however, based on the last counsellor's utterance 'Is there anything else you'd like to discuss before we wrap up for now?', it seems like the session is being wrapped up, but since the actual target utterance is 'Thank you for the conversation today', it can be classified as a pleasantry, which aligns with the Filler category. "
4,6127b32b912465823dca1e4b,counsellor,141,40,"Thank you for the conversation today. I'd like to take a moment to summarize what we've discussed. 

You've shared that you've been smoking for quite some time, and it provides a sense of relaxation and stress relief for you, particularly in moments after meals and during stressful times. While you enjoy smoking, there are typical downsides like the smell that you're aware of. We explored your thoughts on quitting, and feelings of nervousness and fear you associate with change.

You expressed interest in nicotine replacement therapies as a potential way to manage withdrawal symptoms, especially the fear of feeling jittery, and we discussed how these therapies might provide relief by delivering a steady amount of nicotine. You mentioned that understanding this option more made you feel more at ease. 

I'm here to support you as you consider your next steps, and I'm glad that reflecting on these options has been helpful. If there's anything more you'd like to delve into another time, feel free to reach out.

Would you like to continue the conversation?",356,109,I'd like to take a moment to summarize what we've discussed.,O,"The target utterance is not present in the provided session transcript. However, based on the typical function of a summary statement, it would likely serve to review and highlight the key points discussed during the session, which aligns with the definition of a structural or facilitative utterance that does not engage in MI techniques.",ST,"The target utterance is not present in the provided session transcript, however, based on the context of a typical MI session, the utterance 'I'd like to take a moment to summarize what we've discussed' would function to give information about what will happen next in the session, which aligns with the Structure category. It implies organizing or outlining the session's progress or next steps."
4,6127b32b912465823dca1e4b,counsellor,141,40,"Thank you for the conversation today. I'd like to take a moment to summarize what we've discussed. 

You've shared that you've been smoking for quite some time, and it provides a sense of relaxation and stress relief for you, particularly in moments after meals and during stressful times. While you enjoy smoking, there are typical downsides like the smell that you're aware of. We explored your thoughts on quitting, and feelings of nervousness and fear you associate with change.

You expressed interest in nicotine replacement therapies as a potential way to manage withdrawal symptoms, especially the fear of feeling jittery, and we discussed how these therapies might provide relief by delivering a steady amount of nicotine. You mentioned that understanding this option more made you feel more at ease. 

I'm here to support you as you consider your next steps, and I'm glad that reflecting on these options has been helpful. If there's anything more you'd like to delve into another time, feel free to reach out.

Would you like to continue the conversation?",357,110,"You've shared that you've been smoking for quite some time, and it provides a sense of relaxation and stress relief for you, particularly in moments after meals and during stressful times.",CRL,"The target utterance is not present in the provided session transcript. However, based on the typical structure of such utterances, if it were to reflect the client's perspective, it would likely be classified as a reflective statement. Given the information, the utterance seems to acknowledge the client's experience and habits, which aligns with reflective listening skills, specifically Complex Reflection (CR) as it adds depth to the client's statement by highlighting the contexts in which smoking occurs.",CR,"The provided target utterance is not present in the session transcript, however, based on the typical structure of such utterances, it seems to reflect the client's statements about their smoking habits and its relation to relaxation and stress relief, which could be categorized as a Complex Reflection (CR) as it adds depth to the client's initial statements about their smoking habits."
4,6127b32b912465823dca1e4b,counsellor,141,40,"Thank you for the conversation today. I'd like to take a moment to summarize what we've discussed. 

You've shared that you've been smoking for quite some time, and it provides a sense of relaxation and stress relief for you, particularly in moments after meals and during stressful times. While you enjoy smoking, there are typical downsides like the smell that you're aware of. We explored your thoughts on quitting, and feelings of nervousness and fear you associate with change.

You expressed interest in nicotine replacement therapies as a potential way to manage withdrawal symptoms, especially the fear of feeling jittery, and we discussed how these therapies might provide relief by delivering a steady amount of nicotine. You mentioned that understanding this option more made you feel more at ease. 

I'm here to support you as you consider your next steps, and I'm glad that reflecting on these options has been helpful. If there's anything more you'd like to delve into another time, feel free to reach out.

Would you like to continue the conversation?",358,111,"While you enjoy smoking, there are typical downsides like the smell that you're aware of.",Q,"The target utterance is not present in the provided session transcript. However, based on the last counsellor utterance in the transcript: 'Is there anything else you'd like to discuss before we wrap up for now?', this can be classified as a question that seeks to understand if the client has any further topics to discuss, thus falling under the category of 'Question (Q)'.",CQ,"The provided target utterance does not match the session transcript. However, based on the actual last counsellor utterance 'Is there anything else you'd like to discuss before we wrap up for now?', this is a closed question because it can be answered with a 'yes' or 'no'."
4,6127b32b912465823dca1e4b,counsellor,141,40,"Thank you for the conversation today. I'd like to take a moment to summarize what we've discussed. 

You've shared that you've been smoking for quite some time, and it provides a sense of relaxation and stress relief for you, particularly in moments after meals and during stressful times. While you enjoy smoking, there are typical downsides like the smell that you're aware of. We explored your thoughts on quitting, and feelings of nervousness and fear you associate with change.

You expressed interest in nicotine replacement therapies as a potential way to manage withdrawal symptoms, especially the fear of feeling jittery, and we discussed how these therapies might provide relief by delivering a steady amount of nicotine. You mentioned that understanding this option more made you feel more at ease. 

I'm here to support you as you consider your next steps, and I'm glad that reflecting on these options has been helpful. If there's anything more you'd like to delve into another time, feel free to reach out.

Would you like to continue the conversation?",359,112,"We explored your thoughts on quitting, and feelings of nervousness and fear you associate with change.",O,"The target utterance is not present in the provided session transcript. However, based on the last counsellor utterance in the transcript: 'We've covered a lot today about your relationship with smoking and some potential paths forward. Is there anything else you'd like to discuss before we wrap up for now?', this can be classified as a structural or facilitative utterance that does not engage in MI techniques, as it is used to make a transition from one topic or part of a session to another and to give information about what will happen directly to the client throughout the course of treatment or within a study format.",ST,"The provided target utterance does not match the session transcript. However, based on the actual last counsellor utterance 'We've covered a lot today about your relationship with smoking and some potential paths forward. Is there anything else you'd like to discuss before we wrap up for now?', it seems to give information about what has happened in the session and sets the stage for what will happen next, which aligns with the Structure category. However, since the target utterance does not exist in the provided transcript, I will classify the actual last utterance which is 'We've covered a lot today about your relationship with smoking and some potential paths forward. Is there anything else you'd like to discuss before we wrap up for now?'"
4,6127b32b912465823dca1e4b,counsellor,141,40,"Thank you for the conversation today. I'd like to take a moment to summarize what we've discussed. 

You've shared that you've been smoking for quite some time, and it provides a sense of relaxation and stress relief for you, particularly in moments after meals and during stressful times. While you enjoy smoking, there are typical downsides like the smell that you're aware of. We explored your thoughts on quitting, and feelings of nervousness and fear you associate with change.

You expressed interest in nicotine replacement therapies as a potential way to manage withdrawal symptoms, especially the fear of feeling jittery, and we discussed how these therapies might provide relief by delivering a steady amount of nicotine. You mentioned that understanding this option more made you feel more at ease. 

I'm here to support you as you consider your next steps, and I'm glad that reflecting on these options has been helpful. If there's anything more you'd like to delve into another time, feel free to reach out.

Would you like to continue the conversation?",360,113,"You expressed interest in nicotine replacement therapies as a potential way to manage withdrawal symptoms, especially the fear of feeling jittery, and we discussed how these therapies might provide relief by delivering a steady amount of nicotine.",Q,"The target utterance is not present in the provided session transcript. However, based on the last counsellor utterance in the transcript, which is 'Is there anything else you'd like to discuss before we wrap up for now?', this can be classified as a question that seeks to understand if the client has any further topics to discuss, thus falling under the category of Open Question (OQ) as it requires an elaboration or explanation from the client.",CQ,"The target utterance is not a question, but rather a statement summarizing the discussion. However, the original task was to classify the counsellor's final utterance in the session excerpt, which is actually 'Is there anything else you'd like to discuss before we wrap up for now?' This utterance can be answered with a 'yes' or 'no', making it a closed question."
4,6127b32b912465823dca1e4b,counsellor,141,40,"Thank you for the conversation today. I'd like to take a moment to summarize what we've discussed. 

You've shared that you've been smoking for quite some time, and it provides a sense of relaxation and stress relief for you, particularly in moments after meals and during stressful times. While you enjoy smoking, there are typical downsides like the smell that you're aware of. We explored your thoughts on quitting, and feelings of nervousness and fear you associate with change.

You expressed interest in nicotine replacement therapies as a potential way to manage withdrawal symptoms, especially the fear of feeling jittery, and we discussed how these therapies might provide relief by delivering a steady amount of nicotine. You mentioned that understanding this option more made you feel more at ease. 

I'm here to support you as you consider your next steps, and I'm glad that reflecting on these options has been helpful. If there's anything more you'd like to delve into another time, feel free to reach out.

Would you like to continue the conversation?",361,114,You mentioned that understanding this option more made you feel more at ease.,SRL,"The counsellor's utterance is a simple reflection of the client's previous statement, acknowledging their feeling of being more at ease after understanding the option. This does not add significant new meaning or insight beyond what the client said, fitting the definition of a simple reflection.",SR,"The target utterance is not present in the provided session transcript, however, a similar utterance 'I'm glad to hear that. Feeling a bit more at ease can certainly make the process less daunting.' can be analyzed. This utterance reflects the client's feeling of being more at ease and adds a slight interpretation of how this feeling can impact their process. Since the exact target utterance is about reflecting the client's feeling of being more at ease, it aligns with the function of a simple reflection, which repeats or paraphrases the client's words or meaning."
4,6127b32b912465823dca1e4b,counsellor,141,40,"Thank you for the conversation today. I'd like to take a moment to summarize what we've discussed. 

You've shared that you've been smoking for quite some time, and it provides a sense of relaxation and stress relief for you, particularly in moments after meals and during stressful times. While you enjoy smoking, there are typical downsides like the smell that you're aware of. We explored your thoughts on quitting, and feelings of nervousness and fear you associate with change.

You expressed interest in nicotine replacement therapies as a potential way to manage withdrawal symptoms, especially the fear of feeling jittery, and we discussed how these therapies might provide relief by delivering a steady amount of nicotine. You mentioned that understanding this option more made you feel more at ease. 

I'm here to support you as you consider your next steps, and I'm glad that reflecting on these options has been helpful. If there's anything more you'd like to delve into another time, feel free to reach out.

Would you like to continue the conversation?",362,115,"I'm here to support you as you consider your next steps, and I'm glad that reflecting on these options has been helpful.",CRL,"The counsellor's utterance expresses support and acknowledges the client's progress, which aligns with the definition of Support (SU) under the C-Reflective (CRL) category, as it conveys a sympathetic and understanding comment that agrees with or sides with the client.",SU,"The utterance expresses sympathy and understanding, acknowledging the client's progress and offering support, which aligns with the definition of providing emotional support and validation. However, the actual target utterance provided does not match the session transcript, but based on its content, it would fit the support category."
4,6127b32b912465823dca1e4b,counsellor,141,40,"Thank you for the conversation today. I'd like to take a moment to summarize what we've discussed. 

You've shared that you've been smoking for quite some time, and it provides a sense of relaxation and stress relief for you, particularly in moments after meals and during stressful times. While you enjoy smoking, there are typical downsides like the smell that you're aware of. We explored your thoughts on quitting, and feelings of nervousness and fear you associate with change.

You expressed interest in nicotine replacement therapies as a potential way to manage withdrawal symptoms, especially the fear of feeling jittery, and we discussed how these therapies might provide relief by delivering a steady amount of nicotine. You mentioned that understanding this option more made you feel more at ease. 

I'm here to support you as you consider your next steps, and I'm glad that reflecting on these options has been helpful. If there's anything more you'd like to delve into another time, feel free to reach out.

Would you like to continue the conversation?",363,116,"If there's anything more you'd like to delve into another time, feel free to reach out.",O,"The counsellor's utterance is providing a structural statement that functions as a conclusion or a transition to the end of the session, while also leaving the door open for future discussions. It does not engage in MI techniques like reflection, questioning, or providing advice with or without permission, but rather serves to facilitate the session's closure and offer an opportunity for future engagement.",ST,"The counsellor's utterance provides information about what will happen next and how the client can proceed, which aligns with giving structure to the session and the client's future actions. It informs the client about the possibility of future discussions."
4,6127b32b912465823dca1e4b,counsellor,141,40,"Thank you for the conversation today. I'd like to take a moment to summarize what we've discussed. 

You've shared that you've been smoking for quite some time, and it provides a sense of relaxation and stress relief for you, particularly in moments after meals and during stressful times. While you enjoy smoking, there are typical downsides like the smell that you're aware of. We explored your thoughts on quitting, and feelings of nervousness and fear you associate with change.

You expressed interest in nicotine replacement therapies as a potential way to manage withdrawal symptoms, especially the fear of feeling jittery, and we discussed how these therapies might provide relief by delivering a steady amount of nicotine. You mentioned that understanding this option more made you feel more at ease. 

I'm here to support you as you consider your next steps, and I'm glad that reflecting on these options has been helpful. If there's anything more you'd like to delve into another time, feel free to reach out.

Would you like to continue the conversation?",364,117,Would you like to continue the conversation?,Q,"The target utterance 'Would you like to continue the conversation?' is not present in the provided session transcript. However, based on the last counsellor utterance in the transcript, 'Is there anything else you'd like to discuss before we wrap up for now?', it can be inferred that this is a question to gather information and understand the client's desire to continue or conclude the session. This aligns with the definition of an Open Question (OQ) as it requires an elaboration or explanation from the client.",CQ,"The utterance 'Would you like to continue the conversation?' is not present in the provided session transcript, but if it were to be analyzed, it would be classified as a Closed Question because it can be answered with a 'yes' or 'no'. However, the actual last utterance from the counsellor in the transcript is 'Is there anything else you'd like to discuss before we wrap up for now?' which also follows the same principle as it implicitly seeks a yes/no response regarding the desire to discuss more topics."
4,6127b32b912465823dca1e4b,client,142,41,No,365,118,No,N,"The client's utterance 'no' is a response to the counsellor's question about discussing anything else, and it does not express a stance toward changing or maintaining the target behavior of smoking. It is a neutral response that simply indicates the client does not want to discuss anything further at the moment.",N,"The client's utterance 'no' does not clearly support or oppose change, as it is a response to the counsellor's question about discussing anything else, rather than expressing a desire to change or not change their smoking behavior."
5,60dde1621f6e206dea63a7dd,counsellor,143,0,"Hello! How are you doing today? I'm really glad you chose to spend some time here. Shall we start by talking a bit about how things have been going for you lately? Whatever's on your mind, feel free to share.",366,0,Hello!,O,"The counsellor's utterance is a greeting, which is a pleasantry that does not engage in MI techniques.",FI,"The counsellor's utterance is a greeting, which serves as a pleasantry to initiate or start the session."
5,60dde1621f6e206dea63a7dd,counsellor,143,0,"Hello! How are you doing today? I'm really glad you chose to spend some time here. Shall we start by talking a bit about how things have been going for you lately? Whatever's on your mind, feel free to share.",367,1,How are you doing today?,Q,"The counsellor's utterance is an open-ended question that seeks to understand the client's current state or feelings, which aligns with the definition of an Open Question (OQ) in the Question (Q) category.",OQ,"The utterance 'How are you doing today?' cannot be answered with a simple 'yes' or 'no' and requires an elaboration or descriptive response, making it an open-ended inquiry."
5,60dde1621f6e206dea63a7dd,counsellor,143,0,"Hello! How are you doing today? I'm really glad you chose to spend some time here. Shall we start by talking a bit about how things have been going for you lately? Whatever's on your mind, feel free to share.",368,2,I'm really glad you chose to spend some time here.,CRL,"The counsellor's utterance expresses appreciation and acknowledges the client's decision, which aligns with communicating something positive about the client's actions, thus fitting the definition of an affirming statement.",AF,"The counsellor's utterance expresses appreciation for the client's decision to attend the session, which is a positive and complimentary statement. This acknowledges the client's effort and strengths in taking this step."
5,60dde1621f6e206dea63a7dd,counsellor,143,0,"Hello! How are you doing today? I'm really glad you chose to spend some time here. Shall we start by talking a bit about how things have been going for you lately? Whatever's on your mind, feel free to share.",369,3,Shall we start by talking a bit about how things have been going for you lately?,Q,"The counsellor's utterance is an open-ended question that invites the client to share their experiences and feelings, aiming to understand and gather information about the client's current situation.",CQ,"The utterance 'Shall we start by talking a bit about how things have been going for you lately?' is classified as a Closed Question (CQ) because it begins with the auxiliary verb 'Shall', which allows for a grammatically valid yes/no response, despite its apparent invitation for elaboration."
5,60dde1621f6e206dea63a7dd,counsellor,143,0,"Hello! How are you doing today? I'm really glad you chose to spend some time here. Shall we start by talking a bit about how things have been going for you lately? Whatever's on your mind, feel free to share.",370,4,"Whatever's on your mind, feel free to share.",O,"The counsellor's utterance is an open invitation for the client to share their thoughts, which functions as a facilitative statement to encourage the client to express themselves. This aligns with the definition of a facilitative utterance that acknowledges and encourages the client to continue sharing.",FA,"The counsellor's utterance is an open-ended invitation for the client to express their thoughts, which serves as a 'keep-going' acknowledgement to facilitate the conversation. This aligns with the function of a facilitative utterance."
5,60dde1621f6e206dea63a7dd,client,144,1,"Things are gong well, I am enjoying work and finding my footing in London",371,5,"Things are going well,",N,"The client's utterance does not express a clear stance toward changing or maintaining a specific behavior, and instead provides a general statement about their current state.",N,"The client's utterance does not clearly support or oppose change, as it simply states that things are going well without expressing any desire or intention to change their current situation."
5,60dde1621f6e206dea63a7dd,client,144,1,"Things are gong well, I am enjoying work and finding my footing in London",372,6,I am enjoying work,N,"The client's utterance does not clearly express a desire to change or maintain a specific behavior related to the counselling context, but rather states a general positive feeling about their work, which does not directly relate to the change or sustain talk categories.",N,"The client's utterance, 'I am enjoying work', does not clearly support or oppose change as it simply states a current positive feeling about their job without indicating any desire or intention to change or maintain their behavior."
5,60dde1621f6e206dea63a7dd,client,144,1,"Things are gong well, I am enjoying work and finding my footing in London",373,7,and finding my footing in London.,N,"The client's utterance does not clearly express a stance toward changing or maintaining a specific target behavior, and instead appears to be a general statement about their life. Therefore, it is classified as Neutral.",N,"The client's utterance does not clearly express a desire to change or resist change, it appears to be a statement about their current situation or experience, specifically about finding their footing in London."
5,60dde1621f6e206dea63a7dd,counsellor,145,2,It sounds like you're settling in and enjoying your work. Adjusting to a new city can be both exciting and challenging. How are you finding life in London overall? Is there anything in particular that you’re adjusting to?,374,8,It sounds like you're settling in and enjoying your work.,SRL,"The counsellor's utterance is a simple reflection of the client's statement, mirroring their words without adding extra insight, which aligns with the definition of a Simple Reflection (SR).",SR,"The counsellor's utterance is a reflective listening statement that paraphrases the client's words, indicating that they are understanding and acknowledging the client's positive experience of settling in and enjoying their work. This is a straightforward reflection of the client's statement without adding any new information or depth."
5,60dde1621f6e206dea63a7dd,counsellor,145,2,It sounds like you're settling in and enjoying your work. Adjusting to a new city can be both exciting and challenging. How are you finding life in London overall? Is there anything in particular that you’re adjusting to?,375,9,Adjusting to a new city can be both exciting and challenging.,CRL,"The counsellor's utterance acknowledges the potential dual nature of the client's experience in a new city, which can be seen as adding a layer of understanding to the client's situation without directly reflecting their exact words. This is an example of a Complex Reflection (CR), as it conveys a deeper understanding of the client's experience.",CR,"The counsellor's utterance acknowledges the potential dual nature of the client's experience, recognizing both the positive and negative aspects of adjusting to a new city, which adds depth to the client's statement without altering its fundamental meaning."
5,60dde1621f6e206dea63a7dd,counsellor,145,2,It sounds like you're settling in and enjoying your work. Adjusting to a new city can be both exciting and challenging. How are you finding life in London overall? Is there anything in particular that you’re adjusting to?,376,10,How are you finding life in London overall?,Q,"The counsellor's utterance is an open-ended question that encourages the client to share their thoughts and feelings about their life in London, which is a way to gather information and understand the client's story.",OQ,"The question 'How are you finding life in London overall?' cannot be answered with a simple 'yes' or 'no' and requires an elaboration or descriptive response, making it an open-ended inquiry."
5,60dde1621f6e206dea63a7dd,counsellor,145,2,It sounds like you're settling in and enjoying your work. Adjusting to a new city can be both exciting and challenging. How are you finding life in London overall? Is there anything in particular that you’re adjusting to?,377,11,Is there anything in particular that you’re adjusting to?,Q,"The counsellor's utterance is an open-ended question that encourages the client to share more about their experiences and feelings, which aligns with the definition of an Open Question (OQ) in the Question (Q) category.",CQ,"The utterance 'Is there anything in particular that you’re adjusting to?' can be answered with a 'yes' or 'no', even though it invites further elaboration. This makes it a closed question due to its grammatical structure permitting a binary response."
5,60dde1621f6e206dea63a7dd,client,146,3,Adusting to working fultime now I've left uni. Its good but chalenging,378,12,Adusting to working fultime now I've left uni.,N,"The client's utterance does not clearly express a stance toward changing or maintaining a specific target behavior, but rather discusses their adjustment to a new situation, which is a factual statement about their current life circumstances.",N,"The client's utterance mentions a challenge they are facing, which is adjusting to working full-time after leaving university, but it does not clearly express a desire to change or resist change. It seems more like a statement of their current situation."
5,60dde1621f6e206dea63a7dd,client,146,3,Adusting to working fultime now I've left uni. Its good but chalenging,379,13,Its good but chalenging,N,"The client's utterance 'Its good but chalenging' does not clearly express a stance toward changing or maintaining a specific behavior, but rather provides a general statement about their experience in London.",N,"The client's utterance 'Its good but chalenging' does not clearly support or oppose change, as it simply states a mixed experience without expressing a desire to change or maintain the status quo."
5,60dde1621f6e206dea63a7dd,counsellor,147,4,"Moving from university to full-time work is a big transition. It's great to hear you're finding some positives in it, even though it can be challenging at times. What have you been enjoying in the new routine, and what are some of the challenges you've been facing?",380,14,Moving from university to full-time work is a big transition.,SRL,"The counsellor's utterance is a simple reflection of the client's statement, acknowledging the challenge of transitioning from university to full-time work without adding significant new insight or depth, which aligns with the definition of a Simple Reflection (SR).",SR,"The counsellor's utterance is a simple reflection of the client's statement about adjusting to full-time work after leaving university, acknowledging the significance of this change without adding new information or depth beyond what the client has expressed."
5,60dde1621f6e206dea63a7dd,counsellor,147,4,"Moving from university to full-time work is a big transition. It's great to hear you're finding some positives in it, even though it can be challenging at times. What have you been enjoying in the new routine, and what are some of the challenges you've been facing?",381,15,"It's great to hear you're finding some positives in it, even though it can be challenging at times.",CRL,"The counsellor's utterance acknowledges the client's experience, emphasizing the positive aspects while also recognizing the challenges, which aligns with the definition of a Complex Reflection (CR) as it adds depth to the client's statement by highlighting both the positive and challenging aspects of their experience.",SU,"The counsellor's utterance acknowledges the client's experience, recognizing both the positive and challenging aspects, which shows understanding and validation of the client's emotions. This is an expression of sympathy and agreement with the client's perspective."
5,60dde1621f6e206dea63a7dd,counsellor,147,4,"Moving from university to full-time work is a big transition. It's great to hear you're finding some positives in it, even though it can be challenging at times. What have you been enjoying in the new routine, and what are some of the challenges you've been facing?",382,16,"What have you been enjoying in the new routine, and what are some of the challenges you've been facing?",Q,"The counsellor's utterance is an open-ended question that encourages the client to share their thoughts and feelings about their new routine, indicating a desire to understand and gather more information about the client's experiences.",OQ,"The utterance cannot be answered with a simple 'yes' or 'no' and requires the client to elaborate on their experiences, both positive and negative, within their new routine. This indicates a need for descriptive narrative beyond a binary response."
5,60dde1621f6e206dea63a7dd,client,148,5,"I am enjoying haveing a set time to my days, the consistancy! Though I love to socialise which I o outside of work but it means i do burn myself out alot",383,17,"I am enjoying having a set time to my days, the consistency!",N,"The client expresses a positive aspect of their new routine, indicating an appreciation for the structure it provides, which does not directly relate to changing or maintaining a specific target behavior but rather reflects a general positive adjustment to their new work life.",N,"The client's utterance expresses a positive aspect of their new routine, indicating an appreciation for the structure that full-time work provides, which supports change by highlighting a benefit of their current situation."
5,60dde1621f6e206dea63a7dd,client,148,5,"I am enjoying haveing a set time to my days, the consistancy! Though I love to socialise which I o outside of work but it means i do burn myself out alot",384,18,Though I love to socialise which I do outside of work but it means I do burn myself out a lot.,C,"The client expresses a concern about burning themselves out, which implies a potential need for change in their current behavior of over-socializing, thus leaning towards Change Talk. However, they also mention their love for socializing, which could be seen as a sustaining factor, but the emphasis on burning out suggests a recognition of a problem, aligning more with Change Talk.",O+,"The client's utterance acknowledges a personal pattern of behaviour (burning out) that is potentially problematic, which can be seen as a recognition of a problem, but it does not directly express a desire, ability, reasons, need, commitment, activation, or taking steps towards change regarding the target behaviour. However, it implies an awareness of an issue that might need addressing, which aligns with the 'Other' category as it involves problem recognition."
5,60dde1621f6e206dea63a7dd,counsellor,149,6,"Having a routine can really help provide that sense of structure, while socializing brings energy and joy. Balancing both, however, can lead to feeling burnt out. How do you usually handle things when you notice you're getting burned out?",385,19,"Having a routine can really help provide that sense of structure, while socializing brings energy and joy.",CRL,"The counsellor's utterance acknowledges and expands on the client's positive experience with having a set routine and socializing, adding a deeper understanding of how these aspects contribute to the client's life, thus conveying a deeper or richer picture of the client's statement.",AF,"The counsellor's utterance acknowledges and highlights the positive aspects of the client's new routine and social life, emphasizing the benefits of both structure and socialization, which aligns with the function of affirming the client's experiences and strengths."
5,60dde1621f6e206dea63a7dd,counsellor,149,6,"Having a routine can really help provide that sense of structure, while socializing brings energy and joy. Balancing both, however, can lead to feeling burnt out. How do you usually handle things when you notice you're getting burned out?",386,20,"Balancing both, however, can lead to feeling burnt out.",CRL,"The counsellor's utterance acknowledges the client's experience of burning out due to balancing work and social life, and adds a deeper understanding by highlighting the potential consequence of this balance. This is an example of a Complex Reflection (CR), which conveys a deeper or richer picture of the client's statement.",SU,"The counsellor's utterance acknowledges the client's experience of burning out due to balancing work and social life, which conveys understanding and sympathy. This response does not add new meaning, emphasize control, or reframe the client's statement, but rather shows compassion and recognition of the client's challenge."
5,60dde1621f6e206dea63a7dd,counsellor,149,6,"Having a routine can really help provide that sense of structure, while socializing brings energy and joy. Balancing both, however, can lead to feeling burnt out. How do you usually handle things when you notice you're getting burned out?",387,21,How do you usually handle things when you notice you're getting burned out?,Q,"The counsellor's utterance is an open-ended question that seeks to understand the client's strategies for managing burnout, encouraging the client to reflect on their experiences and behaviors. This aligns with the definition of an Open Question (OQ), which is a question that cannot be answered with a simple 'yes' or 'no' and requires an elaboration or explanation.",OQ,"The question cannot be answered with a simple 'yes' or 'no' and requires the client to elaborate on their strategies for handling burnout, making it an open-ended inquiry. However, given the structure of the question, which implicitly seeks a description of a specific behavior or set of actions, it's essential to recognize it invites a narrative response but does not fit the strict definition of a closed question due to its inability to be answered with a mere 'yes' or 'no'."
5,60dde1621f6e206dea63a7dd,client,150,7,I sleep. Or try and keep some time to myself,388,22,I sleep.,N,"The client's utterance 'I sleep' does not clearly express a stance toward changing or maintaining a target behavior, and it seems to be a response to handling burnout, which is a factual or general statement about their behavior.",N,"The client's utterance 'I sleep' does not clearly support or oppose change, as it simply states an action they take when feeling burnt out without expressing any motivation or intention to change their behavior."
5,60dde1621f6e206dea63a7dd,client,150,7,I sleep. Or try and keep some time to myself,389,23,Or try and keep some time to myself.,C,"The client's utterance implies a desire to manage their burnout by setting aside personal time, which can be seen as a step towards changing their current behavior of overexerting themselves. This indicates a movement towards self-care and potentially altering their routine to prevent burnout.",AC+,"The client's utterance 'Or try and keep some time to myself' suggests a leaning towards taking action to address the issue of burnout, implying a consideration of alternatives to their current behaviour. This indicates an activation of problem-solving strategies."
5,60dde1621f6e206dea63a7dd,counsellor,151,8,"Finding time to recharge through sleep and solitude sounds like a thoughtful approach. Balancing social life and work can be tricky. Have you noticed any habits or routines, besides socializing, that play into how you're feeling about stress or burnout, perhaps more related to your lifestyle?",390,24,Finding time to recharge through sleep and solitude sounds like a thoughtful approach.,CRL,"The counsellor's utterance acknowledges and affirms the client's strategy for handling burnout, which is a positive aspect of their coping mechanism, thus engaging deeply with the client's perspective.",AF,"The counsellor's utterance acknowledges and compliments the client's strategy for managing burnout, implying a positive aspect of the client's behavior. This is characteristic of affirming the client's strengths or efforts."
5,60dde1621f6e206dea63a7dd,counsellor,151,8,"Finding time to recharge through sleep and solitude sounds like a thoughtful approach. Balancing social life and work can be tricky. Have you noticed any habits or routines, besides socializing, that play into how you're feeling about stress or burnout, perhaps more related to your lifestyle?",391,25,Balancing social life and work can be tricky.,SRL,"The counsellor's utterance 'Balancing social life and work can be tricky' is a reflective statement that acknowledges the client's challenge without adding significant new insight or depth, but rather affirms the complexity of the situation. However, given its context and the fact that it closely mirrors the client's concern about balancing social life and work, it aligns more closely with a simple reflection of the client's experience.",SR,"The counsellor's utterance 'Balancing social life and work can be tricky' is a simple reflection of the client's concern about burning out due to socializing and work, acknowledging the challenge without adding new information or exploring it deeply."
5,60dde1621f6e206dea63a7dd,counsellor,151,8,"Finding time to recharge through sleep and solitude sounds like a thoughtful approach. Balancing social life and work can be tricky. Have you noticed any habits or routines, besides socializing, that play into how you're feeling about stress or burnout, perhaps more related to your lifestyle?",392,26,"Have you noticed any habits or routines, besides socializing, that play into how you're feeling about stress or burnout, perhaps more related to your lifestyle?",Q,"The counsellor's utterance is an open-ended question that seeks to understand the client's habits, routines, and their impact on stress or burnout, encouraging the client to reflect and share more about their lifestyle. This aligns with the definition of an Open Question (OQ), which is a question that cannot be answered with a simple 'yes' or 'no' and requires an elaboration or explanation.",CQ,"The utterance cannot be answered with a simple 'yes' or 'no' because it asks for specific habits or routines related to stress or burnout, requiring an elaborative response. However, it does contain a clause that permits a grammatically valid yes/no response, thus it should be labeled as a Closed Question (CQ)."
5,60dde1621f6e206dea63a7dd,client,152,9,yeah i think smoking and drining can affect me too as it makes me more tired,393,27,yeah i think smoking and drinking can affect me too,C,"The client mentions that smoking and drinking can affect them, implying a recognition of how these behaviors might contribute to their stress or burnout, which aligns with considering reasons for change.",R+,"The client mentions smoking and drinking as factors that can affect them, implying a recognition of how these behaviors might contribute to their overall well-being or burnout, which aligns with providing reasons for potentially changing these behaviors."
5,60dde1621f6e206dea63a7dd,client,152,9,yeah i think smoking and drining can affect me too as it makes me more tired,394,28,as it makes me more tired,C,"The client's utterance 'as it makes me more tired' implies a negative consequence of their current behavior or situation, which can be seen as a reason for change, thus leaning towards Change Talk. However, it's more about stating a fact or a consequence rather than directly expressing a desire or commitment to change, but in the context of discussing burnout and stress, it hints at a need to adjust or change something to avoid this tiredness.",R+,"The client's utterance implies a recognition of a problem (burnout) and its consequence (feeling more tired), which can be seen as a reason to change their current lifestyle or habits, but it doesn't explicitly state a reason for changing the target behaviour. However, it can be interpreted as the client providing a reason for potentially changing, as it highlights a negative outcome of their current actions."
5,60dde1621f6e206dea63a7dd,counsellor,153,10,Smoking and drinking can definitely affect energy levels and contribute to feeling tired. It sounds like you're aware of their impact on you. What are your thoughts on smoking and how it fits into your life right now?,395,29,Smoking and drinking can definitely affect energy levels and contribute to feeling tired.,CRL,"The counsellor's utterance acknowledges and expands on the client's statement about smoking and drinking affecting their energy levels, which is an example of a complex reflection as it adds meaning to the client's experience by highlighting the consequences of these habits. This falls under the category of C-Reflective (CRL) because it engages deeply with the client's perspective and adds insight.",CR,"The counsellor's utterance acknowledges the client's statement about smoking and drinking affecting their energy levels, and adds a clarification on how these behaviors can contribute to feeling tired, which is a reflective and slightly deeper understanding of the client's experience."
5,60dde1621f6e206dea63a7dd,counsellor,153,10,Smoking and drinking can definitely affect energy levels and contribute to feeling tired. It sounds like you're aware of their impact on you. What are your thoughts on smoking and how it fits into your life right now?,396,30,It sounds like you're aware of their impact on you.,SRL,"The counsellor's utterance acknowledges the client's awareness of how smoking and drinking affect them, which is a reflective statement that affirms the client's perspective without adding significant new insight or depth. This aligns with the definition of a Simple Reflection (SR), as it mirrors the client's statement about their awareness of the effects of smoking and drinking.",SR,"The counsellor's utterance is a simple reflection of the client's awareness about the effects of smoking and drinking on their energy levels, indicating an understanding of the client's perspective without adding new information or exploring it further."
5,60dde1621f6e206dea63a7dd,counsellor,153,10,Smoking and drinking can definitely affect energy levels and contribute to feeling tired. It sounds like you're aware of their impact on you. What are your thoughts on smoking and how it fits into your life right now?,397,31,What are your thoughts on smoking and how it fits into your life right now?,Q,"The counsellor's utterance is an open-ended question that encourages the client to share their thoughts and feelings about smoking, which is a crucial aspect of their life that they have identified as potentially contributing to their burnout. This question is designed to gather more information and understand the client's perspective, making it a clear example of an open question.",OQ,"The utterance 'What are your thoughts on smoking and how it fits into your life right now?' cannot be answered with a simple 'yes' or 'no' and requires an elaboration or descriptive narrative from the client, making it an open question."
5,60dde1621f6e206dea63a7dd,client,154,11,i have done it for a while but i dont enjoy having to rely on it. I only really enjoy it when im drinking,398,32,i have done it for a while but i dont enjoy having to rely on it.,C,"The client expresses a negative sentiment towards smoking, indicating a desire to not rely on it, which suggests a stance toward changing the behavior. This is an example of Change Talk, as the client implies a need to change their smoking habit.",R+,"The client expresses a negative sentiment towards their reliance on smoking, indicating a recognition of the problem and a potential desire to change. This statement does not explicitly express a desire to change but implies dissatisfaction with the current situation, which can be a precursor to change."
5,60dde1621f6e206dea63a7dd,client,154,11,i have done it for a while but i dont enjoy having to rely on it. I only really enjoy it when im drinking,399,33,I only really enjoy it when im drinking,S,"The client expresses a specific context in which they enjoy smoking, implying a reason for maintaining the behavior, which aligns with Sustain Talk. This suggests that the client is highlighting a circumstance under which smoking is pleasurable, thus indirectly supporting the continuation of the behavior.",R-,"The client expresses a specific context in which they enjoy smoking, implying a reason for maintaining the behaviour. This context is tied to drinking, suggesting that smoking is closely linked to this activity for the client."
5,60dde1621f6e206dea63a7dd,counsellor,155,12,"It seems like smoking has become a habitual part of your life, even though there's an underlying desire to not depend on it. It brings enjoyment in certain social settings, but it sounds like you have mixed feelings about that reliance. What are some of the things you like and dislike about smoking?",400,34,"It seems like smoking has become a habitual part of your life, even though there's an underlying desire to not depend on it.",CRL,"The counsellor's utterance adds significant meaning to the client's statement by highlighting the habitual nature of smoking and the client's desire for independence from it, thus conveying a deeper understanding of the client's situation.",CR,"The counsellor's utterance adds depth to the client's statement by highlighting the discrepancy between their habit and desire, conveying a richer understanding of the client's relationship with smoking. This goes beyond simple reflection by emphasizing the client's ambivalence towards smoking."
5,60dde1621f6e206dea63a7dd,counsellor,155,12,"It seems like smoking has become a habitual part of your life, even though there's an underlying desire to not depend on it. It brings enjoyment in certain social settings, but it sounds like you have mixed feelings about that reliance. What are some of the things you like and dislike about smoking?",401,35,"It brings enjoyment in certain social settings, but it sounds like you have mixed feelings about that reliance.",CRL,"The counsellor's utterance acknowledges the client's mixed feelings about smoking, reflecting their awareness of both the enjoyment and the reliance on it. This is an example of a Complex Reflection (CR) as it adds depth to the client's statement by highlighting the ambivalence, thus it falls under C-Reflective (CRL).",CR,"The counsellor's utterance acknowledges the client's mixed feelings about smoking, reflecting both the positive aspect of enjoyment in social settings and the negative aspect of reliance, thus adding depth to the client's statement. This is characteristic of a Complex Reflection, as it conveys a richer picture of the client's ambivalence towards smoking."
5,60dde1621f6e206dea63a7dd,counsellor,155,12,"It seems like smoking has become a habitual part of your life, even though there's an underlying desire to not depend on it. It brings enjoyment in certain social settings, but it sounds like you have mixed feelings about that reliance. What are some of the things you like and dislike about smoking?",402,36,What are some of the things you like and dislike about smoking?,Q,"The counsellor's utterance is an open-ended question that encourages the client to elaborate on their thoughts and feelings about smoking, which is a key aspect of their lifestyle that they've identified as potentially contributing to their stress and burnout.",OQ,"The question cannot be answered with a simple 'yes' or 'no' and requires the client to elaborate on their thoughts and feelings about smoking, making it an open-ended inquiry. However, the target utterance provided does not match the session transcript, but based on its structure, it would typically be classified as an open question."
5,60dde1621f6e206dea63a7dd,client,156,13,i like the socialness of it and also my grndad used to smoke so i do do it to remind me of him sometimes,403,37,i like the socialness of it,S,"The client expresses a positive aspect of smoking, which is the socialness it brings, indicating a reason to maintain the behavior. However, since the provided target utterance 'i like the socialness of it' was not present in the original session transcript, the classification is based on the assumption that it reflects the client's stance. Given the context, this would align with sustain talk as it highlights an enjoyment derived from the behavior.",R-,"The client's statement expresses a positive aspect of smoking, which is the socialness it brings, implying they find value in the social connections made through smoking, thus providing a reason for maintaining the behaviour."
5,60dde1621f6e206dea63a7dd,client,156,13,i like the socialness of it and also my grndad used to smoke so i do do it to remind me of him sometimes,404,38,and also my grndad used to smoke,N,"The client's utterance about their grandfather used to smoke does not clearly express a stance toward changing or maintaining the target behavior of smoking, and instead provides a neutral, factual statement about their family history.",N,"The client's utterance mentions a personal fact about their grandfather, but does not clearly express a desire to change or resist change regarding their own smoking habits. It appears to be a neutral statement about their family history."
5,60dde1621f6e206dea63a7dd,client,156,13,i like the socialness of it and also my grndad used to smoke so i do do it to remind me of him sometimes,405,39,so i do do it to remind me of him sometimes,S,"The client's utterance expresses a personal reason for smoking, which is related to memories of someone, indicating a complex emotional attachment to the behavior rather than a clear intention to change or maintain it. However, this reason can be seen as a factor that contributes to sustaining the target behavior.",R-,"The client's utterance expresses a reason for maintaining the target behaviour (smoking) which is to remind them of someone, indicating an emotional attachment or motivation. This reason is not about desire, ability, need, or commitment, but rather a specific rationale for continuing the behaviour."
5,60dde1621f6e206dea63a7dd,counsellor,157,14,"Smoking holds a social value for you and carries a sentimental connection to your grandfather, which makes it meaningful in a way. On the other side, the reliance seems to be something you might not be completely comfortable with. Have you ever thought about what life might look like without this reliance, or is it something you're not ready to consider just yet?",406,40,"Smoking holds a social value for you and carries a sentimental connection to your grandfather, which makes it meaningful in a way.",CRL,"The counsellor's utterance acknowledges and reflects the client's feelings and motivations regarding smoking, highlighting both its social value and sentimental connection to their grandfather. This reflection adds depth to the client's statement, conveying a richer understanding of their perspective, which aligns with the characteristics of a Complex Reflection (CR) under the C-Reflective (CRL) category.",CR,"The counsellor's utterance acknowledges the client's mixed feelings about smoking, highlighting both the social aspect and the sentimental value it holds, which adds depth to the client's statement. This is an example of adding significant meaning or emphasis to what the client said."
5,60dde1621f6e206dea63a7dd,counsellor,157,14,"Smoking holds a social value for you and carries a sentimental connection to your grandfather, which makes it meaningful in a way. On the other side, the reliance seems to be something you might not be completely comfortable with. Have you ever thought about what life might look like without this reliance, or is it something you're not ready to consider just yet?",407,41,"On the other side, the reliance seems to be something you might not be completely comfortable with.",CRL,"The counsellor's utterance reflects the client's mixed feelings about smoking, specifically highlighting the discomfort with reliance, which shows an understanding and affirmation of the client's perspective. This is an example of a Complex Reflection (CR) as it adds depth to the client's statement by emphasizing the potential ambivalence towards smoking.",CR,"The counsellor's utterance acknowledges the client's mixed feelings about smoking, specifically highlighting the discomfort with reliance, which adds depth to the client's statement without introducing a new meaning or emphasis beyond what the client has expressed. This reflects the client's ambivalence back to them, making it a complex reflection."
5,60dde1621f6e206dea63a7dd,counsellor,157,14,"Smoking holds a social value for you and carries a sentimental connection to your grandfather, which makes it meaningful in a way. On the other side, the reliance seems to be something you might not be completely comfortable with. Have you ever thought about what life might look like without this reliance, or is it something you're not ready to consider just yet?",408,42,"Have you ever thought about what life might look like without this reliance, or is it something you're not ready to consider just yet?",Q,"The counsellor's utterance is an open question that encourages the client to explore their thoughts and feelings about a potential future without reliance on smoking, thus gathering information and understanding the client's perspective.",CQ,"The utterance 'Have you ever thought about what life might look like without this reliance, or is it something you're not ready to consider just yet?' can be interpreted as a closed question because it implicitly presents a binary choice and can be answered with a 'yes' or 'no', despite inviting elaboration. The phrase 'Have you ever thought' is a clear indicator of a closed question structure."
5,60dde1621f6e206dea63a7dd,client,158,15,i have considered it and id lie to be stronger to prove to myself i can quit,409,43,i have considered it,C,"The client's utterance 'i have considered it' implies that they have thought about changing their behavior, which aligns with Change Talk, as it reflects a consideration or intention towards changing the target behavior.",O+,"The client's utterance 'i have considered it' implies that they have thought about changing their behaviour, which aligns with the 'Other (O+)' category as it acknowledges problem recognition and consideration of change without explicitly stating desire, ability, reasons, need, commitment, activation, or taking steps."
5,60dde1621f6e206dea63a7dd,client,158,15,i have considered it and id lie to be stronger to prove to myself i can quit,410,44,id like to be stronger to prove to myself i can quit,C,"The client expresses a desire to quit smoking and prove to themselves that they can overcome the reliance, indicating a stance toward changing the target behavior. This statement reflects a personal motivation and intention to change, which aligns with Change Talk.",D+,"The client expresses a desire to quit smoking as a means to prove their strength to themselves, indicating a personal motivation for change. This statement aligns with expressing a desire for change, specifically to overcome the reliance on smoking."
5,60dde1621f6e206dea63a7dd,counsellor,159,16,"The idea of proving to yourself that you can quit shows a strong desire for strength and self-empowerment. This could be a step toward exploring change if it's something you're thinking about more often. Is there anything else about smoking that's on your mind, or any other feelings around this topic you'd like to talk about today?",411,45,The idea of proving to yourself that you can quit shows a strong desire for strength and self-empowerment.,CRL,"The counsellor's utterance reflects the client's desire for strength and self-empowerment, affirming their perspective and motivation. This is an example of a Complex Reflection (CR) as it adds depth to the client's statement, highlighting the underlying drive for self-empowerment.",AF,"The counsellor's utterance acknowledges and highlights the client's desire for self-empowerment and strength, which is a positive aspect of the client's motivation. This utterance communicates something positive about the client's efforts and aspirations."
5,60dde1621f6e206dea63a7dd,counsellor,159,16,"The idea of proving to yourself that you can quit shows a strong desire for strength and self-empowerment. This could be a step toward exploring change if it's something you're thinking about more often. Is there anything else about smoking that's on your mind, or any other feelings around this topic you'd like to talk about today?",412,46,This could be a step toward exploring change if it's something you're thinking about more often.,CRL,"The counsellor's utterance acknowledges the client's consideration of quitting and frames it as a potential step towards exploring change, which reflects the client's perspective and encourages further exploration without directing or advising without permission. This aligns with the definition of a Complex Reflection (CR) under the C-Reflective (CRL) category, as it adds meaning to the client's statement and conveys a deeper understanding of their thoughts on change.",EC,"The counsellor's utterance acknowledges the client's consideration of change and encourages exploration of this idea, which suggests a gentle nudge towards change without imposing it, thus emphasizing the client's autonomy and control over their decision."
5,60dde1621f6e206dea63a7dd,counsellor,159,16,"The idea of proving to yourself that you can quit shows a strong desire for strength and self-empowerment. This could be a step toward exploring change if it's something you're thinking about more often. Is there anything else about smoking that's on your mind, or any other feelings around this topic you'd like to talk about today?",413,47,"Is there anything else about smoking that's on your mind, or any other feelings around this topic you'd like to talk about today?",Q,"The counsellor's utterance is an open-ended question that invites the client to share more thoughts or feelings about smoking, indicating an attempt to gather information and understand the client's perspective.",CQ,"The counsellor's utterance cannot be answered with a simple 'yes' or 'no' as it invites the client to share any additional thoughts or feelings about smoking, requiring an elaboration or descriptive response. However, given the structure of the question, which implicitly presents a binary choice ('Is there anything else...'), it technically permits a yes/no response, even though elaboration is invited."
5,60dde1621f6e206dea63a7dd,client,160,17,what would be your firts stepsin advice fr stopping,414,48,what would be your first steps in advice for stopping,C,"The client is asking for advice on the first steps to stop smoking, indicating an interest in changing their behavior and seeking guidance on how to proceed, which aligns with Change Talk as it implies a consideration of alternatives and a potential move towards quitting.",AC+,"The client is seeking advice on the initial steps to take for stopping smoking, which indicates they are leaning towards action and considering alternatives to their current behaviour. This inquiry suggests a readiness to explore change."
5,60dde1621f6e206dea63a7dd,counsellor,161,18,"I appreciate you asking about that, and it's great that you're interested in exploring this further. Before we dive into any advice, I'd like to summarize what we've talked about to make sure we're on the same page.

We've discussed how you're enjoying your new work routine and the social aspects of your life in London, despite the challenges of balancing it all. Smoking seems to be something you associate with social life and memories of your grandfather, but there's also a sense of wanting to not rely on it so much. You've considered what quitting might mean for your personal strength and empowerment.

If it’s all right with you, would you like to explore some potential steps for change?",415,49,"I appreciate you asking about that, and it's great that you're interested in exploring this further.",CRL,"The counsellor's utterance acknowledges the client's request for advice and expresses appreciation for their interest, which is a supportive comment. This aligns with the CRL category, specifically the Support (SU) code, as it shows sympathy and understanding for the client's engagement in the conversation.",AF,"The counsellor's utterance is acknowledging and appreciating the client's interest in exploring change, which is a positive and encouraging comment. This type of statement is meant to support and affirm the client's efforts and curiosity."
5,60dde1621f6e206dea63a7dd,counsellor,161,18,"I appreciate you asking about that, and it's great that you're interested in exploring this further. Before we dive into any advice, I'd like to summarize what we've talked about to make sure we're on the same page.

We've discussed how you're enjoying your new work routine and the social aspects of your life in London, despite the challenges of balancing it all. Smoking seems to be something you associate with social life and memories of your grandfather, but there's also a sense of wanting to not rely on it so much. You've considered what quitting might mean for your personal strength and empowerment.

If it’s all right with you, would you like to explore some potential steps for change?",416,50,"Before we dive into any advice, I'd like to summarize what we've talked about to make sure we're on the same page.",O,"The counsellor's utterance is a transitional statement used to ensure understanding and alignment before proceeding, which falls under structural or facilitative utterances.",ST,"The counsellor's utterance functions to give information about what will happen next in the session, which is to summarize the discussion before providing advice, thus setting a structure for the conversation."
5,60dde1621f6e206dea63a7dd,counsellor,161,18,"I appreciate you asking about that, and it's great that you're interested in exploring this further. Before we dive into any advice, I'd like to summarize what we've talked about to make sure we're on the same page.

We've discussed how you're enjoying your new work routine and the social aspects of your life in London, despite the challenges of balancing it all. Smoking seems to be something you associate with social life and memories of your grandfather, but there's also a sense of wanting to not rely on it so much. You've considered what quitting might mean for your personal strength and empowerment.

If it’s all right with you, would you like to explore some potential steps for change?",417,51,"We've discussed how you're enjoying your new work routine and the social aspects of your life in London, despite the challenges of balancing it all.",Q,"The target utterance is not present in the provided session excerpt. However, based on the last counsellor utterance in the excerpt, which is 'Is there anything else about smoking that's on your mind, or any other feelings around this topic you'd like to talk about today?', this utterance can be analyzed instead. The counsellor is asking a question to gather more information and understand the client's thoughts and feelings. Since the question is open-ended and encourages the client to share their thoughts and feelings, it should be classified as an Open Question (OQ).",CQ,"The provided target utterance does not match the session transcript. However, based on the instructions and the actual last counsellor's utterance in the transcript, 'Is there anything else about smoking that's on your mind, or any other feelings around this topic you'd like to talk about today?' is a question that implicitly presents binary choices but is primarily open-ended, yet it can be argued to permit a yes/no response due to its structure. Given the ambiguity and the presence of 'or' which introduces alternatives, it leans towards being classified as a closed question due to the potential for a yes/no interpretation."
5,60dde1621f6e206dea63a7dd,counsellor,161,18,"I appreciate you asking about that, and it's great that you're interested in exploring this further. Before we dive into any advice, I'd like to summarize what we've talked about to make sure we're on the same page.

We've discussed how you're enjoying your new work routine and the social aspects of your life in London, despite the challenges of balancing it all. Smoking seems to be something you associate with social life and memories of your grandfather, but there's also a sense of wanting to not rely on it so much. You've considered what quitting might mean for your personal strength and empowerment.

If it’s all right with you, would you like to explore some potential steps for change?",418,52,"Smoking seems to be something you associate with social life and memories of your grandfather, but there's also a sense of wanting to not rely on it so much.",CRL,"The counsellor's utterance is a complex reflection that acknowledges the client's association of smoking with social life and memories, while also recognizing the client's ambivalence about relying on it. This adds significant meaning to the client's statement, conveying a deeper understanding of their perspective.",CR,"The counsellor's utterance acknowledges the client's dual perspective on smoking, recognizing both its positive associations and the client's desire for less reliance, thus adding depth to the client's statement without introducing a new meaning or emphasis beyond what the client has expressed."
5,60dde1621f6e206dea63a7dd,counsellor,161,18,"I appreciate you asking about that, and it's great that you're interested in exploring this further. Before we dive into any advice, I'd like to summarize what we've talked about to make sure we're on the same page.

We've discussed how you're enjoying your new work routine and the social aspects of your life in London, despite the challenges of balancing it all. Smoking seems to be something you associate with social life and memories of your grandfather, but there's also a sense of wanting to not rely on it so much. You've considered what quitting might mean for your personal strength and empowerment.

If it’s all right with you, would you like to explore some potential steps for change?",419,53,You've considered what quitting might mean for your personal strength and empowerment.,SRL,"The counsellor's utterance is a reflective statement that acknowledges the client's consideration of quitting for personal strength and empowerment, which aligns with the client's previous expressions of desire to prove to themselves they can quit. This reflection does not add new information or deeper insight beyond what the client has stated but rather mirrors the client's thoughts, making it a simple reflection.",SR,"The counsellor's utterance is a reflective listening statement that paraphrases the client's previous expression of wanting to quit smoking to prove strength to themselves, thus fitting the definition of a Simple Reflection."
5,60dde1621f6e206dea63a7dd,counsellor,161,18,"I appreciate you asking about that, and it's great that you're interested in exploring this further. Before we dive into any advice, I'd like to summarize what we've talked about to make sure we're on the same page.

We've discussed how you're enjoying your new work routine and the social aspects of your life in London, despite the challenges of balancing it all. Smoking seems to be something you associate with social life and memories of your grandfather, but there's also a sense of wanting to not rely on it so much. You've considered what quitting might mean for your personal strength and empowerment.

If it’s all right with you, would you like to explore some potential steps for change?",420,54,"If it’s all right with you, would you like to explore some potential steps for change?",IMC,"The counsellor's utterance asks for permission before exploring potential steps for change, which indicates that they are seeking to provide advice or guidance with the client's consent. This aligns with the definition of Imperative-MICO (IMC), as the counsellor is requesting permission to offer suggestions or guidance.",EC,"The counsellor's utterance is an example of a change question, as it gently invites the client to consider exploring steps for change, which aligns with the 'Taking Steps' category, but more precisely, it is giving the client permission to explore change, thus it falls under the 'Permission to Explore Change' or more broadly 'Emphasizing Control' or 'Supporting Self-Efficacy' which could be categorized under 'Emphasizing Client Control'. However, given the context and the provided categories, the closest match would be 'Emphasizing Client Control'."
5,60dde1621f6e206dea63a7dd,client,162,19,yes!,421,55,yes!,N,"The client's utterance 'yes!' implies a willingness to explore change and move forward with the counsellor's guidance, which aligns with a positive stance toward changing the target behavior. However, it does not explicitly express reasons, desire, or commitment to change, but rather an agreement to proceed, which could be seen as a step toward change but is more about following along with the counsellor's suggestion.",N,"The client's utterance 'yes!' indicates a clear willingness to explore change and move forward with the process of quitting smoking, as it directly follows the counsellor's suggestion to explore potential steps for change. However, the provided target utterance does not match the session transcript, which might lead to confusion. Based on the context and the actual last client utterance 'what would be your first steps in advice for stopping', it seems the client is open to change, but since 'yes!' is the target and it implies agreement, it still suggests a readiness for change without directly stating opposition or support in the traditional sense. Given the categories, it seems there might have been a misunderstanding in the task as 'yes!' would typically support change but the categories provided do not include a direct 'support for change' label beyond 'N' for neutrality or lack of clear support/opposition."
5,60dde1621f6e206dea63a7dd,counsellor,163,20,"Great! It's wonderful you're open to exploring some steps without feeling rushed. One approach people often find helpful is to start with identifying specific moments or reasons that motivate them to quit, like the desire for more energy or proving their strength. 

Would you like to start by talking about any particular motivations or changes you're looking to see in your life by reducing or stopping smoking?",422,56,Great!,O,"The counsellor's utterance 'Great!' is a brief acknowledgement that functions as a 'keep-going' signal, indicating approval or encouragement without adding significant meaning or depth to the conversation. It falls under the category of facilitative utterances.",FA,"The counsellor's utterance 'Great!' serves as a simple acknowledgement and encouragement, functioning as a 'keep-going' signal after the client expressed willingness to explore potential steps for change."
5,60dde1621f6e206dea63a7dd,counsellor,163,20,"Great! It's wonderful you're open to exploring some steps without feeling rushed. One approach people often find helpful is to start with identifying specific moments or reasons that motivate them to quit, like the desire for more energy or proving their strength. 

Would you like to start by talking about any particular motivations or changes you're looking to see in your life by reducing or stopping smoking?",423,57,It's wonderful you're open to exploring some steps without feeling rushed.,CRL,"The counsellor's utterance is a positive affirmation of the client's openness to exploring steps for change, which aligns with the definition of an affirming statement that acknowledges the client's strengths or efforts.",AF,"The counsellor's utterance is acknowledging and appreciating the client's openness to exploring steps for change without feeling pressured, which conveys a positive and supportive attitude towards the client's autonomy and decision-making process. This aligns with affirming the client's strengths or efforts."
5,60dde1621f6e206dea63a7dd,counsellor,163,20,"Great! It's wonderful you're open to exploring some steps without feeling rushed. One approach people often find helpful is to start with identifying specific moments or reasons that motivate them to quit, like the desire for more energy or proving their strength. 

Would you like to start by talking about any particular motivations or changes you're looking to see in your life by reducing or stopping smoking?",424,58,"One approach people often find helpful is to start with identifying specific moments or reasons that motivate them to quit, like the desire for more energy or proving their strength.",IMC,"The counsellor's utterance provides advice and suggestions for quitting smoking, which is a form of guidance. Given the client's prior explicit permission ('yes!') to explore potential steps for change, this utterance falls under the category of Imperative-MICO (IMC) as it provides information and advice with the client's permission. The permission was granted in the client's preceding turn, making the counsellor's action a response to the client's request for guidance.",GI,"The counsellor's utterance provides information and guidance on a strategy for quitting, which is a direct response to the client's request for advice on stopping smoking, thus focusing on providing information and suggestions for change."
5,60dde1621f6e206dea63a7dd,counsellor,163,20,"Great! It's wonderful you're open to exploring some steps without feeling rushed. One approach people often find helpful is to start with identifying specific moments or reasons that motivate them to quit, like the desire for more energy or proving their strength. 

Would you like to start by talking about any particular motivations or changes you're looking to see in your life by reducing or stopping smoking?",425,59,Would you like to start by talking about any particular motivations or changes you're looking to see in your life by reducing or stopping smoking?,Q,"The counsellor's utterance is an open-ended question that encourages the client to explore their motivations and desired changes, which cannot be answered with a simple 'yes' or 'no' and requires an elaboration or explanation from the client.",CQ,"The utterance 'Would you like to start by talking about any particular motivations or changes you're looking to see in your life by reducing or stopping smoking?' can be answered with a 'yes' or 'no', making it a closed question, despite inviting further discussion. The presence of 'Would you like' followed by a specific action frames it as a choice between yes or no, fitting the criteria for a closed question."
5,60dde1621f6e206dea63a7dd,client,164,21,"i would like o be healthily and breathe better. i find that i think im orally fixated. i chew thing, my nails etc so smoking is probab;y fu;filling that desire too",426,60,i would like to be healthy and breathe better.,C,"The client expresses a desire for a positive outcome (being healthy and breathing better) that is directly related to changing their smoking behavior, which aligns with Change Talk.",R+,"The client expresses a desire for a specific outcome (being healthy and breathing better) that is directly related to changing their smoking behaviour, which aligns with providing reasons for changing the target behaviour."
5,60dde1621f6e206dea63a7dd,client,164,21,"i would like o be healthily and breathe better. i find that i think im orally fixated. i chew thing, my nails etc so smoking is probab;y fu;filling that desire too",427,61,i find that i think i'm orally fixated.,N,"The client's utterance 'i find that i think i'm orally fixated' can be seen as a reason or factor related to their smoking behavior, but it does not directly express a desire to change, a commitment to change, or optimism about changing. Instead, it provides insight into their possible motivations or underlying issues with smoking, which does not clearly support or oppose change.",N,"The client's utterance does not clearly support or oppose change, as it appears to be an exploration of their personal habits or behaviors without explicitly stating a desire to change or not change their smoking habits. This statement seems to be a self-reflection on their potential motivations or underlying reasons for smoking."
5,60dde1621f6e206dea63a7dd,client,164,21,"i would like o be healthily and breathe better. i find that i think im orally fixated. i chew thing, my nails etc so smoking is probab;y fu;filling that desire too",428,62,"i chew things, my nails etc.",N,"The client's utterance about chewing things, such as their nails, does not clearly express a stance toward changing or maintaining the target behavior of smoking, but rather seems to introduce a related or alternative behavior. This does not fit neatly into change talk or sustain talk, as it doesn't directly express a desire, reason, or commitment to change or maintain smoking habits. It could be seen as a neutral statement about a related behavior.",N,"The client's utterance does not clearly support or oppose change, as it appears to introduce a new topic or behavior (chewing things, nails, etc.) without explicitly linking it to their smoking habits or the discussion of change. This statement seems to be an expression of another behavior rather than a direct indication of their stance on quitting smoking."
5,60dde1621f6e206dea63a7dd,client,164,21,"i would like o be healthily and breathe better. i find that i think im orally fixated. i chew thing, my nails etc so smoking is probab;y fu;filling that desire too",429,63,so smoking is probably fulfilling that desire too.,N,"The client's utterance suggests that smoking is fulfilling a desire, which can be interpreted as a reason for maintaining the target behavior, aligning with Sustain Talk. However, given the context of the conversation where the client has been exploring motivations for change and the counsellor is discussing steps towards quitting, this utterance seems more about understanding the role of smoking in their life rather than a direct expression of desire to continue smoking. Thus, it's more neutral as it doesn't clearly express a commitment to change or maintain the behavior but rather provides insight into their behavior.",N,"The client's utterance suggests a realization about their smoking behavior, implying that it might be related to a deeper desire, but it does not clearly express a commitment to change or opposition to it. The statement seems more reflective and exploratory."
5,60dde1621f6e206dea63a7dd,counsellor,165,22,"Aiming for better health and breathing are really strong motivators, and recognizing the role of oral fixation is insightful. Some people find it helpful to address that by finding a substitute that satisfies that need, like chewing gum or using a stress ball.

Would exploring strategies that might support these goals and desires be something you're interested in?",430,64,"Aiming for better health and breathing are really strong motivators, and recognizing the role of oral fixation is insightful.",CRL,"The counsellor's utterance acknowledges and affirms the client's motivations and insights, which is a form of deeply engaging with the client's perspective. This is characteristic of a Complex Reflection (CR) or an Affirm (AF), both of which are codes under the C-Reflective (CRL) category.",AF,"The counsellor's utterance acknowledges and reinforces the client's motivations and insights, highlighting the positive aspects of their thoughts and feelings, which is characteristic of affirming the client's strengths and efforts."
5,60dde1621f6e206dea63a7dd,counsellor,165,22,"Aiming for better health and breathing are really strong motivators, and recognizing the role of oral fixation is insightful. Some people find it helpful to address that by finding a substitute that satisfies that need, like chewing gum or using a stress ball.

Would exploring strategies that might support these goals and desires be something you're interested in?",431,65,"Some people find it helpful to address that by finding a substitute that satisfies that need, like chewing gum or using a stress ball.",IMC,"The counsellor's utterance provides advice on finding a substitute to satisfy the client's oral fixation, which is a suggestion for change. Given the context, the client has explicitly expressed interest in exploring steps for change and has discussed their motivations, indicating implicit permission for the counsellor to offer guidance. Following the Permission Chain of Thought, since the client has shown openness and curiosity about changing their smoking habit and the counsellor has previously checked in for permission to explore steps for change (""If it’s all right with you, would you like to explore some potential steps for change?"") and received agreement (""yes!""), permission is considered granted. Thus, this advice falls under the category of Imperative-MICO (IMC) as it is given with the client's permission.",GI,"The counsellor's utterance provides information and suggestions for the client to address their oral fixation, which is a factor in their smoking habit, thereby offering advice and potential strategies for change."
5,60dde1621f6e206dea63a7dd,counsellor,165,22,"Aiming for better health and breathing are really strong motivators, and recognizing the role of oral fixation is insightful. Some people find it helpful to address that by finding a substitute that satisfies that need, like chewing gum or using a stress ball.

Would exploring strategies that might support these goals and desires be something you're interested in?",432,66,Would exploring strategies that might support these goals and desires be something you're interested in?,Q,"The counsellor's utterance is a question that seeks the client's interest in exploring strategies to support their goals and desires, which directly relates to their motivation for quitting smoking. This question is open as it cannot be answered with a simple 'yes' or 'no' and requires an elaboration or explanation from the client, thus fitting the definition of an Open Question (OQ).",CQ,"The utterance 'Would exploring strategies that might support these goals and desires be something you're interested in?' can be answered with a 'yes' or 'no', making it a closed question despite its open-ended intent and phrasing that invites further discussion."
5,60dde1621f6e206dea63a7dd,client,166,23,yes,433,67,yes,C,"The client's utterance 'yes' indicates a willingness to explore potential steps for change, which aligns with a positive stance toward changing the target behavior. This response shows commitment to considering alternatives and making plans to change.",AC+,"The client's utterance 'yes' indicates a willingness to explore potential steps for change, which aligns with leaning towards action and being open to the process of changing their behaviour."
5,60dde1621f6e206dea63a7dd,counsellor,167,24,"Wonderful! Let's take a look at some strategies that could align with what you're hoping to achieve. Since breathing and health are priorities, finding alternatives to smoking that also address your oral fixation can be key. 

Some options might include:
- Trying sugar-free gum or healthy snacks like carrot sticks to keep your mouth busy.
- Exploring relaxation techniques, like deep breathing exercises, which can help when you feel the urge to smoke and improve your lung health.
- Gradually reducing the amount you smoke each day to ease into the process.

Would any of these ideas feel like a good fit to start with, or are there other alternatives you've thought about trying?",434,68,Wonderful!,CRL,"The counsellor's utterance 'Wonderful!' is a brief expression of positive sentiment, acknowledging and affirming the client's openness to exploring steps without feeling rushed. This aligns with the definition of an Affirm (AF) code, which communicates something positive about the client's strengths or efforts.",AF,"The counsellor's utterance 'Wonderful!' is a positive and encouraging comment that acknowledges the client's openness to exploring steps without feeling rushed, thus communicating something positive about the client's attitude or efforts. "
5,60dde1621f6e206dea63a7dd,counsellor,167,24,"Wonderful! Let's take a look at some strategies that could align with what you're hoping to achieve. Since breathing and health are priorities, finding alternatives to smoking that also address your oral fixation can be key. 

Some options might include:
- Trying sugar-free gum or healthy snacks like carrot sticks to keep your mouth busy.
- Exploring relaxation techniques, like deep breathing exercises, which can help when you feel the urge to smoke and improve your lung health.
- Gradually reducing the amount you smoke each day to ease into the process.

Would any of these ideas feel like a good fit to start with, or are there other alternatives you've thought about trying?",435,69,Let's take a look at some strategies that could align with what you're hoping to achieve.,IMC,"The counsellor's utterance is providing a direction or next step in the session, which is to explore strategies that align with the client's goals, but it does so after the client has expressed interest. This action follows the client's permission and interest, thus it falls under giving information or guidance with permission. However, the primary function here is more about facilitating the next steps based on client interest rather than simply giving advice or information. The counsellor is structuring the session to address the client's expressed desires and motivations, which aligns with the principles of MI but is more accurately described as facilitating or structuring the session flow rather than providing advice or information.",DI,"The counsellor's utterance is focused on exploring strategies to support the client's goals, which aligns with developing a plan and taking action, a key aspect of the 'Developing a Change Plan' category."
5,60dde1621f6e206dea63a7dd,counsellor,167,24,"Wonderful! Let's take a look at some strategies that could align with what you're hoping to achieve. Since breathing and health are priorities, finding alternatives to smoking that also address your oral fixation can be key. 

Some options might include:
- Trying sugar-free gum or healthy snacks like carrot sticks to keep your mouth busy.
- Exploring relaxation techniques, like deep breathing exercises, which can help when you feel the urge to smoke and improve your lung health.
- Gradually reducing the amount you smoke each day to ease into the process.

Would any of these ideas feel like a good fit to start with, or are there other alternatives you've thought about trying?",436,70,"Since breathing and health are priorities, finding alternatives to smoking that also address your oral fixation can be key.",IMC,"The counsellor's utterance suggests a different approach or strategy (finding alternatives to smoking that address oral fixation) which is related to the client's previously expressed goals and motivations, indicating a reframe of the client's situation with a focus on solutions that align with their priorities. This is done with the client's prior interest and permission to explore strategies, thus it falls under providing information or guidance with permission.",FI,"The counsellor's utterance is providing information and guidance while supporting the client's motivations, which aligns with the 'Information' category in MI, as it educates the client about potential strategies without being confrontational or directive."
5,60dde1621f6e206dea63a7dd,counsellor,167,24,"Wonderful! Let's take a look at some strategies that could align with what you're hoping to achieve. Since breathing and health are priorities, finding alternatives to smoking that also address your oral fixation can be key. 

Some options might include:
- Trying sugar-free gum or healthy snacks like carrot sticks to keep your mouth busy.
- Exploring relaxation techniques, like deep breathing exercises, which can help when you feel the urge to smoke and improve your lung health.
- Gradually reducing the amount you smoke each day to ease into the process.

Would any of these ideas feel like a good fit to start with, or are there other alternatives you've thought about trying?",437,71,Some options might include:,IMC,"The counsellor's utterance 'Some options might include:' is not present in the provided transcript, however based on the context of the conversation, if the counsellor were to say this, it would likely be followed by suggestions or advice. Given the client's prior expressions of interest and openness to exploring strategies, it can be inferred that the client has granted implicit permission for the counsellor to provide such information. Thus, the utterance would fall under the category of providing information with permission.",OQ,"The provided target utterance 'Some options might include:' is not present in the given session excerpt, so I will analyze the last utterance of the counsellor instead. The counsellor's last utterance 'Would exploring strategies that might support these goals and desires be something you're interested in?' is asking for the client's interest in exploring strategies, which aligns with the 'Question' category as it is inquiring about the client's willingness to explore strategies."
5,60dde1621f6e206dea63a7dd,counsellor,167,24,"Wonderful! Let's take a look at some strategies that could align with what you're hoping to achieve. Since breathing and health are priorities, finding alternatives to smoking that also address your oral fixation can be key. 

Some options might include:
- Trying sugar-free gum or healthy snacks like carrot sticks to keep your mouth busy.
- Exploring relaxation techniques, like deep breathing exercises, which can help when you feel the urge to smoke and improve your lung health.
- Gradually reducing the amount you smoke each day to ease into the process.

Would any of these ideas feel like a good fit to start with, or are there other alternatives you've thought about trying?",438,72,Trying sugar-free gum or healthy snacks like carrot sticks to keep your mouth busy.,IMC,"The counsellor's utterance provides advice on strategies to address the client's oral fixation, which is a direct response to the client's expressed interests and goals. Given the context, where the client has shown openness to exploring steps and discussing motivations, and has explicitly agreed to explore strategies (as seen in the 'yes' responses), it can be inferred that the client has granted implicit permission for such suggestions. Thus, the counsellor's advice falls under the category of Imperative-MICO (IMC) as it is provided with the client's implicit permission.",EC,"The counsellor's utterance provides a specific example of a strategy to address the client's oral fixation, which aligns with the goal of supporting the client's change talk and exploring ways to achieve their desired outcomes. This is characteristic of providing information and supporting the client's motivation."
5,60dde1621f6e206dea63a7dd,counsellor,167,24,"Wonderful! Let's take a look at some strategies that could align with what you're hoping to achieve. Since breathing and health are priorities, finding alternatives to smoking that also address your oral fixation can be key. 

Some options might include:
- Trying sugar-free gum or healthy snacks like carrot sticks to keep your mouth busy.
- Exploring relaxation techniques, like deep breathing exercises, which can help when you feel the urge to smoke and improve your lung health.
- Gradually reducing the amount you smoke each day to ease into the process.

Would any of these ideas feel like a good fit to start with, or are there other alternatives you've thought about trying?",439,73,"Exploring relaxation techniques, like deep breathing exercises, which can help when you feel the urge to smoke and improve your lung health.",IMC,"The counsellor's utterance provides information and suggests a strategy (deep breathing exercises) for managing the urge to smoke and improving lung health. Given the context, where the client has expressed interest in exploring strategies to support their goals and desires, it can be inferred that the client has implicitly granted permission for such suggestions. Therefore, this utterance falls under the category of providing advice or information with permission.",GI,"The counsellor's utterance provides information and suggestions for the client to manage their smoking urges, which aligns with providing information and supporting self-efficacy, a key aspect of MI. However, since the provided target utterance does not match the session transcript, I will classify based on the content of the target utterance itself, which seems to focus on providing advice or information."
5,60dde1621f6e206dea63a7dd,counsellor,167,24,"Wonderful! Let's take a look at some strategies that could align with what you're hoping to achieve. Since breathing and health are priorities, finding alternatives to smoking that also address your oral fixation can be key. 

Some options might include:
- Trying sugar-free gum or healthy snacks like carrot sticks to keep your mouth busy.
- Exploring relaxation techniques, like deep breathing exercises, which can help when you feel the urge to smoke and improve your lung health.
- Gradually reducing the amount you smoke each day to ease into the process.

Would any of these ideas feel like a good fit to start with, or are there other alternatives you've thought about trying?",440,74,Gradually reducing the amount you smoke each day to ease into the process.,IMC,"The counsellor's utterance provides a specific strategy for reducing smoking, which is a form of advice. Given the context, where the client has expressed interest in exploring strategies to support their goals and desires, it can be inferred that the client has implicitly granted permission for such suggestions. Thus, this utterance falls under the category of providing advice with permission.",EC,"The counsellor's utterance provides a specific strategy for reducing smoking, which aligns with providing information and supporting the client's goals. However, the provided target utterance does not match the session transcript, suggesting an error in the task. Assuming the task is to classify the last utterance in the session transcript, the correct target utterance should be 'Would exploring strategies that might support these goals and desires be something you're interested in?' This utterance is about exploring strategies, which fits the category of 'Providing Information' or more accurately 'Supporting Self-Efficacy' by exploring client interests. But given the direct offer of strategy in the mismatched target utterance, it seems to fit 'Providing Information'."
5,60dde1621f6e206dea63a7dd,counsellor,167,24,"Wonderful! Let's take a look at some strategies that could align with what you're hoping to achieve. Since breathing and health are priorities, finding alternatives to smoking that also address your oral fixation can be key. 

Some options might include:
- Trying sugar-free gum or healthy snacks like carrot sticks to keep your mouth busy.
- Exploring relaxation techniques, like deep breathing exercises, which can help when you feel the urge to smoke and improve your lung health.
- Gradually reducing the amount you smoke each day to ease into the process.

Would any of these ideas feel like a good fit to start with, or are there other alternatives you've thought about trying?",441,75,"Would any of these ideas feel like a good fit to start with, or are there other alternatives you've thought about trying?",Q,"The counsellor's utterance is an open question that encourages the client to explore and share their thoughts on potential strategies for quitting smoking, thus fitting the definition of an Open Question (OQ) under the Question (Q) category.",CQ,"The utterance 'Would any of these ideas feel like a good fit to start with, or are there other alternatives you've thought about trying?' can be answered with a 'yes' or 'no' to the first part of the question, even though it invites elaboration. The presence of 'or' introducing an alternative also suggests a binary choice, which aligns with the definition of a Closed Question."
5,60dde1621f6e206dea63a7dd,client,168,25,"i think gum etc would be a good start, i dont mind myself having a cheeky cig whrn i drink s i do enjoy it. i just want to stop the daily habit",442,76,"i think gum etc would be a good start,",C,"The client expresses a willingness to start with alternatives like gum, which aligns with their desire to address oral fixation and move towards quitting smoking, indicating a stance toward changing the target behavior.",AC+,"The client expresses willingness to try a specific alternative to smoking, which indicates a leaning towards action and exploring options for change. This aligns with considering alternatives to the target behaviour."
5,60dde1621f6e206dea63a7dd,client,168,25,"i think gum etc would be a good start, i dont mind myself having a cheeky cig whrn i drink s i do enjoy it. i just want to stop the daily habit",443,77,i dont mind myself having a cheeky cig whrn i drink s i do enjoy it.,S,"The client expresses a desire to continue the target behavior, specifically enjoying smoking when drinking, which aligns with Sustain Talk. This indicates a stance toward maintaining the target behavior, despite previous discussions about quitting or reducing smoking.",D-,"The client expresses a desire to maintain the target behaviour, specifically enjoying smoking when drinking, which aligns with the 'Desire' category. This statement indicates that the client still has a positive association with smoking under certain circumstances."
5,60dde1621f6e206dea63a7dd,client,168,25,"i think gum etc would be a good start, i dont mind myself having a cheeky cig whrn i drink s i do enjoy it. i just want to stop the daily habit",444,78,i just want to stop the daily habit,C,"The client expresses a desire to stop the daily habit of smoking, which indicates a stance toward changing the target behavior. This desire to change aligns with the 'Desire' aspect of Change Talk.",O+,"The client expresses a desire to change the target behaviour, which is stopping the daily habit of smoking, aligning with a desire to change. However, the provided target utterance 'i just want to stop the daily habit' does not match the session transcript. Based on the correct target utterance 'yes' from the session transcript, it indicates the client is leaning towards action or taking steps, but 'yes' itself is more about agreement than a direct expression of change talk. Given the context and the actual target utterance 'yes', it's about agreeing to explore strategies, which is closest to 'Other (O+)' as it supports change but doesn't directly fit into the desire, ability, reasons, need, commitment, activation, or taking steps categories."
5,60dde1621f6e206dea63a7dd,counsellor,169,26,"Starting with gum or other similar alternatives sounds like a practical option, especially for addressing that daily habit. Enjoying a cigarette socially when drinking, while reducing daily smoking, seems like a step toward finding a balance you're comfortable with.

Would you like to think about setting any specific goals for how you might incorporate these changes into your daily routine, or is there anything else you'd like to discuss or plan?",445,79,"Starting with gum or other similar alternatives sounds like a practical option, especially for addressing that daily habit.",CRL,"The counsellor's utterance acknowledges and supports the client's decision to start with gum or similar alternatives, which aligns with the client's goal of stopping the daily smoking habit. This response affirms the client's perspective and choice, indicating a deeply engaging and affirming behaviour.",EC,"The counsellor's utterance acknowledges the client's decision to start with gum as a practical option, which affirms the client's choice and control over their actions, emphasizing their autonomy in selecting a strategy to address their daily smoking habit."
5,60dde1621f6e206dea63a7dd,counsellor,169,26,"Starting with gum or other similar alternatives sounds like a practical option, especially for addressing that daily habit. Enjoying a cigarette socially when drinking, while reducing daily smoking, seems like a step toward finding a balance you're comfortable with.

Would you like to think about setting any specific goals for how you might incorporate these changes into your daily routine, or is there anything else you'd like to discuss or plan?",446,80,"Enjoying a cigarette socially when drinking, while reducing daily smoking, seems like a step toward finding a balance you're comfortable with.",CRL,"The counsellor's utterance acknowledges and supports the client's perspective on enjoying cigarettes socially while working on reducing daily smoking, which aligns with the client's goals and desires. This response affirms the client's autonomy and control over their choices, reflecting a deeply engaging and affirming stance.",RF,"The counsellor's utterance acknowledges the client's desire to enjoy smoking in certain social situations while still working towards reducing their daily habit, which suggests a reframe of the client's goal to find a balance that works for them. This utterance does not add significant new meaning but rather offers a different perspective on the client's stated desires."
5,60dde1621f6e206dea63a7dd,counsellor,169,26,"Starting with gum or other similar alternatives sounds like a practical option, especially for addressing that daily habit. Enjoying a cigarette socially when drinking, while reducing daily smoking, seems like a step toward finding a balance you're comfortable with.

Would you like to think about setting any specific goals for how you might incorporate these changes into your daily routine, or is there anything else you'd like to discuss or plan?",447,81,"Would you like to think about setting any specific goals for how you might incorporate these changes into your daily routine, or is there anything else you'd like to discuss or plan?",Q,"The counsellor's utterance is an open-ended question that encourages the client to think about setting specific goals and incorporating changes into their daily routine. It invites the client to elaborate on their plans and discuss any other relevant topics, which aligns with the definition of an Open Question (OQ).",CQ,"The utterance contains a binary choice and can be interpreted as seeking confirmation or a short factual response, which aligns with the characteristics of a Closed Question. Although it invites consideration of setting goals or discussing plans, the structure of the question itself allows for a yes/no response to the presented options."
5,60dde1621f6e206dea63a7dd,client,170,27,i think maybe limitiig to like one or two a day woud be a good first step,448,82,i think maybe limitiig to like one or two a day woud be a good first step,C,"The client expresses a desire to limit their daily smoking habit, which indicates a stance toward changing the target behavior. This is evident in their suggestion of limiting smoking to one or two cigarettes a day as a first step.",AC+,"The client suggests limiting their daily smoking to one or two cigarettes as a first step, which indicates they are leaning towards taking action and making a change to their target behaviour. This statement implies they are considering a specific plan to reduce their smoking habit."
5,60dde1621f6e206dea63a7dd,counsellor,171,28,"Limiting yourself to one or two cigarettes a day sounds like a realistic and manageable first step. It can provide some reassurance that change is possible without feeling too overwhelming. 

Would it be helpful to set a target date to start this, or would you rather approach it more flexibly? Also, if any challenges come up in this process, know that I'd be here to support you in navigating them.",449,83,Limiting yourself to one or two cigarettes a day sounds like a realistic and manageable first step.,CRL,"The counsellor's utterance reflects the client's statement about limiting cigarettes to one or two a day, and adds a positive perspective by describing it as 'realistic and manageable', which affirms the client's plan and shows support for their goal. This is an example of a Complex Reflection (CR) as it adds significant meaning to the client's statement.",AF,"The counsellor's utterance acknowledges and supports the client's goal, emphasizing the feasibility of the proposed action, which aligns with affirming the client's efforts and decisions."
5,60dde1621f6e206dea63a7dd,counsellor,171,28,"Limiting yourself to one or two cigarettes a day sounds like a realistic and manageable first step. It can provide some reassurance that change is possible without feeling too overwhelming. 

Would it be helpful to set a target date to start this, or would you rather approach it more flexibly? Also, if any challenges come up in this process, know that I'd be here to support you in navigating them.",450,84,It can provide some reassurance that change is possible without feeling too overwhelming.,CRL,"The counsellor's utterance provides reassurance and implies a positive outcome from the client's potential actions, which aligns with affirming the client's perspective and efforts. This is an example of a reflective statement that supports the client's autonomy and motivation for change.",SU,"The utterance provides reassurance and implies that the client's goals are achievable, which can be seen as supportive and encouraging. However, it does not directly affirm the client's strengths, reframe their experience, or emphasize their control. Instead, it offers a sympathetic and understanding perspective, suggesting that the counsellor is acknowledging the client's potential concerns about the change process."
5,60dde1621f6e206dea63a7dd,counsellor,171,28,"Limiting yourself to one or two cigarettes a day sounds like a realistic and manageable first step. It can provide some reassurance that change is possible without feeling too overwhelming. 

Would it be helpful to set a target date to start this, or would you rather approach it more flexibly? Also, if any challenges come up in this process, know that I'd be here to support you in navigating them.",451,85,"Would it be helpful to set a target date to start this, or would you rather approach it more flexibly?",Q,"The counsellor's utterance is a question that seeks to understand the client's preference for setting a target date to start reducing their smoking habit, indicating an attempt to gather information and understand the client's story.",CQ,"The utterance 'Would it be helpful to set a target date to start this, or would you rather approach it more flexibly?' can be answered with a yes or no, as it presents a binary choice between setting a target date and approaching it more flexibly, thus fitting the definition of a Closed Question."
5,60dde1621f6e206dea63a7dd,counsellor,171,28,"Limiting yourself to one or two cigarettes a day sounds like a realistic and manageable first step. It can provide some reassurance that change is possible without feeling too overwhelming. 

Would it be helpful to set a target date to start this, or would you rather approach it more flexibly? Also, if any challenges come up in this process, know that I'd be here to support you in navigating them.",452,86,"Also, if any challenges come up in this process, know that I'd be here to support you in navigating them.",CRL,"The counsellor's utterance offers support and assurance, which aligns with the definition of a supportive comment that acknowledges the client's potential challenges and offers help, thus it falls under the category of C-Reflective (CRL) as it communicates a positive and encouraging message about the client's ability to navigate challenges with the counsellor's support.",SU,"The counsellor's utterance offers sympathy and understanding, implying a willingness to be there for the client during difficult times, which aligns with providing emotional support and compassion."
5,60dde1621f6e206dea63a7dd,client,172,29,thanks! yeah lets set a date,453,87,thanks!,N,"The client's utterance 'thanks!' does not express a stance toward changing or maintaining the target behavior, but rather acknowledges or responds to the counsellor's support or suggestion without indicating a clear direction regarding their smoking habit.",N,"The client's utterance 'thanks!' does not clearly support or oppose change, as it is an expression of gratitude rather than a statement about their intentions or feelings towards changing their behavior. "
5,60dde1621f6e206dea63a7dd,client,172,29,thanks! yeah lets set a date,454,88,yeah lets set a date,C,"The client's utterance 'yeah lets set a date' implies a commitment to change by setting a specific target for when they plan to start reducing their smoking, which aligns with Change Talk.",C+,"The client's utterance 'yeah lets set a date' indicates a willingness to take action and commit to a specific plan, which aligns with expressing a commitment to change. This is evident as setting a date is a concrete step towards implementing the change discussed, such as limiting cigarette intake."
5,60dde1621f6e206dea63a7dd,counsellor,173,30,Setting a date can give you a clear starting point and something to aim for. How about choosing a day within the next week that feels right for you to begin this change? Think about a time when you feel ready and supported to take on this new step.,455,89,Setting a date can give you a clear starting point and something to aim for.,IMC,"The counsellor's utterance provides information and suggests a course of action (setting a date) that the client has implicitly agreed to by saying 'yeah lets set a date'. This implies permission has been granted for the counsellor to provide guidance on how to proceed with setting a date, thus it falls under giving information with permission.",EC,"The counsellor's utterance is providing a supportive and encouraging statement, emphasizing the benefits of setting a target date for change, which aligns with the intent of supporting the client's goal-setting process."
5,60dde1621f6e206dea63a7dd,counsellor,173,30,Setting a date can give you a clear starting point and something to aim for. How about choosing a day within the next week that feels right for you to begin this change? Think about a time when you feel ready and supported to take on this new step.,456,90,How about choosing a day within the next week that feels right for you to begin this change?,IMC,"The counsellor's utterance is a suggestion that involves providing guidance on setting a target date for the client to start their change, which is done after the client has expressed interest and agreed to set a date. This falls under giving advice or guidance with the client's permission, thus it should be classified under Imperative-MICO (IMC). Following the Permission Chain of Thought: The client has shown openness and interest in setting a date ('yeah lets set a date'), which implies permission for the counsellor to provide guidance on how to proceed with setting this date. Therefore, the counsellor's suggestion to choose a day within the next week is made with the client's implicit permission.",EC,"The counsellor's utterance is helping the client to set a specific goal by choosing a day to begin the change, which is a key component of planning and taking action towards behavior change. This aligns with the 'Developing a change plan' category, as it involves making concrete plans for implementing the desired change."
5,60dde1621f6e206dea63a7dd,counsellor,173,30,Setting a date can give you a clear starting point and something to aim for. How about choosing a day within the next week that feels right for you to begin this change? Think about a time when you feel ready and supported to take on this new step.,457,91,Think about a time when you feel ready and supported to take on this new step.,CRL,"The counsellor's utterance is not present in the provided session transcript. However, based on the given target utterance, it seems to encourage the client to reflect on their readiness and support system, which can be seen as a form of supportive and reflective statement, but since it is not in the transcript, the last counsellor's utterance will be classified. The last counsellor's utterance 'Limiting yourself to one or two cigarettes a day sounds like a realistic and manageable first step. It can provide some reassurance that change is possible without feeling too overwhelming. Would it be helpful to set a target date to start this, or would you rather approach it more flexibly? Also, if any challenges come up in this process, know that I'd be here to support you in navigating them.' can be classified as it affirms the client's perspective, offers support, and asks questions to facilitate the client's planning, which aligns with the C-Reflective (CRL) category, specifically the Support (SU) and Emphasize Control (EC) codes, as well as an Open Question (OQ).",EC,"The counsellor's utterance encourages the client to consider their readiness and support system, emphasizing the client's autonomy and control over their decision-making process. This aligns with acknowledging and honouring the client's freedom of choice."
5,60dde1621f6e206dea63a7dd,client,174,31,perhaps sunday,458,92,perhaps sunday,C,"The client's utterance implies a commitment to change by specifying a day to start limiting their cigarette intake, which aligns with Change Talk. The mention of a specific day, 'sunday', suggests a plan and intention to change their behavior.",C+,"The client's utterance 'perhaps sunday' implies a specific time frame for taking action, which aligns with setting a target date for change, thus indicating a step towards commitment and planning for action."
5,60dde1621f6e206dea63a7dd,counsellor,175,32,"Sunday sounds like a great choice. It can be a good day to reflect and prepare for the week ahead. As you move towards this goal, remember that small, consistent steps can lead to meaningful change. 

Is there anything else you'd like to plan, or any other concerns about this process you'd like to talk through before Sunday arrives?",459,93,Sunday sounds like a great choice.,CRL,"The counsellor's utterance, 'Sunday sounds like a great choice', is an affirmation of the client's decision, which communicates something positive about the client's choice and supports their autonomy in selecting a start day. This aligns with the definition of an Affirm (AF) code, which is a part of the C-Reflective (CRL) category.",AF,"The counsellor's utterance is affirming the client's decision, providing a positive and supportive comment about their choice, which aligns with the function of affirming the client's strengths or efforts."
5,60dde1621f6e206dea63a7dd,counsellor,175,32,"Sunday sounds like a great choice. It can be a good day to reflect and prepare for the week ahead. As you move towards this goal, remember that small, consistent steps can lead to meaningful change. 

Is there anything else you'd like to plan, or any other concerns about this process you'd like to talk through before Sunday arrives?",460,94,It can be a good day to reflect and prepare for the week ahead.,IMC,"The counsellor's utterance 'It can be a good day to reflect and prepare for the week ahead' is not present in the provided session transcript. However, based on the context and the actual last utterance of the counsellor, the classification should focus on the counsellor's final utterance in the session excerpt: 'How about choosing a day within the next week that feels right for you to begin this change? Think about a time when you feel ready and supported to take on this new step.' This utterance involves guiding the client towards setting a specific goal and considering their readiness, which can be seen as providing guidance or advice. Following the Permission Chain of Thought, the client has shown openness and interest in setting a target date and choosing a day to begin the change, which implies permission for the counsellor's guidance. Thus, the counsellor's utterance falls under the category of Imperative-MICO (IMC) as it provides advice or guidance with the client's implicit permission.",SU,"The counsellor's utterance is not present in the provided transcript, however, based on the context of the session, the utterance 'It can be a good day to reflect and prepare for the week ahead' seems to be providing a supportive and reflective statement, which aligns with the intent of supporting the client's autonomy and self-reflection."
5,60dde1621f6e206dea63a7dd,counsellor,175,32,"Sunday sounds like a great choice. It can be a good day to reflect and prepare for the week ahead. As you move towards this goal, remember that small, consistent steps can lead to meaningful change. 

Is there anything else you'd like to plan, or any other concerns about this process you'd like to talk through before Sunday arrives?",461,95,"As you move towards this goal, remember that small, consistent steps can lead to meaningful change.",CRL,"The counsellor's utterance provides encouragement and emphasizes the importance of small, consistent steps towards the client's goal, which aligns with affirming the client's perspective and efforts. This is an example of a Complex Reflection (CR) as it adds meaning to the client's goal and conveys a deeper understanding of the process of change.",AF,"The counsellor's utterance emphasizes the potential for progress and the value of persistence, which can be seen as affirming the client's capability to achieve their goal. It highlights the importance of small, consistent steps, which is a positive and encouraging message."
5,60dde1621f6e206dea63a7dd,counsellor,175,32,"Sunday sounds like a great choice. It can be a good day to reflect and prepare for the week ahead. As you move towards this goal, remember that small, consistent steps can lead to meaningful change. 

Is there anything else you'd like to plan, or any other concerns about this process you'd like to talk through before Sunday arrives?",462,96,"Is there anything else you'd like to plan, or any other concerns about this process you'd like to talk through before Sunday arrives?",Q,"The counsellor's utterance is an open question that invites the client to share any additional plans, concerns, or thoughts before starting the change process on Sunday. This question encourages the client to elaborate on their feelings, plans, or concerns, making it an open-ended inquiry.",CQ,"The utterance 'Is there anything else you'd like to plan, or any other concerns about this process you'd like to talk through before Sunday arrives?' can be answered with a 'yes' or 'no', even though it invites elaboration, making it a closed question due to its grammatical structure permitting a binary response."
5,60dde1621f6e206dea63a7dd,client,176,33,i dont think so!,463,97,i dont think so!,N,"The client's utterance 'i dont think so!' implies a lack of additional plans or concerns, which does not clearly support or oppose change, thus it is neutral. It seems to be a response to the counsellor's inquiry about planning or concerns, indicating the client does not have anything else to discuss at the moment.",N,"The client's utterance 'i dont think so!' does not clearly support or oppose change, as it appears to be a response to the counsellor's question about planning or concerns, but its relation to change is ambiguous. The tone and context suggest a negative or dismissive response, but without clear indication of its relevance to the change process."
5,60dde1621f6e206dea63a7dd,counsellor,177,34,"Thank you for spending this time talking with me today. I’d like to summarize what we’ve discussed so far. You shared how you're adjusting to life in London and enjoying your new work routine, though balancing work and social life can sometimes lead to burnout. Alongside this, smoking plays a role in your life, both socially and sentimentally, though you have a desire to gain more control over it. You've expressed a motivation to improve your health and breathing by reducing your daily smoking habit. You've chosen Sunday as a day to start limiting your smoking to one or two cigarettes a day, while considering alternatives like gum to help address the oral fixation. You've taken thoughtful steps toward change, and I'm here to support you as you move forward. If anything else comes up, feel free to reach out. Take care!

Would you like to continue the conversation?",464,98,Thank you for spending this time talking with me today.,O,"The counsellor's utterance is a polite expression of gratitude, which serves as a structural or facilitative comment that does not engage in MI techniques. It is a pleasantry that acknowledges the client's time.",ST,"The utterance serves as a polite acknowledgement of the client's time, which aligns with the definition of a pleasantry. However, given the context and the provided categories, it seems more aligned with providing a structural element by implicitly signaling the end of the session. Since it doesn't directly fit the 'keep-going' nature of Facilitate or the informational aspect of Structure about the treatment process, but rather acts as a courteous closing, it might be confused with a Filler due to its pleasant nature. Yet, considering the primary function and intent, it's more about ending the session on a positive note, which could be seen as part of the session's structure. The provided target utterance doesn't match the session transcript, suggesting a potential discrepancy. Nonetheless, based on the given categories and the typical use of such a statement, it would be classified under Structure as it implies the session's conclusion and potentially prepares the client for the next steps, even though it's more of a closing remark than an informative structural statement."
5,60dde1621f6e206dea63a7dd,counsellor,177,34,"Thank you for spending this time talking with me today. I’d like to summarize what we’ve discussed so far. You shared how you're adjusting to life in London and enjoying your new work routine, though balancing work and social life can sometimes lead to burnout. Alongside this, smoking plays a role in your life, both socially and sentimentally, though you have a desire to gain more control over it. You've expressed a motivation to improve your health and breathing by reducing your daily smoking habit. You've chosen Sunday as a day to start limiting your smoking to one or two cigarettes a day, while considering alternatives like gum to help address the oral fixation. You've taken thoughtful steps toward change, and I'm here to support you as you move forward. If anything else comes up, feel free to reach out. Take care!

Would you like to continue the conversation?",465,99,I’d like to summarize what we’ve discussed so far.,O,"The target utterance is not present in the provided session excerpt. However, based on the typical function of the given sentence, it would likely serve as a structural or facilitative statement, aiming to organize or review the content discussed during the session.",ST,"The target utterance is not present in the provided session transcript, however, based on the typical function of a summarization statement in MI sessions, it would likely serve to give information about what has been discussed, which relates to the structure of the session. "
5,60dde1621f6e206dea63a7dd,counsellor,177,34,"Thank you for spending this time talking with me today. I’d like to summarize what we’ve discussed so far. You shared how you're adjusting to life in London and enjoying your new work routine, though balancing work and social life can sometimes lead to burnout. Alongside this, smoking plays a role in your life, both socially and sentimentally, though you have a desire to gain more control over it. You've expressed a motivation to improve your health and breathing by reducing your daily smoking habit. You've chosen Sunday as a day to start limiting your smoking to one or two cigarettes a day, while considering alternatives like gum to help address the oral fixation. You've taken thoughtful steps toward change, and I'm here to support you as you move forward. If anything else comes up, feel free to reach out. Take care!

Would you like to continue the conversation?",466,100,"You shared how you're adjusting to life in London and enjoying your new work routine, though balancing work and social life can sometimes lead to burnout.",Q,"The target utterance is not present in the provided session transcript. However, based on the given transcript, the last counsellor utterance is: 'Is there anything else you'd like to plan, or any other concerns about this process you'd like to talk through before Sunday arrives?' This utterance is a question that seeks to gather information and understand the client's needs, making it an Open Question (OQ).",CQ,"The provided target utterance does not match the session transcript. However, based on the actual last counsellor utterance in the transcript: 'Is there anything else you'd like to plan, or any other concerns about this process you'd like to talk through before Sunday arrives?', this is a closed question because it can be answered with a 'yes' or 'no', even though it invites elaboration."
5,60dde1621f6e206dea63a7dd,counsellor,177,34,"Thank you for spending this time talking with me today. I’d like to summarize what we’ve discussed so far. You shared how you're adjusting to life in London and enjoying your new work routine, though balancing work and social life can sometimes lead to burnout. Alongside this, smoking plays a role in your life, both socially and sentimentally, though you have a desire to gain more control over it. You've expressed a motivation to improve your health and breathing by reducing your daily smoking habit. You've chosen Sunday as a day to start limiting your smoking to one or two cigarettes a day, while considering alternatives like gum to help address the oral fixation. You've taken thoughtful steps toward change, and I'm here to support you as you move forward. If anything else comes up, feel free to reach out. Take care!

Would you like to continue the conversation?",467,101,"Alongside this, smoking plays a role in your life, both socially and sentimentally, though you have a desire to gain more control over it.",CRL,"The target utterance is not present in the provided session transcript. However, based on the given utterance 'Alongside this, smoking plays a role in your life, both socially and sentimentally, though you have a desire to gain more control over it.', it can be classified as a Complex Reflection (CR) because it adds significant meaning to the client's situation, conveying a deeper understanding of the client's relationship with smoking.",CR,"The target utterance is not present in the provided session transcript, however, based on the given utterance, it seems to add a deeper understanding of the client's relationship with smoking, suggesting a Complex Reflection. The utterance acknowledges the role of smoking in the client's life and their desire for control, conveying a richer picture of the client's situation."
5,60dde1621f6e206dea63a7dd,counsellor,177,34,"Thank you for spending this time talking with me today. I’d like to summarize what we’ve discussed so far. You shared how you're adjusting to life in London and enjoying your new work routine, though balancing work and social life can sometimes lead to burnout. Alongside this, smoking plays a role in your life, both socially and sentimentally, though you have a desire to gain more control over it. You've expressed a motivation to improve your health and breathing by reducing your daily smoking habit. You've chosen Sunday as a day to start limiting your smoking to one or two cigarettes a day, while considering alternatives like gum to help address the oral fixation. You've taken thoughtful steps toward change, and I'm here to support you as you move forward. If anything else comes up, feel free to reach out. Take care!

Would you like to continue the conversation?",468,102,You've expressed a motivation to improve your health and breathing by reducing your daily smoking habit.,IMC,"The target utterance is not present in the provided session excerpt. However, based on the given context, I will analyze the last counsellor utterance: 'As you move towards this goal, remember that small, consistent steps can lead to meaningful change. Is there anything else you'd like to plan, or any other concerns about this process you'd like to talk through before Sunday arrives?' This utterance provides guidance and information while also asking questions to ensure the client is prepared and has no concerns, which suggests it is given with permission as the client has shown engagement and openness to planning. ",SU,"The provided target utterance does not match the session transcript. However, based on the typical structure of a MI session, the correct target utterance should be: 'As you move towards this goal, remember that small, consistent steps can lead to meaningful change. Is there anything else you'd like to plan, or any other concerns about this process you'd like to talk through before Sunday arrives?' This utterance is providing support and exploring the client's concerns, which aligns with the 'Support' category, but since it also involves exploring and planning, it could be more accurately described as 'Planning' or 'Support' depending on the emphasis. Given the context, it seems to lean more towards supporting the client's decision and planning for the future."
5,60dde1621f6e206dea63a7dd,counsellor,177,34,"Thank you for spending this time talking with me today. I’d like to summarize what we’ve discussed so far. You shared how you're adjusting to life in London and enjoying your new work routine, though balancing work and social life can sometimes lead to burnout. Alongside this, smoking plays a role in your life, both socially and sentimentally, though you have a desire to gain more control over it. You've expressed a motivation to improve your health and breathing by reducing your daily smoking habit. You've chosen Sunday as a day to start limiting your smoking to one or two cigarettes a day, while considering alternatives like gum to help address the oral fixation. You've taken thoughtful steps toward change, and I'm here to support you as you move forward. If anything else comes up, feel free to reach out. Take care!

Would you like to continue the conversation?",469,103,"You've chosen Sunday as a day to start limiting your smoking to one or two cigarettes a day, while considering alternatives like gum to help address the oral fixation.",Q,"The target utterance is not present in the provided session transcript. However, based on the given context, if we were to analyze the last counsellor utterance in the transcript: 'Is there anything else you'd like to plan, or any other concerns about this process you'd like to talk through before Sunday arrives?', it would be classified as an Open Question (OQ) because it structurally requires an elaboration or explanation from the client and cannot be answered with a simple 'yes' or 'no'.",OQ,"The given target utterance does not match the session transcript provided, however, based on the structure of the target utterance, it appears to be a statement rather than a question, but since it's not present in the actual session transcript, I'll analyze the last counsellor's utterance in the transcript instead: 'Is there anything else you'd like to plan, or any other concerns about this process you'd like to talk through before Sunday arrives?' This utterance cannot be answered with a simple 'yes' or 'no' due to its complex structure asking for additional planning or concerns, which requires an elaboration."
5,60dde1621f6e206dea63a7dd,counsellor,177,34,"Thank you for spending this time talking with me today. I’d like to summarize what we’ve discussed so far. You shared how you're adjusting to life in London and enjoying your new work routine, though balancing work and social life can sometimes lead to burnout. Alongside this, smoking plays a role in your life, both socially and sentimentally, though you have a desire to gain more control over it. You've expressed a motivation to improve your health and breathing by reducing your daily smoking habit. You've chosen Sunday as a day to start limiting your smoking to one or two cigarettes a day, while considering alternatives like gum to help address the oral fixation. You've taken thoughtful steps toward change, and I'm here to support you as you move forward. If anything else comes up, feel free to reach out. Take care!

Would you like to continue the conversation?",470,104,"You've taken thoughtful steps toward change, and I'm here to support you as you move forward.",CRL,"The counsellor's utterance acknowledges the client's efforts and expresses support, which aligns with the definition of Affirm (AF) under the C-Reflective (CRL) category, as it communicates something positive about the client's strengths or efforts.",AF,"The counsellor's utterance is not present in the provided session transcript, however, based on the given utterance, it communicates something positive about the client's efforts and conveys support, which aligns with affirming the client's strengths and efforts. "
5,60dde1621f6e206dea63a7dd,counsellor,177,34,"Thank you for spending this time talking with me today. I’d like to summarize what we’ve discussed so far. You shared how you're adjusting to life in London and enjoying your new work routine, though balancing work and social life can sometimes lead to burnout. Alongside this, smoking plays a role in your life, both socially and sentimentally, though you have a desire to gain more control over it. You've expressed a motivation to improve your health and breathing by reducing your daily smoking habit. You've chosen Sunday as a day to start limiting your smoking to one or two cigarettes a day, while considering alternatives like gum to help address the oral fixation. You've taken thoughtful steps toward change, and I'm here to support you as you move forward. If anything else comes up, feel free to reach out. Take care!

Would you like to continue the conversation?",471,105,"If anything else comes up, feel free to reach out.",O,"The counsellor's utterance 'If anything else comes up, feel free to reach out' serves as a facilitative statement, providing a structural element to the session by informing the client of the availability of support outside the session. It does not directly engage with the client's change talk, provide advice, or ask a question, but rather offers a general statement of support and availability.",ST,"The counsellor's utterance serves as a structural element, providing information about what will happen or what the client can expect in the course of treatment, specifically the option to reach out if needed. However, given the provided categories, it more closely aligns with giving information about what will happen directly to the client throughout the course of treatment."
5,60dde1621f6e206dea63a7dd,counsellor,177,34,"Thank you for spending this time talking with me today. I’d like to summarize what we’ve discussed so far. You shared how you're adjusting to life in London and enjoying your new work routine, though balancing work and social life can sometimes lead to burnout. Alongside this, smoking plays a role in your life, both socially and sentimentally, though you have a desire to gain more control over it. You've expressed a motivation to improve your health and breathing by reducing your daily smoking habit. You've chosen Sunday as a day to start limiting your smoking to one or two cigarettes a day, while considering alternatives like gum to help address the oral fixation. You've taken thoughtful steps toward change, and I'm here to support you as you move forward. If anything else comes up, feel free to reach out. Take care!

Would you like to continue the conversation?",472,106,Take care!,O,"The counsellor's utterance 'Take care!' is a pleasantry that functions as a closing or farewell statement, which does not engage in MI techniques. It is a simple utterance that acknowledges the end of the session without providing any advice, reflection, or question.",FI,"The utterance 'Take care!' serves as a pleasantry, which is a common way to end a conversation or session, and does not directly contribute to the client's change process or provide structural information about the treatment."
5,60dde1621f6e206dea63a7dd,counsellor,177,34,"Thank you for spending this time talking with me today. I’d like to summarize what we’ve discussed so far. You shared how you're adjusting to life in London and enjoying your new work routine, though balancing work and social life can sometimes lead to burnout. Alongside this, smoking plays a role in your life, both socially and sentimentally, though you have a desire to gain more control over it. You've expressed a motivation to improve your health and breathing by reducing your daily smoking habit. You've chosen Sunday as a day to start limiting your smoking to one or two cigarettes a day, while considering alternatives like gum to help address the oral fixation. You've taken thoughtful steps toward change, and I'm here to support you as you move forward. If anything else comes up, feel free to reach out. Take care!

Would you like to continue the conversation?",473,107,Would you like to continue the conversation?,Q,"The target utterance 'Would you like to continue the conversation?' is not present in the provided session transcript. However, based on the last counsellor utterance in the transcript, 'Is there anything else you'd like to plan, or any other concerns about this process you'd like to talk through before Sunday arrives?', it can be classified as it serves to gather information and elicit the client's story or concerns, which aligns with the function of an open question.",CQ,"The utterance 'Would you like to continue the conversation?' is a closed question because it can be answered with a simple 'yes' or 'no', fitting the definition of a closed question. "
5,60dde1621f6e206dea63a7dd,client,178,35,No,474,108,No,N,"The client's utterance 'No' does not clearly express a stance toward changing or maintaining the target behavior, and it seems to be a response to the counsellor's question about planning or concerns, thus it is neutral. ",N,"The client's utterance 'No' does not clearly support or oppose change, as it is a response to the counsellor's question about whether they'd like to continue the conversation, rather than expressing a desire to change or not. This response is more about the conversation itself than the client's motivation or intention regarding their smoking habit."
6,663b79f76293a4480abba57d,counsellor,179,0,Hello! I'm so glad you could make it today. How are you feeling right now?,475,0,Hello!,O,"The counsellor's utterance is a greeting, which serves as a pleasantry and does not engage in MI techniques.",FI,"The counsellor's utterance is a greeting, which serves as a pleasantry to initiate or start the session."
6,663b79f76293a4480abba57d,counsellor,179,0,Hello! I'm so glad you could make it today. How are you feeling right now?,476,1,I'm so glad you could make it today.,O,"The counsellor's utterance is a pleasantry that acknowledges the client's presence, which functions as a facilitative or structural comment to start or continue the session.",FI,"The counsellor's utterance is a pleasantry, expressing appreciation for the client's presence, which does not directly facilitate discussion or provide structural information about the session."
6,663b79f76293a4480abba57d,counsellor,179,0,Hello! I'm so glad you could make it today. How are you feeling right now?,477,2,How are you feeling right now?,Q,"The counsellor's utterance is an open-ended question that seeks to understand the client's current emotional state, which aligns with the definition of an Open Question (OQ) in the Question (Q) category.",OQ,The utterance 'How are you feeling right now?' cannot be answered with a simple 'yes' or 'no' and requires an elaboration or descriptive response about the client's current emotional state.
6,663b79f76293a4480abba57d,client,180,1,I am feeling fine.,478,3,I am feeling fine.,N,"The client's utterance does not express a stance toward changing or maintaining a specific behavior, and instead provides a general statement about their current emotional state.",N,"The client's utterance does not clearly support or oppose change, as it is a neutral statement about their current emotional state. It does not express any motivation or intention for change."
6,663b79f76293a4480abba57d,counsellor,181,2,That's great to hear. I'm here to explore anything on your mind that you'd like to discuss. We can talk about smoking and how it fits into your life if that's something you're open to. What's been your experience with that lately?,479,4,That's great to hear.,CRL,"The counsellor's utterance 'That's great to hear' is a supportive comment that affirms the client's positive statement, which aligns with the definition of Affirm (AF) under the C-Reflective (CRL) category.",AF,"The counsellor's utterance is a positive and supportive response to the client's statement, acknowledging their feelings without adding deeper meaning or emphasis. It simply affirms the client's current emotional state."
6,663b79f76293a4480abba57d,counsellor,181,2,That's great to hear. I'm here to explore anything on your mind that you'd like to discuss. We can talk about smoking and how it fits into your life if that's something you're open to. What's been your experience with that lately?,480,5,I'm here to explore anything on your mind that you'd like to discuss.,O,"The counsellor's utterance is an open invitation for the client to share their thoughts or concerns, which can be seen as a facilitative statement that encourages the client to guide the conversation. It does not provide advice, reflect the client's statement, or ask a question but rather sets a supportive tone for the session.",ST,"The counsellor's utterance is setting the stage for the session, indicating that the client has the freedom to discuss any topic they wish, which provides a framework for what will happen in the session."
6,663b79f76293a4480abba57d,counsellor,181,2,That's great to hear. I'm here to explore anything on your mind that you'd like to discuss. We can talk about smoking and how it fits into your life if that's something you're open to. What's been your experience with that lately?,481,6,We can talk about smoking and how it fits into your life if that's something you're open to.,CRL,The counsellor's utterance is an example of Emphasize Control (EC) as it acknowledges and honours the client's autonomy and freedom of choice by expressing openness to discussing smoking only if the client is receptive to it.,EC,"The counsellor's utterance acknowledges the client's autonomy by expressing openness to discussing smoking only if the client is willing, thus emphasizing the client's control over the conversation topic."
6,663b79f76293a4480abba57d,counsellor,181,2,That's great to hear. I'm here to explore anything on your mind that you'd like to discuss. We can talk about smoking and how it fits into your life if that's something you're open to. What's been your experience with that lately?,482,7,What's been your experience with that lately?,Q,"The counsellor's utterance is an open-ended question that encourages the client to share their experience and thoughts, which aligns with the definition of an Open Question (OQ) in the Question (Q) category.",OQ,"The utterance 'What's been your experience with that lately?' cannot be answered with a simple 'yes' or 'no' and requires the client to provide a descriptive narrative of their experience, making it an open question."
6,663b79f76293a4480abba57d,client,182,3,I've been smoking for about 11 years now. I smoke on average around 10 cigarettes a day.,483,8,I've been smoking for about 11 years now.,N,The client's utterance provides a factual statement about their smoking history without expressing a stance toward changing or maintaining the behavior.,N,"The client's utterance provides information about their smoking history but does not clearly express a desire to change or resist change, so it does not support or oppose change. "
6,663b79f76293a4480abba57d,client,182,3,I've been smoking for about 11 years now. I smoke on average around 10 cigarettes a day.,484,9,I smoke on average around 10 cigarettes a day.,N,The client provides a factual statement about their smoking behavior without expressing a stance toward changing or maintaining it.,N,"The client's utterance provides information about their current smoking habits, but it does not clearly express a desire to change or resist change. It is a statement of fact about their behavior."
6,663b79f76293a4480abba57d,counsellor,183,4,"That's a long time, and it sounds like smoking has been a part of your routine. I'm curious, what are some things you like about smoking, and what are some things you might not like as much?",485,10,"That's a long time, and it sounds like smoking has been a part of your routine.",CRL,"The counsellor's utterance is a reflective statement that acknowledges the client's long history of smoking and its integration into their routine, adding a layer of understanding to the client's experience without directly asking for information or providing advice. This aligns with the definition of a Complex Reflection (CR), which is a part of the C-Reflective (CRL) category.",CR,"The counsellor's utterance acknowledges the client's long history of smoking and reflects its integration into their daily routine, conveying a deeper understanding of the client's situation without adding judgment or changing the emotional valence. This is an example of adding significant meaning or emphasis to what the client said."
6,663b79f76293a4480abba57d,counsellor,183,4,"That's a long time, and it sounds like smoking has been a part of your routine. I'm curious, what are some things you like about smoking, and what are some things you might not like as much?",486,11,"I'm curious, what are some things you like about smoking, and what are some things you might not like as much?",Q,"The counsellor's utterance is an open-ended question that encourages the client to share their thoughts and feelings about smoking, indicating a desire to understand the client's perspective without providing advice or information.",OQ,"The utterance cannot be answered with a simple 'yes' or 'no' and requires the client to elaborate on their feelings and thoughts about smoking, making it an open-ended question. It structurally requires an elaboration or descriptive narrative beyond a binary response."
6,663b79f76293a4480abba57d,client,184,5,"I like that it basically gives me a break from whatever I was doing and whatever was on my mind, it gives me a chance to clear my head. I don't like that I have to spend money on cigarettes.",487,12,"I like that it basically gives me a break from whatever I was doing and whatever was on my mind, it gives me a chance to clear my head.",S,"The client expresses a positive aspect of smoking, which is that it provides a break and helps clear their mind, indicating a reason for maintaining the behavior.",R-,"The client expresses a positive aspect of smoking, which is that it provides a mental break and allows them to clear their head, indicating a reason for maintaining the behaviour."
6,663b79f76293a4480abba57d,client,184,5,"I like that it basically gives me a break from whatever I was doing and whatever was on my mind, it gives me a chance to clear my head. I don't like that I have to spend money on cigarettes.",488,13,I don't like that I have to spend money on cigarettes.,C,"The client expresses a negative aspect of their smoking behavior, specifically the financial cost, which implies a reason for potentially changing their behavior.",R+,"The client expresses a negative aspect of their smoking habit, specifically the financial burden, which can be seen as a reason for potentially changing their behaviour."
6,663b79f76293a4480abba57d,counsellor,185,6,"Taking a moment to pause and clear your mind with a cigarette sounds like a benefit for you. At the same time, the financial cost is something you're not happy about. It seems like there's a balance between what smoking offers you and the drawbacks it brings. How do you feel about that balance at the moment?",489,14,Taking a moment to pause and clear your mind with a cigarette sounds like a benefit for you.,CRL,"The counsellor's utterance acknowledges and reflects the client's positive experience with smoking, specifically highlighting the benefit of taking a break and clearing their mind. This is an example of a complex reflection, as it adds depth to the client's statement by rephrasing and emphasizing the perceived advantage of smoking.",CR,"The counsellor's utterance is reflecting back the client's statement about the benefits of smoking, specifically highlighting the aspect of taking a break and clearing their mind, which adds depth to the client's initial comment without adding new information or changing its meaning."
6,663b79f76293a4480abba57d,counsellor,185,6,"Taking a moment to pause and clear your mind with a cigarette sounds like a benefit for you. At the same time, the financial cost is something you're not happy about. It seems like there's a balance between what smoking offers you and the drawbacks it brings. How do you feel about that balance at the moment?",490,15,"At the same time, the financial cost is something you're not happy about.",CRL,"The counsellor's utterance reflects the client's concern about spending money on cigarettes, which was expressed earlier. This reflection acknowledges and emphasizes the client's negative feeling about the financial aspect of smoking, thus it is an example of a Complex Reflection (CR) as it adds meaning to the client's statement by highlighting the emotional valence of their concern.",CR,"The counsellor's utterance acknowledges and reflects the client's concern about the financial cost of smoking, which the client mentioned as something they don't like. This reflection adds depth to the client's statement by highlighting the contrast between the benefits and drawbacks of smoking."
6,663b79f76293a4480abba57d,counsellor,185,6,"Taking a moment to pause and clear your mind with a cigarette sounds like a benefit for you. At the same time, the financial cost is something you're not happy about. It seems like there's a balance between what smoking offers you and the drawbacks it brings. How do you feel about that balance at the moment?",491,16,It seems like there's a balance between what smoking offers you and the drawbacks it brings.,CRL,"The counsellor's utterance acknowledges the client's ambivalence towards smoking by highlighting both the benefits and drawbacks, which adds significant meaning to the client's statement and conveys a deeper understanding of their perspective. This is an example of a Complex Reflection (CR), as it goes beyond simple paraphrasing and emphasizes the client's mixed feelings about smoking.",CR,"The counsellor's utterance acknowledges the client's ambivalence towards smoking, highlighting both the benefits and drawbacks, which adds depth to the client's statement without introducing a new meaning or emphasis. This reflects the client's mixed feelings about smoking."
6,663b79f76293a4480abba57d,counsellor,185,6,"Taking a moment to pause and clear your mind with a cigarette sounds like a benefit for you. At the same time, the financial cost is something you're not happy about. It seems like there's a balance between what smoking offers you and the drawbacks it brings. How do you feel about that balance at the moment?",492,17,How do you feel about that balance at the moment?,Q,"The counsellor's utterance 'How do you feel about that balance at the moment?' is an open-ended question that encourages the client to reflect on their feelings and thoughts regarding the balance between the benefits and drawbacks of smoking, thus gathering more information and understanding the client's perspective.",OQ,"The counsellor's utterance 'How do you feel about that balance at the moment?' is classified as an Open Question (OQ) because it structurally requires an elaboration or descriptive narrative about the client's feelings, which cannot be answered with a simple 'yes' or 'no'."
6,663b79f76293a4480abba57d,client,186,7,I'm fine with the balance. I spend less money on other things to make up for the cost of cigarettes.,493,18,I'm fine with the balance.,S,"The client's utterance 'I'm fine with the balance' suggests acceptance of their current smoking behavior and its consequences, rather than expressing a desire or need to change, which aligns more with sustaining the status quo than with change talk or a neutral stance.",D-,"The client's statement 'I'm fine with the balance' suggests acceptance of the current situation regarding their smoking habit, implying a sense of being okay with maintaining the status quo, which aligns with expressing a desire to maintain the target behaviour."
6,663b79f76293a4480abba57d,client,186,7,I'm fine with the balance. I spend less money on other things to make up for the cost of cigarettes.,494,19,I spend less money on other things to make up for the cost of cigarettes.,S,"The client's utterance implies a strategy to maintain the target behavior (smoking) by adjusting other expenses to compensate for the cost of cigarettes, which aligns with sustain talk. The client is finding ways to continue smoking without changing their behavior.",R-,"The client's utterance implies that they are making adjustments in their life to accommodate the cost of cigarettes, suggesting that they are finding ways to maintain their smoking habit despite the financial drawbacks. This indicates that the client is providing reasons for maintaining the target behaviour."
6,663b79f76293a4480abba57d,counsellor,187,8,"You've adjusted your expenses in other areas to accommodate for cigarettes, which shows how you've managed to maintain this balance. It’s understandable how these trade-offs might work for you. Has there been anything that's made you reconsider this balance or think about the role smoking plays in your life?",495,20,"You've adjusted your expenses in other areas to accommodate for cigarettes, which shows how you've managed to maintain this balance.",SRL,"The counsellor's utterance acknowledges and reflects the client's ability to manage their expenses to accommodate smoking, without adding a deeper meaning or emotional tone beyond what the client has expressed. It mirrors the client's statement about adjusting expenses, indicating a reflective listening statement that simply paraphrases the client's words.",SR,"The counsellor's utterance is a Simple Reflection (SR) because it paraphrases the client's previous statement about spending less money on other things to make up for the cost of cigarettes, highlighting how they've managed to maintain the balance."
6,663b79f76293a4480abba57d,counsellor,187,8,"You've adjusted your expenses in other areas to accommodate for cigarettes, which shows how you've managed to maintain this balance. It’s understandable how these trade-offs might work for you. Has there been anything that's made you reconsider this balance or think about the role smoking plays in your life?",496,21,It’s understandable how these trade-offs might work for you.,CRL,"The counsellor's utterance acknowledges and validates the client's perspective on the balance between the benefits and drawbacks of smoking, showing understanding and empathy without adding new insights or depth beyond what the client has expressed. This aligns with the definition of a supportive comment.",SU,"The counsellor's utterance acknowledges and validates the client's perspective on the balance between the benefits and drawbacks of smoking, showing understanding and acceptance of the client's decision-making process. This is an expression of sympathy and agreement with the client's viewpoint."
6,663b79f76293a4480abba57d,counsellor,187,8,"You've adjusted your expenses in other areas to accommodate for cigarettes, which shows how you've managed to maintain this balance. It’s understandable how these trade-offs might work for you. Has there been anything that's made you reconsider this balance or think about the role smoking plays in your life?",497,22,Has there been anything that's made you reconsider this balance or think about the role smoking plays in your life?,Q,"The counsellor's utterance is an open-ended question that encourages the client to reflect on their thoughts and feelings about smoking, indicating an attempt to understand and explore the client's perspective without providing advice or information. This aligns with the definition of an Open Question (OQ) under the Question (Q) category.",CQ,"The utterance 'Has there been anything that's made you reconsider this balance or think about the role smoking plays in your life?' can be answered with a 'yes' or 'no', making it a closed question, despite inviting potential elaboration. The presence of 'Has there been' indicates a check for existence or presence, which aligns with the criteria for a closed question."
6,663b79f76293a4480abba57d,client,188,9,"On the positive side, I also like the relaxing feeling cigarettes give me. On the negative side, of course there are health risks associated with smoking.",498,23,"On the positive side, I also like the relaxing feeling cigarettes give me.",S,"The client expresses a positive aspect of smoking, which is the relaxing feeling it gives them, indicating a reason for maintaining the behavior.",R-,"The client's utterance expresses a positive aspect of smoking, which is the relaxing feeling it provides, indicating a reason for maintaining the behaviour. This aligns with the 'Reasons' category as the client is providing a reason for why smoking is beneficial to them."
6,663b79f76293a4480abba57d,client,188,9,"On the positive side, I also like the relaxing feeling cigarettes give me. On the negative side, of course there are health risks associated with smoking.",499,24,"On the negative side, of course there are health risks associated with smoking.",N,"The client mentions health risks associated with smoking, which can be seen as a reason for change, but does so in a neutral, matter-of-fact way without expressing a desire or intention to change. This statement acknowledges a drawback of smoking without indicating a shift towards changing the behavior.",N,"The client's utterance acknowledges a negative aspect of smoking, which is the health risks associated with it, but does not clearly express a desire or intention to change their smoking behavior. This statement can be seen as a recognition of a con, but it does not necessarily support or oppose change explicitly."
6,663b79f76293a4480abba57d,counsellor,189,10,"The relaxation you get from smoking is clearly significant for you. At the same time, the potential health risks are on your mind. It's like there's a tug-of-war between the immediate comfort and the long-term concerns. How do you find yourself navigating those thoughts and feelings?",500,25,The relaxation you get from smoking is clearly significant for you.,CRL,"The counsellor's utterance acknowledges and emphasizes the client's positive experience with smoking, specifically highlighting the relaxation benefit. This is an example of a reflective statement that affirms the client's perspective, which aligns with the C-Reflective (CRL) category, specifically the Affirm (AF) code, as it communicates something positive about the client's experience.",AF,"The counsellor's utterance acknowledges the client's positive experience with smoking, specifically highlighting the relaxation benefit, which shows understanding and recognition of the client's perspective. This utterance primarily serves to affirm the client's feelings about the positive aspect of smoking."
6,663b79f76293a4480abba57d,counsellor,189,10,"The relaxation you get from smoking is clearly significant for you. At the same time, the potential health risks are on your mind. It's like there's a tug-of-war between the immediate comfort and the long-term concerns. How do you find yourself navigating those thoughts and feelings?",501,26,"At the same time, the potential health risks are on your mind.",SRL,"The counsellor's utterance acknowledges the client's awareness of health risks associated with smoking, which the client had just mentioned. This acknowledgement does not add new information or deeper insight beyond what the client has stated, but rather mirrors the client's concern. It is a reflection of the client's statement without adding significant new meaning or emphasis, fitting the definition of a simple reflection.",SR,"The counsellor's utterance is a Simple Reflection (SR) as it paraphrases the client's previous mention of health risks associated with smoking, acknowledging their concern without adding new information or deeper exploration."
6,663b79f76293a4480abba57d,counsellor,189,10,"The relaxation you get from smoking is clearly significant for you. At the same time, the potential health risks are on your mind. It's like there's a tug-of-war between the immediate comfort and the long-term concerns. How do you find yourself navigating those thoughts and feelings?",502,27,It's like there's a tug-of-war between the immediate comfort and the long-term concerns.,CRL,"The counsellor's utterance acknowledges the client's conflicting feelings about smoking, highlighting the tension between the immediate benefits and the long-term risks. This statement adds depth to the client's perspective, conveying a richer understanding of their ambivalence, which aligns with the definition of a Complex Reflection (CR) under the C-Reflective (CRL) category.",RF,"The counsellor's utterance suggests a different meaning for the client's experience, highlighting the conflict between the immediate benefits and long-term risks of smoking, which changes the emotional valence of the client's statement. This rephrasing helps the client see their situation from a new perspective."
6,663b79f76293a4480abba57d,counsellor,189,10,"The relaxation you get from smoking is clearly significant for you. At the same time, the potential health risks are on your mind. It's like there's a tug-of-war between the immediate comfort and the long-term concerns. How do you find yourself navigating those thoughts and feelings?",503,28,How do you find yourself navigating those thoughts and feelings?,Q,"The counsellor's utterance 'How do you find yourself navigating those thoughts and feelings?' is an open-ended question that encourages the client to explore and share their thoughts and feelings, which aligns with the definition of an Open Question (OQ) in the Question (Q) category.",OQ,"The question cannot be answered with a simple 'yes' or 'no' and requires the client to elaborate on their thoughts and feelings, making it an open-ended inquiry. The phrase 'How do you find yourself' structurally demands a narrative or descriptive response beyond a binary choice."
6,663b79f76293a4480abba57d,client,190,11,I don't really give it much thought. It's become sort of a routine by now to smoke.,504,29,I don't really give it much thought.,N,"The client's utterance 'I don't really give it much thought' suggests a lack of consideration or reflection on their smoking behavior, which does not clearly express a stance toward changing or maintaining the behavior. This response is more about not thinking about the issue rather than expressing a desire, need, or commitment to change or sustain the behavior.",N,"The client's utterance 'I don't really give it much thought' suggests a lack of consideration or reflection on their smoking habits and the associated risks, which does not clearly support or oppose change. This response indicates a neutral stance or lack of engagement with the idea of changing their behavior."
6,663b79f76293a4480abba57d,client,190,11,I don't really give it much thought. It's become sort of a routine by now to smoke.,505,30,It's become sort of a routine by now to smoke.,S,"The client's statement suggests a sense of habituation and acceptance of their current smoking behavior, without expressing any desire or intention to change, which aligns more with maintaining the status quo rather than seeking change.",R-,"The client's statement suggests that smoking has become an ingrained habit or routine, implying a sense of acceptance or resignation to the behavior, which aligns with expressing a reason for maintaining the target behavior."
6,663b79f76293a4480abba57d,counsellor,191,12,"Smoking has become a routine for you, something that you do almost automatically. It’s understandable that it might not always be on your mind. Do you ever notice moments when that routine is challenged or where you find yourself questioning it, even a little bit?",506,31,"Smoking has become a routine for you, something that you do almost automatically.",SRL,"The counsellor's utterance is a simple reflection of the client's previous statement, 'It's become sort of a routine by now to smoke.', without adding significant new meaning or emphasis. It mirrors the client's words, conveying the same idea that smoking has become an automatic habit for the client.",SR,"The counsellor's utterance is a simple reflection of the client's statement that smoking has become a routine, indicating that the counsellor is actively listening and acknowledging the client's perspective without adding new information or interpretation. This reflection aims to ensure understanding and encourage the client to further explore their thoughts and feelings."
6,663b79f76293a4480abba57d,counsellor,191,12,"Smoking has become a routine for you, something that you do almost automatically. It’s understandable that it might not always be on your mind. Do you ever notice moments when that routine is challenged or where you find yourself questioning it, even a little bit?",507,32,It’s understandable that it might not always be on your mind.,CRL,"The counsellor's utterance acknowledges and validates the client's perspective, showing understanding of their experience. This is an example of a supportive comment, which falls under the C-Reflective (CRL) category, specifically the Support (SU) behavioural code, as it sympathizes with the client's situation and offers a compassionate viewpoint.",SU,"The counsellor's utterance acknowledges the client's routine and lack of frequent thought about smoking, showing understanding and sympathy for the client's current state of mind. This response does not add new meaning, emphasize control, or directly affirm the client, but rather offers a compassionate view."
6,663b79f76293a4480abba57d,counsellor,191,12,"Smoking has become a routine for you, something that you do almost automatically. It’s understandable that it might not always be on your mind. Do you ever notice moments when that routine is challenged or where you find yourself questioning it, even a little bit?",508,33,"Do you ever notice moments when that routine is challenged or where you find yourself questioning it, even a little bit?",Q,"The counsellor's utterance is an open-ended question that encourages the client to reflect on their smoking routine and potential moments of doubt, fitting the definition of an Open Question (OQ) which seeks to gather information and understand the client's story.",CQ,"The utterance 'Do you ever notice moments when that routine is challenged or where you find yourself questioning it, even a little bit?' can be answered with a yes or no, as it implicitly presents a binary choice regarding the presence or absence of such moments, thus fitting the criteria for a Closed Question."
6,663b79f76293a4480abba57d,client,192,13,"Yes. If I can't smoke for whatever reason, I do get a craving for one. I also do think of the possible negative health consequences from time to time.",509,34,Yes.,N,"The client's utterance 'Yes' is too brief to clearly express a stance toward changing or maintaining the target behavior, and it does not provide enough context to determine the client's intention or feelings about smoking. Therefore, it is classified as Neutral.",N,"The client's utterance 'Yes' does not clearly support or oppose change as it is an affirmation without context, and the preceding conversation suggests the client is ambivalent about their smoking habit. The response is too brief to determine its support for or opposition to change."
6,663b79f76293a4480abba57d,client,192,13,"Yes. If I can't smoke for whatever reason, I do get a craving for one. I also do think of the possible negative health consequences from time to time.",510,35,"If I can't smoke for whatever reason, I do get a craving for one.",S,"The client's utterance implies a commitment to maintaining the target behaviour, as they express a strong desire to smoke when they can't, which suggests sustain talk. However, it does not directly express reasons for or against change, or a clear desire to change or maintain, but rather a reaction to not being able to smoke, indicating a need to maintain the behaviour due to cravings.",N-,"The client's utterance implies that they experience a strong desire or need for smoking when they are unable to do so, indicating a reliance on the behavior. This suggests that the client is expressing a need to maintain the target behavior of smoking."
6,663b79f76293a4480abba57d,client,192,13,"Yes. If I can't smoke for whatever reason, I do get a craving for one. I also do think of the possible negative health consequences from time to time.",511,36,I also do think of the possible negative health consequences from time to time.,C,"The client mentions considering the negative health consequences of smoking, which indicates a recognition of reasons to change their behavior, aligning with Change Talk.",R+,"The client mentions considering the negative health consequences of smoking, which indicates they are acknowledging reasons for potentially changing their behaviour. This aligns with expressing reasons for changing the target behaviour."
6,663b79f76293a4480abba57d,counsellor,193,14,"It makes sense that cravings would pop up when you can't smoke, and the health consequences sometimes come to mind. These moments of craving and concern seem like they might add layers to your relationship with smoking. How do you usually handle those cravings or thoughts about health when they surface?",512,37,"It makes sense that cravings would pop up when you can't smoke, and the health consequences sometimes come to mind.",SRL,"The counsellor's utterance acknowledges and reflects the client's experience of having cravings when unable to smoke and occasionally thinking about the health consequences, which aligns with the definition of a Simple Reflection (SR) as it mirrors the client's statement without adding significant new insight.",SR,"The counsellor's utterance is a Simple Reflection (SR) because it repeats and acknowledges the client's previous statements about experiencing cravings when unable to smoke and occasionally thinking about the health consequences, without adding significant new information or interpretation."
6,663b79f76293a4480abba57d,counsellor,193,14,"It makes sense that cravings would pop up when you can't smoke, and the health consequences sometimes come to mind. These moments of craving and concern seem like they might add layers to your relationship with smoking. How do you usually handle those cravings or thoughts about health when they surface?",513,38,These moments of craving and concern seem like they might add layers to your relationship with smoking.,CRL,"The counsellor's utterance adds depth to the client's statement by highlighting the complexity of their relationship with smoking, indicating a deeper understanding of the client's perspective. This is an example of a Complex Reflection (CR), which is a part of the C-Reflective (CRL) category.",CR,"The counsellor's utterance adds a deeper layer of understanding to the client's experience with smoking, highlighting the complexities of their relationship with it, which goes beyond a simple routine or habit. This addition of depth and meaning to the client's statement aligns with the characteristics of a Complex Reflection."
6,663b79f76293a4480abba57d,counsellor,193,14,"It makes sense that cravings would pop up when you can't smoke, and the health consequences sometimes come to mind. These moments of craving and concern seem like they might add layers to your relationship with smoking. How do you usually handle those cravings or thoughts about health when they surface?",514,39,How do you usually handle those cravings or thoughts about health when they surface?,Q,"The counsellor's utterance is an open-ended question that seeks to understand the client's strategies for managing cravings and health concerns related to smoking, encouraging the client to elaborate on their experiences and thoughts.",OQ,"The question cannot be answered with a simple 'yes' or 'no' and requires the client to elaborate on their thoughts, feelings, or actions, making it an open-ended inquiry. It structurally demands a descriptive or explanatory response beyond a binary choice."
6,663b79f76293a4480abba57d,client,194,15,"If I can't smoke at that moment I usually just try to get my mind off of the idea. In regards to the thoughts of health, I also just try not to think about it.",515,40,If I can't smoke at that moment I usually just try to get my mind off of the idea.,S,"The client's utterance describes a strategy to cope with cravings, which implies an attempt to manage or reduce the target behavior, but does not explicitly express a desire or commitment to change. However, it leans towards sustain talk as the strategy is about maintaining the status quo by distracting themselves from the craving rather than addressing the underlying issue or expressing a need to quit.",AC-,"The client's utterance implies an action taken to maintain the status quo of smoking by distracting themselves when they cannot smoke, which leans towards inaction regarding changing their smoking behavior. This action suggests the client is not moving towards quitting or changing their behavior."
6,663b79f76293a4480abba57d,client,194,15,"If I can't smoke at that moment I usually just try to get my mind off of the idea. In regards to the thoughts of health, I also just try not to think about it.",516,41,"In regards to the thoughts of health, I also just try not to think about it.",S,"The client expresses a strategy to avoid thinking about the health consequences, which implies a desire to maintain their current behavior and avoid considering change, thus aligning with sustain talk. ",AC-,"The client's utterance indicates an avoidance of thoughts related to the negative health consequences of smoking, rather than expressing a desire, need, or commitment to maintain the behaviour. This avoidance can be seen as a way of leaning towards inaction regarding changing their smoking behaviour."
6,663b79f76293a4480abba57d,counsellor,195,16,"Distracting yourself from cravings and trying not to dwell on health thoughts seem like strategies you use to navigate those challenges. It takes resilience to manage those feelings when they arise. Have there been times when you've thought about making any changes, or is staying with your routine more comfortable for now?",517,42,Distracting yourself from cravings and trying not to dwell on health thoughts seem like strategies you use to navigate those challenges.,SRL,"The counsellor's utterance reflects the client's strategies for handling cravings and health concerns by paraphrasing and slightly expanding on the client's statements, indicating an attempt to understand and acknowledge the client's experiences without adding significant new insight or depth, which aligns with the definition of a Simple Reflection.",SR,"The counsellor's utterance paraphrases the client's strategies for handling cravings and health concerns, indicating an understanding of the client's actions without adding new information or pushing for change, which aligns with the definition of a Simple Reflection."
6,663b79f76293a4480abba57d,counsellor,195,16,"Distracting yourself from cravings and trying not to dwell on health thoughts seem like strategies you use to navigate those challenges. It takes resilience to manage those feelings when they arise. Have there been times when you've thought about making any changes, or is staying with your routine more comfortable for now?",518,43,It takes resilience to manage those feelings when they arise.,CRL,"The counsellor's utterance acknowledges the client's ability to manage their feelings, which is a positive aspect of their behavior, thus it is an affirmation of the client's strengths.",AF,"The counsellor's utterance acknowledges the client's ability to cope with cravings and health concerns, emphasizing a positive aspect of the client's behavior. This statement communicates something positive about the client's strengths."
6,663b79f76293a4480abba57d,counsellor,195,16,"Distracting yourself from cravings and trying not to dwell on health thoughts seem like strategies you use to navigate those challenges. It takes resilience to manage those feelings when they arise. Have there been times when you've thought about making any changes, or is staying with your routine more comfortable for now?",519,44,"Have there been times when you've thought about making any changes, or is staying with your routine more comfortable for now?",Q,"The counsellor's utterance is an open-ended question that encourages the client to explore their thoughts about making changes to their smoking routine, thus aiming to understand or elicit the client's story.",CQ,"The utterance 'Have there been times when you've thought about making any changes, or is staying with your routine more comfortable for now?' can be answered with a 'yes' or 'no', and it also presents a binary choice, making it a closed question. Although it invites some elaboration, its grammatical structure permits a yes/no response."
6,663b79f76293a4480abba57d,client,196,17,"Where I am at right now in my life, I couldn't see myself quitting just yet. I am at a sort of stressful point in my life and smoking aids that. However, I would like to quit eventually.",520,45,"Where I am at right now in my life, I couldn't see myself quitting just yet.",S,"The client expresses a stance toward maintaining the target behavior, indicating they cannot see themselves quitting at their current stage in life, which aligns with sustain talk. This suggests a commitment to continuing the behavior for now.",AC-,"The client expresses a current inability or unwillingness to change their smoking behaviour, indicating a lack of readiness to quit, which aligns with leaning towards inaction."
6,663b79f76293a4480abba57d,client,196,17,"Where I am at right now in my life, I couldn't see myself quitting just yet. I am at a sort of stressful point in my life and smoking aids that. However, I would like to quit eventually.",521,46,I am at a sort of stressful point in my life and smoking aids that.,S,"The client's utterance suggests that smoking serves as a means to cope with stress, implying a reason to maintain the target behavior. This indicates that the client is expressing a stance toward sustaining the behavior, rather than changing it.",R-,"The client's utterance suggests that smoking serves as a means to cope with stress, implying a reason for maintaining the behaviour. This reason is tied to the client's current life situation and how smoking helps them deal with it."
6,663b79f76293a4480abba57d,client,196,17,"Where I am at right now in my life, I couldn't see myself quitting just yet. I am at a sort of stressful point in my life and smoking aids that. However, I would like to quit eventually.",522,47,"However, I would like to quit eventually.",C,"The client expresses a desire to change their behavior, specifically stating they would like to quit eventually, which aligns with Change Talk as it indicates a stance toward changing the target behavior.",D+,"The client expresses a desire to change their smoking behaviour in the future, indicating a willingness to consider quitting. This statement aligns with expressing a desire for change."
6,663b79f76293a4480abba57d,counsellor,197,18,"Right now, smoking provides some relief during a stressful time, and it seems like it's helping you manage that stress. It's also clear that there's a part of you that envisions a future where quitting is possible. How do you visualize that future, when the time comes that quitting might feel right for you?",523,48,"Right now, smoking provides some relief during a stressful time, and it seems like it's helping you manage that stress.",SRL,"The counsellor's utterance acknowledges and reflects the client's current situation and reliance on smoking as a stress management tool, without adding new information or suggesting alternatives. This is an example of a simple reflection, as it mirrors the client's statement about smoking aiding during a stressful point in their life.",SR,"The counsellor's utterance is a Simple Reflection (SR) because it paraphrases the client's statement about smoking aiding with stress, without adding significant new information or interpretation. It reflects back the client's words to show understanding and encourage further exploration."
6,663b79f76293a4480abba57d,counsellor,197,18,"Right now, smoking provides some relief during a stressful time, and it seems like it's helping you manage that stress. It's also clear that there's a part of you that envisions a future where quitting is possible. How do you visualize that future, when the time comes that quitting might feel right for you?",524,49,It's also clear that there's a part of you that envisions a future where quitting is possible.,CRL,"The counsellor's utterance acknowledges and reflects the client's perspective on quitting smoking in the future, which shows a deeper understanding and affirmation of the client's goals and aspirations. This aligns with the definition of a Complex Reflection (CR) under the C-Reflective (CRL) category, as it adds significant meaning to the client's statement and conveys a richer picture of their thoughts on quitting.",CR,"The counsellor's utterance acknowledges the client's desire to quit smoking in the future, emphasizing a positive aspect of the client's thoughts and goals. This statement adds depth to the client's statement by highlighting their potential for change."
6,663b79f76293a4480abba57d,counsellor,197,18,"Right now, smoking provides some relief during a stressful time, and it seems like it's helping you manage that stress. It's also clear that there's a part of you that envisions a future where quitting is possible. How do you visualize that future, when the time comes that quitting might feel right for you?",525,50,"How do you visualize that future, when the time comes that quitting might feel right for you?",Q,"The counsellor's utterance is an open-ended question that encourages the client to explore and describe their future vision of quitting smoking, which cannot be answered with a simple 'yes' or 'no' and requires an elaboration or descriptive narrative.",OQ,"The question cannot be answered with a simple 'yes' or 'no' and requires the client to elaborate on their thoughts and feelings about quitting smoking in the future, making it an open-ended inquiry."
6,663b79f76293a4480abba57d,client,198,19,"I think that when I am financially secure, have a good stable job and if I am raising a family that I would like to quit at that point.",526,51,"I think that when I am financially secure, have a good stable job and if I am raising a family that I would like to quit at that point.",C,"The client expresses a future desire to quit smoking when their life circumstances improve, indicating a stance toward changing the target behavior under certain conditions. This reflects a 'desire' to change, which is a subtype of Change Talk.",O+,"The client expresses a hypothetical scenario in which they would like to quit smoking, indicating a desire to change their behavior under certain conditions. This statement supports change but does not fit into the other categories as it is not a direct expression of desire, ability, reasons, need, commitment, activation, or taking steps."
6,663b79f76293a4480abba57d,counsellor,199,20,"Imagining a future where quitting aligns with financial security, career stability, and family life paints a promising picture for you. It's a time when you see things coming together in a way that supports making a change. Though you're not ready to quit right now, having that vision shows you're already thinking about what you want for yourself. Is there anything you'd like to talk about or explore around this vision or your current routine today?",527,52,"Imagining a future where quitting aligns with financial security, career stability, and family life paints a promising picture for you.",CRL,"The counsellor's utterance is a complex reflection that adds significant meaning to the client's statement, conveying a deeper and richer picture of the client's vision for the future. It acknowledges the client's goals and aspirations, affirming their perspective and reinforcing their motivation for quitting smoking in the future.",AF,"The counsellor's utterance acknowledges the client's vision for the future and highlights the positive aspects of it, which aligns with the function of affirming the client's strengths or efforts. It emphasizes the promising nature of the client's envisioned future, which is a positive and supportive comment."
6,663b79f76293a4480abba57d,counsellor,199,20,"Imagining a future where quitting aligns with financial security, career stability, and family life paints a promising picture for you. It's a time when you see things coming together in a way that supports making a change. Though you're not ready to quit right now, having that vision shows you're already thinking about what you want for yourself. Is there anything you'd like to talk about or explore around this vision or your current routine today?",528,53,It's a time when you see things coming together in a way that supports making a change.,CRL,"The counsellor's utterance is a complex reflection that adds meaning to the client's vision of the future, highlighting the supportive conditions for making a change. This engages deeply with the client's perspective and emphasizes their autonomy in envisioning a future where change is possible.",CR,"The counsellor's utterance suggests a different meaning for the client's experience, implying that the client's envisioned future is not just a personal desire but a time when various aspects of their life are aligned to support a significant change, such as quitting smoking. This reinterpretation aims to enhance the client's motivation by highlighting the potential for a supportive environment."
6,663b79f76293a4480abba57d,counsellor,199,20,"Imagining a future where quitting aligns with financial security, career stability, and family life paints a promising picture for you. It's a time when you see things coming together in a way that supports making a change. Though you're not ready to quit right now, having that vision shows you're already thinking about what you want for yourself. Is there anything you'd like to talk about or explore around this vision or your current routine today?",529,54,"Though you're not ready to quit right now, having that vision shows you're already thinking about what you want for yourself.",CRL,"The counsellor's utterance acknowledges and affirms the client's vision for their future, emphasizing their autonomy and desire for self-improvement. This is an example of a reflective statement that adds depth to the client's perspective, specifically by highlighting their strengths and motivations.",AF,"The counsellor's utterance acknowledges the client's current situation while also highlighting their future aspirations, emphasizing the client's autonomy and self-awareness in their decision-making process. This statement affirms the client's strengths in having a vision for their future."
6,663b79f76293a4480abba57d,counsellor,199,20,"Imagining a future where quitting aligns with financial security, career stability, and family life paints a promising picture for you. It's a time when you see things coming together in a way that supports making a change. Though you're not ready to quit right now, having that vision shows you're already thinking about what you want for yourself. Is there anything you'd like to talk about or explore around this vision or your current routine today?",530,55,Is there anything you'd like to talk about or explore around this vision or your current routine today?,Q,"The counsellor's utterance is an open-ended question that invites the client to share more about their vision or current routine, indicating a desire to understand and explore the client's thoughts and feelings without providing advice or direction.",CQ,"The utterance 'Is there anything you'd like to talk about or explore around this vision or your current routine today?' can be answered with a 'yes' or 'no', making it a closed question, despite inviting further discussion. The presence of 'Is there anything' structurally permits a yes/no response, aligning with the definition of a Closed Question."
6,663b79f76293a4480abba57d,client,200,21,"The vision for quitting would be that once I feel i'm in a less stressful phase of my life, I will cut down the number of cigarettes per day slowly, and eventually entirely quit them.",531,56,"The vision for quitting would be that once I feel I'm in a less stressful phase of my life,",C,"The client expresses a future intention to quit when their life circumstances improve, indicating a desire to change the target behavior under certain conditions. This aligns with Change Talk, as it implies a potential commitment to quitting in the future.",O+,"The client expresses a hypothetical scenario under which they would consider quitting, which aligns with recognizing a potential future change but does not directly express desire, ability, reasons, need, commitment, activation, or taking steps. This scenario is more about problem recognition and a hypothetical condition for change."
6,663b79f76293a4480abba57d,client,200,21,"The vision for quitting would be that once I feel i'm in a less stressful phase of my life, I will cut down the number of cigarettes per day slowly, and eventually entirely quit them.",532,57,"I will cut down the number of cigarettes per day slowly,",C,"The client expresses an intention to reduce their smoking, which indicates a step toward changing the target behavior. This statement implies a commitment to modifying their current smoking habit, aligning with Change Talk.",AC+,"The client expresses an intention to reduce their smoking gradually, which indicates a lean towards taking action and making a change, although it's not a direct commitment to quitting. This statement suggests the client is considering alternatives to their current behavior."
6,663b79f76293a4480abba57d,client,200,21,"The vision for quitting would be that once I feel i'm in a less stressful phase of my life, I will cut down the number of cigarettes per day slowly, and eventually entirely quit them.",533,58,and eventually entirely quit them.,C,"The client expresses a desire to quit eventually, which aligns with Change Talk, as it indicates a stance toward changing the target behavior in the future.",D+,"The client expresses a desire to completely stop their target behavior in the future, indicating a long-term goal of quitting. However, the provided target utterance 'and eventually entirely quit them' seems to be out of context and not present in the given session excerpt. Based on the context provided, the client's intention is to quit eventually, which aligns with expressing a desire for change. The correct target utterance to classify should be 'However, I would like to quit eventually.'"
6,663b79f76293a4480abba57d,counsellor,201,22,"Thank you so much for spending time with me today. We've reached a natural point to wrap up, and I'd like to take a moment to summarize what we've talked about. 

We explored your smoking routine and how it's been a part of your life for about 11 years, providing both a mental break and a relaxing feeling. You've also been mindful of the financial cost and health risks associated with smoking. Right now, during a stressful phase, smoking seems to offer some comfort. But there's a vision you hold for the future: a time when you're financially secure, stable in your job, and possibly raising a family, which includes slowly cutting down cigarettes and eventually quitting. 

This vision, while not immediately actionable, reflects a thoughtful approach to how you might navigate change when the timing feels right for you. Please feel free to reach out whenever you'd like to explore more, and I’m here to support you along the way. 

Take care, and I look forward to our next conversation if that feels right for you.",534,59,Thank you so much for spending time with me today.,O,"The counsellor's utterance is a polite expression of gratitude and does not engage with the client's perspective in a way that adds insight, provides advice, or asks a question. It serves as a structural or facilitative comment to close the session.",FI,"The counsellor's final utterance is a polite expression of gratitude, which serves as a pleasantry to conclude the session. It does not provide any new information, facilitate further discussion, or offer structure for the client's treatment plan."
6,663b79f76293a4480abba57d,counsellor,201,22,"Thank you so much for spending time with me today. We've reached a natural point to wrap up, and I'd like to take a moment to summarize what we've talked about. 

We explored your smoking routine and how it's been a part of your life for about 11 years, providing both a mental break and a relaxing feeling. You've also been mindful of the financial cost and health risks associated with smoking. Right now, during a stressful phase, smoking seems to offer some comfort. But there's a vision you hold for the future: a time when you're financially secure, stable in your job, and possibly raising a family, which includes slowly cutting down cigarettes and eventually quitting. 

This vision, while not immediately actionable, reflects a thoughtful approach to how you might navigate change when the timing feels right for you. Please feel free to reach out whenever you'd like to explore more, and I’m here to support you along the way. 

Take care, and I look forward to our next conversation if that feels right for you.",535,60,"We've reached a natural point to wrap up, and I'd like to take a moment to summarize what we've talked about.",O,"The counsellor's utterance serves as a transitional statement to conclude the session and summarize the discussion, which does not engage in MI techniques but rather structures the session flow.",ST,"The counsellor's utterance indicates a transition to concluding the session, providing a summary of the discussion, which gives information about what will happen next in the session, fitting the definition of the Structure category."
6,663b79f76293a4480abba57d,counsellor,201,22,"Thank you so much for spending time with me today. We've reached a natural point to wrap up, and I'd like to take a moment to summarize what we've talked about. 

We explored your smoking routine and how it's been a part of your life for about 11 years, providing both a mental break and a relaxing feeling. You've also been mindful of the financial cost and health risks associated with smoking. Right now, during a stressful phase, smoking seems to offer some comfort. But there's a vision you hold for the future: a time when you're financially secure, stable in your job, and possibly raising a family, which includes slowly cutting down cigarettes and eventually quitting. 

This vision, while not immediately actionable, reflects a thoughtful approach to how you might navigate change when the timing feels right for you. Please feel free to reach out whenever you'd like to explore more, and I’m here to support you along the way. 

Take care, and I look forward to our next conversation if that feels right for you.",536,61,"We explored your smoking routine and how it's been a part of your life for about 11 years, providing both a mental break and a relaxing feeling.",SRL,"The counsellor's utterance summarizes the client's perspective on their smoking routine, acknowledging its role in their life and the feelings it provides, without adding new insights or interpretations beyond what the client has expressed. This aligns with the definition of a Simple Reflection (SR), which mirrors or paraphrases the client's statement without adding extra insight.",SR,"The counsellor's utterance summarizes the client's perspective on their smoking habit, reflecting its role in their life as a source of mental break and relaxation, which aligns with the function of a simple reflection to acknowledge and paraphrase the client's words."
6,663b79f76293a4480abba57d,counsellor,201,22,"Thank you so much for spending time with me today. We've reached a natural point to wrap up, and I'd like to take a moment to summarize what we've talked about. 

We explored your smoking routine and how it's been a part of your life for about 11 years, providing both a mental break and a relaxing feeling. You've also been mindful of the financial cost and health risks associated with smoking. Right now, during a stressful phase, smoking seems to offer some comfort. But there's a vision you hold for the future: a time when you're financially secure, stable in your job, and possibly raising a family, which includes slowly cutting down cigarettes and eventually quitting. 

This vision, while not immediately actionable, reflects a thoughtful approach to how you might navigate change when the timing feels right for you. Please feel free to reach out whenever you'd like to explore more, and I’m here to support you along the way. 

Take care, and I look forward to our next conversation if that feels right for you.",537,62,You've also been mindful of the financial cost and health risks associated with smoking.,CRL,"The counsellor's utterance acknowledges the client's awareness of the financial and health implications of smoking, which can be seen as affirming the client's perspective and understanding of their situation. This aligns with the definition of Affirm (AF) under the C-Reflective (CRL) category, as it communicates something positive about the client's strengths or efforts in recognizing these aspects.",AF,"The counsellor's utterance acknowledges the client's awareness of the negative aspects of smoking, which can be seen as a positive aspect of the client's thought process, thus it can be classified as affirming the client's strengths or efforts. However, the target utterance provided does not match the session transcript, suggesting an error in the provided text. Given the mismatch, the correct approach is to analyze the intended utterance based on its content. The utterance 'You've also been mindful of the financial cost and health risks associated with smoking' would typically be categorized as affirming because it highlights the client's consideration of important factors."
6,663b79f76293a4480abba57d,counsellor,201,22,"Thank you so much for spending time with me today. We've reached a natural point to wrap up, and I'd like to take a moment to summarize what we've talked about. 

We explored your smoking routine and how it's been a part of your life for about 11 years, providing both a mental break and a relaxing feeling. You've also been mindful of the financial cost and health risks associated with smoking. Right now, during a stressful phase, smoking seems to offer some comfort. But there's a vision you hold for the future: a time when you're financially secure, stable in your job, and possibly raising a family, which includes slowly cutting down cigarettes and eventually quitting. 

This vision, while not immediately actionable, reflects a thoughtful approach to how you might navigate change when the timing feels right for you. Please feel free to reach out whenever you'd like to explore more, and I’m here to support you along the way. 

Take care, and I look forward to our next conversation if that feels right for you.",538,63,"Right now, during a stressful phase, smoking seems to offer some comfort.",SRL,"The counsellor's utterance reflects the client's statement by acknowledging the role of smoking in managing stress, without adding significant new insight or interpretation. This mirrors the client's perspective in a straightforward manner.",SR,"The counsellor's utterance is a reflective listening statement that paraphrases the client's words, highlighting the role of smoking in managing stress, which aligns with the definition of a Simple Reflection. "
6,663b79f76293a4480abba57d,counsellor,201,22,"Thank you so much for spending time with me today. We've reached a natural point to wrap up, and I'd like to take a moment to summarize what we've talked about. 

We explored your smoking routine and how it's been a part of your life for about 11 years, providing both a mental break and a relaxing feeling. You've also been mindful of the financial cost and health risks associated with smoking. Right now, during a stressful phase, smoking seems to offer some comfort. But there's a vision you hold for the future: a time when you're financially secure, stable in your job, and possibly raising a family, which includes slowly cutting down cigarettes and eventually quitting. 

This vision, while not immediately actionable, reflects a thoughtful approach to how you might navigate change when the timing feels right for you. Please feel free to reach out whenever you'd like to explore more, and I’m here to support you along the way. 

Take care, and I look forward to our next conversation if that feels right for you.",539,64,"But there's a vision you hold for the future: a time when you're financially secure, stable in your job, and possibly raising a family, which includes slowly cutting down cigarettes and eventually quitting.",CRL,"The counsellor's utterance is a Complex Reflection (CR) as it adds significant meaning and emphasis to the client's vision for the future, conveying a deeper understanding of their goals and motivations. It reflects the client's statement about their future plans, including the conditions under which they see themselves quitting smoking, and presents it in a way that reinforces their autonomy and desire for change.",CR,"The counsellor's utterance reflects the client's vision for the future, emphasizing their goal of quitting smoking when they feel financially secure and stable, thus adding depth and meaning to the client's statement. This reflection conveys a deeper understanding of the client's motivations and desires."
6,663b79f76293a4480abba57d,counsellor,201,22,"Thank you so much for spending time with me today. We've reached a natural point to wrap up, and I'd like to take a moment to summarize what we've talked about. 

We explored your smoking routine and how it's been a part of your life for about 11 years, providing both a mental break and a relaxing feeling. You've also been mindful of the financial cost and health risks associated with smoking. Right now, during a stressful phase, smoking seems to offer some comfort. But there's a vision you hold for the future: a time when you're financially secure, stable in your job, and possibly raising a family, which includes slowly cutting down cigarettes and eventually quitting. 

This vision, while not immediately actionable, reflects a thoughtful approach to how you might navigate change when the timing feels right for you. Please feel free to reach out whenever you'd like to explore more, and I’m here to support you along the way. 

Take care, and I look forward to our next conversation if that feels right for you.",540,65,"This vision, while not immediately actionable, reflects a thoughtful approach to how you might navigate change when the timing feels right for you.",CRL,"The counsellor's utterance reflects a thoughtful approach to the client's vision for quitting, emphasizing the client's navigational strategy for change. This is an example of a Complex Reflection (CR) as it adds significant meaning to the client's statement, conveying a deeper understanding of their approach to quitting smoking.",EC,"The counsellor's utterance acknowledges the client's thoughtful approach to quitting smoking in the future, emphasizing their autonomy and ability to navigate change when the time feels right, which aligns with emphasizing the client's control over their decisions and actions."
6,663b79f76293a4480abba57d,counsellor,201,22,"Thank you so much for spending time with me today. We've reached a natural point to wrap up, and I'd like to take a moment to summarize what we've talked about. 

We explored your smoking routine and how it's been a part of your life for about 11 years, providing both a mental break and a relaxing feeling. You've also been mindful of the financial cost and health risks associated with smoking. Right now, during a stressful phase, smoking seems to offer some comfort. But there's a vision you hold for the future: a time when you're financially secure, stable in your job, and possibly raising a family, which includes slowly cutting down cigarettes and eventually quitting. 

This vision, while not immediately actionable, reflects a thoughtful approach to how you might navigate change when the timing feels right for you. Please feel free to reach out whenever you'd like to explore more, and I’m here to support you along the way. 

Take care, and I look forward to our next conversation if that feels right for you.",541,66,"Please feel free to reach out whenever you'd like to explore more, and I’m here to support you along the way.",CRL,"The counsellor's utterance is a supportive statement, expressing availability and willingness to support the client in their journey, which aligns with the definition of a supportive comment that acknowledges the client's autonomy and efforts, thus it falls under the C-Reflective category, specifically as a form of Support (SU).",SU,"The counsellor's utterance offers support and reassurance, indicating that they are available to help the client whenever needed, which aligns with providing a sympathetic and compassionate comment. "
6,663b79f76293a4480abba57d,counsellor,201,22,"Thank you so much for spending time with me today. We've reached a natural point to wrap up, and I'd like to take a moment to summarize what we've talked about. 

We explored your smoking routine and how it's been a part of your life for about 11 years, providing both a mental break and a relaxing feeling. You've also been mindful of the financial cost and health risks associated with smoking. Right now, during a stressful phase, smoking seems to offer some comfort. But there's a vision you hold for the future: a time when you're financially secure, stable in your job, and possibly raising a family, which includes slowly cutting down cigarettes and eventually quitting. 

This vision, while not immediately actionable, reflects a thoughtful approach to how you might navigate change when the timing feels right for you. Please feel free to reach out whenever you'd like to explore more, and I’m here to support you along the way. 

Take care, and I look forward to our next conversation if that feels right for you.",542,67,"Take care, and I look forward to our next conversation if that feels right for you.",O,"The counsellor's final utterance is a structural or facilitative statement that does not engage in MI techniques, as it is a closing remark and an expression of anticipation for the next session, dependent on the client's feelings.",FI,"The counsellor's final utterance serves as a polite closing statement, expressing a pleasantry and setting a positive tone for potential future interactions. This aligns with the characteristics of a filler, as it does not directly facilitate the client's reflection or provide structural information about the session or treatment process."
7,67336dc4beb89674ca687d87,counsellor,202,0,Hi there! I'm really glad you've taken the time to chat today. How have you been feeling lately?,543,0,Hi there!,O,"The counsellor's utterance is a greeting, which is a pleasantry and does not engage in MI techniques.",FI,"The counsellor's utterance is a greeting, which serves as a pleasantry to initiate the session."
7,67336dc4beb89674ca687d87,counsellor,202,0,Hi there! I'm really glad you've taken the time to chat today. How have you been feeling lately?,544,1,I'm really glad you've taken the time to chat today.,CRL,"The counsellor's utterance is a sympathetic and appreciative comment, which aligns with the definition of Support (SU) in the C-Reflective (CRL) category, as it expresses something positive about the client's action of taking the time to chat.",AF,"The counsellor's utterance expresses appreciation for the client's effort in attending the session, which is a positive and complimentary statement. This aligns with the definition of affirming the client's strengths or efforts."
7,67336dc4beb89674ca687d87,counsellor,202,0,Hi there! I'm really glad you've taken the time to chat today. How have you been feeling lately?,545,2,How have you been feeling lately?,Q,"The counsellor's utterance is an open-ended question that encourages the client to share their feelings and emotions, which is a characteristic of a question that gathers information and understands the client's story.",OQ,"The utterance 'How have you been feeling lately?' cannot be answered with a simple 'yes' or 'no' and requires an elaboration or descriptive response, making it an open question."
7,67336dc4beb89674ca687d87,client,203,1,ive been feeling abit low on energy and motivation,546,3,I've been feeling a bit low on energy and motivation.,N,"The client's utterance expresses a general statement about their current state without explicitly supporting or opposing change, thus it does not clearly fall into change talk or sustain talk.",N,"The client's utterance expresses their current emotional state but does not clearly support or oppose change, as it merely states their feelings without indicating a desire to change or resist change. Therefore, it falls into the neutral category."
7,67336dc4beb89674ca687d87,counsellor,204,2,I'm sorry to hear that. Feeling low on energy and motivation can be really challenging. Can you tell me more about what's been going on for you lately?,547,4,I'm sorry to hear that.,CRL,"The counsellor's utterance, 'I'm sorry to hear that,' is a sympathetic and compassionate comment that acknowledges the client's feelings, which aligns with the Support (SU) code under the C-Reflective (CRL) category.",SU,"The counsellor's utterance expresses sympathy and understanding towards the client's feelings, which aligns with the definition of a supportive comment. It acknowledges the client's emotional state without adding deeper meaning or emphasizing their autonomy."
7,67336dc4beb89674ca687d87,counsellor,204,2,I'm sorry to hear that. Feeling low on energy and motivation can be really challenging. Can you tell me more about what's been going on for you lately?,548,5,Feeling low on energy and motivation can be really challenging.,CRL,"The counsellor's utterance acknowledges and empathizes with the client's feelings, which aligns with the definition of a supportive comment, thus it falls under C-Reflective (CRL) as it conveys understanding and validation of the client's experience.",SU,"The counsellor's utterance acknowledges the client's feelings and expresses understanding, which is a key aspect of showing empathy and support. This response does not add new meaning, emphasize control, or reframe the client's experience, but rather offers a sympathetic view."
7,67336dc4beb89674ca687d87,counsellor,204,2,I'm sorry to hear that. Feeling low on energy and motivation can be really challenging. Can you tell me more about what's been going on for you lately?,549,6,Can you tell me more about what's been going on for you lately?,Q,"The counsellor's utterance is an open-ended question that encourages the client to elaborate on their feelings and experiences, which aligns with the definition of an Open Question (OQ) in the Question (Q) category.",OQ,"The utterance 'Can you tell me more about what's been going on for you lately?' cannot be answered with a simple 'yes' or 'no' and is structurally designed to elicit an elaborative response, making it an open question."
7,67336dc4beb89674ca687d87,client,205,3,"I have alot of things happening currently in my life,my family is pressuring me into quitting smoking and my health hasnt been that good for the past few weeks",550,7,"I have a lot of things happening currently in my life,",N,"The client's utterance provides a general statement about their current life situation without expressing a clear stance toward changing or maintaining a specific behavior, thus it does not support or oppose change.",N,"The client's utterance does not clearly express a desire to change or resist change, it simply states their current situation without indicating a direction towards or away from change."
7,67336dc4beb89674ca687d87,client,205,3,"I have alot of things happening currently in my life,my family is pressuring me into quitting smoking and my health hasnt been that good for the past few weeks",551,8,my family is pressuring me into quitting smoking,C,"The client's utterance implies an external motivation for change, which can be associated with a desire or need to change, thus leaning towards Change Talk. However, it doesn't directly express the client's personal stance or commitment towards changing their smoking behavior.",R+,"The client's utterance mentions an external motivator (family pressure) for changing their behaviour, which aligns with providing reasons for changing the target behaviour."
7,67336dc4beb89674ca687d87,client,205,3,"I have alot of things happening currently in my life,my family is pressuring me into quitting smoking and my health hasnt been that good for the past few weeks",552,9,and my health hasn't been that good for the past few weeks.,N,"The client mentions their health hasn't been good, which could be a reason for considering change, but it does not directly express a desire or commitment to change, it's more of a statement of their current situation.",N,"The client's utterance does not clearly express a desire to change or resist change, but rather states their current health status. It provides information about their situation without indicating a clear direction towards or away from change."
7,67336dc4beb89674ca687d87,counsellor,206,4,"It sounds like there's a lot weighing on you right now, both with family expectations and some health concerns. Can you share a bit more about how you're feeling about your smoking at the moment?",553,10,"It sounds like there's a lot weighing on you right now, both with family expectations and some health concerns.",CRL,"The counsellor's utterance is a complex reflection that acknowledges the client's multiple challenges, including family pressure and health concerns, thereby adding depth to the client's statement and conveying a richer understanding of their situation.",CR,"The counsellor's utterance acknowledges the client's difficulties and emphasizes the multiple challenges they are facing, conveying a deeper understanding of the client's situation. This adds significant meaning to what the client said, providing a richer picture of their concerns."
7,67336dc4beb89674ca687d87,counsellor,206,4,"It sounds like there's a lot weighing on you right now, both with family expectations and some health concerns. Can you share a bit more about how you're feeling about your smoking at the moment?",554,11,Can you share a bit more about how you're feeling about your smoking at the moment?,Q,"The counsellor's utterance is an open-ended question that encourages the client to elaborate on their feelings about smoking, which is a key aspect of their current challenges. This type of question helps to gather more information and understand the client's perspective.",CQ,"The utterance 'Can you share a bit more about how you're feeling about your smoking at the moment?' is classified as a Closed Question (CQ) because, despite inviting elaboration, it grammatically permits a yes/no response, such as 'yes, I can' or 'no, I'd rather not', even though the context suggests a more detailed answer is expected."
7,67336dc4beb89674ca687d87,client,207,5,"I honestly cant function without a smoke,its too much.",555,12,"I honestly can't function without a smoke,",S,"The client expresses a need to maintain the target behaviour, implying that they cannot cope without smoking, which aligns with Sustain Talk. This suggests a commitment to continuing the behaviour due to a perceived necessity or dependence.",N-,"The client expresses a need to maintain the target behaviour, smoking, as they believe it is necessary for their functioning. This statement implies that quitting smoking would be difficult or impossible for them due to their reliance on it."
7,67336dc4beb89674ca687d87,client,207,5,"I honestly cant function without a smoke,its too much.",556,13,it's too much.,N,"The client's utterance 'it's too much' does not clearly express a stance toward changing or maintaining the target behavior of smoking, but rather seems to be an expression of feeling overwhelmed, which does not directly support or oppose change.",N,"The client's utterance 'it's too much' does not clearly support or oppose change, as it appears to be an expression of feeling overwhelmed rather than a statement about their motivation to quit smoking. This utterance seems to be a reflection of their emotional state rather than a commitment to or rejection of changing their behavior."
7,67336dc4beb89674ca687d87,counsellor,208,6,"It seems like smoking has become a significant part of your daily routine, like a way to cope with everything else going on. Balancing that dependency with the pressure from your family and worries about your health must feel overwhelming. What are your thoughts about those moments when you reach for a cigarette?",557,14,"It seems like smoking has become a significant part of your daily routine, like a way to cope with everything else going on.",CRL,"The counsellor's utterance adds depth to the client's statement by suggesting that smoking is not just a habit, but a coping mechanism, thus conveying a deeper understanding of the client's situation. This is an example of a Complex Reflection (CR), which is a part of the C-Reflective (CRL) category.",CR,"The counsellor's utterance adds depth to the client's statement by highlighting the role of smoking as a coping mechanism, which conveys a richer understanding of the client's situation. This goes beyond simple reflection by interpreting the client's behavior and its possible motivations."
7,67336dc4beb89674ca687d87,counsellor,208,6,"It seems like smoking has become a significant part of your daily routine, like a way to cope with everything else going on. Balancing that dependency with the pressure from your family and worries about your health must feel overwhelming. What are your thoughts about those moments when you reach for a cigarette?",558,15,Balancing that dependency with the pressure from your family and worries about your health must feel overwhelming.,CRL,"The counsellor's utterance acknowledges the client's struggles and adds depth to their situation by highlighting the overwhelming nature of their dependency, family pressure, and health concerns. This is an example of a Complex Reflection (CR), which conveys a deeper understanding of the client's experience.",CR,"The counsellor's utterance acknowledges the client's struggles and emphasizes the complexity of their situation, adding depth to the client's statement by highlighting the overwhelming nature of their circumstances. This goes beyond a simple reflection by conveying a richer picture of the client's emotional state."
7,67336dc4beb89674ca687d87,counsellor,208,6,"It seems like smoking has become a significant part of your daily routine, like a way to cope with everything else going on. Balancing that dependency with the pressure from your family and worries about your health must feel overwhelming. What are your thoughts about those moments when you reach for a cigarette?",559,16,What are your thoughts about those moments when you reach for a cigarette?,Q,"The counsellor's utterance is an open-ended question that encourages the client to explore their thoughts and feelings about smoking, which falls under the category of gathering information or understanding the client's story.",OQ,The utterance 'What are your thoughts about those moments when you reach for a cigarette?' is classified as an Open Question (OQ) because it structurally requires an elaboration or descriptive narrative about the client's thoughts and cannot be answered with a simple 'yes' or 'no'.
7,67336dc4beb89674ca687d87,client,209,7,I feel ecstatic beacuse i finally get to quench my cigarrete thirst,560,17,I feel ecstatic because I finally get to quench my cigarette thirst.,S,"The client's utterance expresses a positive emotional state associated with smoking, indicating a desire to continue the behavior. This suggests that the client is motivated to maintain their smoking habit, rather than change it.",D-,"The client expresses a positive emotional state associated with smoking, indicating a desire to maintain the target behaviour. This suggests that the client enjoys smoking and looks forward to it, which aligns with the 'Desire' category."
7,67336dc4beb89674ca687d87,counsellor,210,8,"That moment of relief and satisfaction is quite powerful, isn't it? It sounds like smoking provides you with a sense of immediate gratification when you're feeling that urge. At the same time, I wonder if there's another part of you that feels differently about smoking or the role it plays in your life. Would you like to talk more about that?",561,18,"That moment of relief and satisfaction is quite powerful, isn't it?",CRL,"The counsellor's utterance acknowledges and emphasizes the client's experience of relief and satisfaction when smoking, which is a deeply engaging and affirming response. This aligns with the definition of a Complex Reflection (CR) as it adds significant meaning to the client's statement, conveying a deeper understanding of their emotional experience.",CR,"The counsellor's utterance acknowledges and highlights the client's positive emotional experience associated with smoking, which is a significant aspect of their behavior. This reflection emphasizes the client's feelings without judgment, aiming to understand their perspective."
7,67336dc4beb89674ca687d87,counsellor,210,8,"That moment of relief and satisfaction is quite powerful, isn't it? It sounds like smoking provides you with a sense of immediate gratification when you're feeling that urge. At the same time, I wonder if there's another part of you that feels differently about smoking or the role it plays in your life. Would you like to talk more about that?",562,19,It sounds like smoking provides you with a sense of immediate gratification when you're feeling that urge.,CRL,"The counsellor's utterance adds depth to the client's statement by highlighting the role of smoking as a source of immediate gratification, which is a form of complex reflection. This goes beyond simple paraphrasing by interpreting the client's feelings and behaviors, thus engaging deeply with the client's perspective.",CR,"The counsellor's utterance acknowledges the client's experience and provides a deeper understanding of their behavior, highlighting the role of smoking as a source of immediate gratification. This adds significant meaning to the client's statement, conveying a deeper picture of their relationship with smoking."
7,67336dc4beb89674ca687d87,counsellor,210,8,"That moment of relief and satisfaction is quite powerful, isn't it? It sounds like smoking provides you with a sense of immediate gratification when you're feeling that urge. At the same time, I wonder if there's another part of you that feels differently about smoking or the role it plays in your life. Would you like to talk more about that?",563,20,"At the same time, I wonder if there's another part of you that feels differently about smoking or the role it plays in your life.",CRL,"The counsellor's utterance is an example of a Complex Reflection (CR) as it adds depth to the client's perspective by suggesting the possibility of an internal conflict or mixed feelings about smoking, thus engaging deeply with the client's perspective and encouraging further exploration.",CR,"The counsellor's utterance suggests exploring a potential discrepancy or alternative perspective within the client's feelings towards smoking, which aligns with adding a new layer of meaning to the client's statement and encouraging exploration of ambivalence."
7,67336dc4beb89674ca687d87,counsellor,210,8,"That moment of relief and satisfaction is quite powerful, isn't it? It sounds like smoking provides you with a sense of immediate gratification when you're feeling that urge. At the same time, I wonder if there's another part of you that feels differently about smoking or the role it plays in your life. Would you like to talk more about that?",564,21,Would you like to talk more about that?,Q,"The counsellor's utterance 'Would you like to talk more about that?' is an open-ended question that encourages the client to elaborate on their feelings and thoughts, thus falling under the category of asking a question to gather information or understand the client's story.",CQ,"The utterance 'Would you like to talk more about that?' is classified as a Closed Question because it can be answered with a 'yes' or 'no', despite inviting further discussion. The grammatical structure of the question, starting with 'Would you like', permits a binary response."
7,67336dc4beb89674ca687d87,client,211,9,"Yes,as much as smoking gives me an amzing satisfaction,at some point i feel bad because i know its hindering my health and makes my friends and family sad",565,22,"Yes, as much as smoking gives me an amazing satisfaction, at some point I feel bad because I know it's hindering my health and makes my friends and family sad.",C,"The client expresses a mixed feeling about smoking, mentioning both the satisfaction it brings and the negative consequences, such as hindering health and causing sadness to loved ones, which indicates a consideration of change.",R+,"The client expresses a mixed feeling about smoking, acknowledging its satisfying aspect but also recognizing its negative impact on health and relationships, which aligns with providing reasons for changing the target behaviour."
7,67336dc4beb89674ca687d87,counsellor,212,10,There's a real conflict between the immediate satisfaction smoking provides and the guilt or concern about its impact on your health and your loved ones. It must be tough to feel that tug-of-war between enjoyment and the consequences. How do you tend to manage these mixed feelings when they arise?,566,23,There's a real conflict between the immediate satisfaction smoking provides and the guilt or concern about its impact on your health and your loved ones.,CRL,"The counsellor's utterance acknowledges and highlights the client's internal conflict between the positive feelings associated with smoking and the negative consequences, showing a deeper understanding of the client's perspective without adding a directive or prescriptive element. This aligns with the definition of a Complex Reflection (CR), which is a part of the C-Reflective (CRL) category.",CR,"The counsellor's utterance acknowledges and highlights the client's ambivalence towards smoking, recognizing both the positive feelings it brings and the negative consequences, thus adding depth to the client's statement. This is characteristic of a Complex Reflection, as it conveys a deeper understanding of the client's mixed feelings."
7,67336dc4beb89674ca687d87,counsellor,212,10,There's a real conflict between the immediate satisfaction smoking provides and the guilt or concern about its impact on your health and your loved ones. It must be tough to feel that tug-of-war between enjoyment and the consequences. How do you tend to manage these mixed feelings when they arise?,567,24,It must be tough to feel that tug-of-war between enjoyment and the consequences.,CRL,"The counsellor's utterance acknowledges and empathizes with the client's conflicting feelings about smoking, reflecting a deeper understanding of the client's emotional struggle without adding directive advice or information, thus fitting the definition of a Complex Reflection.",SU,"The counsellor's utterance acknowledges the client's conflicting feelings about smoking, recognizing both the enjoyment it brings and the negative consequences, which shows empathy and understanding. This aligns with expressing sympathy and compassion towards the client's situation."
7,67336dc4beb89674ca687d87,counsellor,212,10,There's a real conflict between the immediate satisfaction smoking provides and the guilt or concern about its impact on your health and your loved ones. It must be tough to feel that tug-of-war between enjoyment and the consequences. How do you tend to manage these mixed feelings when they arise?,568,25,How do you tend to manage these mixed feelings when they arise?,Q,"The counsellor's utterance is an open-ended question that encourages the client to explore and share their thoughts and feelings about managing their mixed emotions regarding smoking, thus fitting the definition of an Open Question (OQ) which is a part of the Question (Q) category.",OQ,"The question cannot be answered with a simple 'yes' or 'no' and requires the client to elaborate on their feelings and strategies for managing them, making it an open-ended inquiry."
7,67336dc4beb89674ca687d87,client,213,11,"I promise myself to reduce the rate at which i smoke,sometimes even throw away the remaining cigarettes",569,26,"I promise myself to reduce the rate at which I smoke,",C,"The client expresses an intention to change their smoking behavior by reducing the rate at which they smoke, indicating a commitment to altering the target behavior.",C+,"The client's utterance indicates a commitment to change their smoking behaviour by reducing the rate at which they smoke, which aligns with expressing an intention to take action towards change."
7,67336dc4beb89674ca687d87,client,213,11,"I promise myself to reduce the rate at which i smoke,sometimes even throw away the remaining cigarettes",570,27,sometimes even throw away the remaining cigarettes.,C,"The client's utterance 'sometimes even throw away the remaining cigarettes' implies a recent step toward change, as it suggests an action taken to reduce or quit smoking. This action indicates a movement toward changing the target behavior.",TS+,"The client's utterance 'sometimes even throw away the remaining cigarettes' indicates they have taken or are willing to take action towards changing their behavior, specifically quitting smoking. This action step, although not a commitment to permanent change, shows a move towards reducing their smoking."
7,67336dc4beb89674ca687d87,counsellor,214,12,"That shows real determination and an awareness of wanting to change. At times, it sounds like you're willing to take steps to address the conflict you feel about smoking. What do you notice happens after you make those promises or throw away cigarettes?",571,28,That shows real determination and an awareness of wanting to change.,CRL,"The counsellor's utterance acknowledges and compliments the client's efforts to reduce smoking, which is a positive affirmation of the client's strengths and intentions, fitting the definition of an Affirm (AF) code within the C-Reflective (CRL) category.",AF,"The counsellor's utterance acknowledges and compliments the client's efforts to reduce their smoking, highlighting their determination and awareness of wanting to change. This statement communicates something positive about the client's strengths and efforts."
7,67336dc4beb89674ca687d87,counsellor,214,12,"That shows real determination and an awareness of wanting to change. At times, it sounds like you're willing to take steps to address the conflict you feel about smoking. What do you notice happens after you make those promises or throw away cigarettes?",572,29,"At times, it sounds like you're willing to take steps to address the conflict you feel about smoking.",CRL,"The counsellor's utterance acknowledges and affirms the client's willingness to address their conflict about smoking, which is a positive aspect of their behavior, thus it falls under Affirm (AF), a code within the C-Reflective (CRL) category.",AF,"The counsellor's utterance acknowledges the client's efforts to manage their mixed feelings about smoking, which suggests a recognition of the client's strengths or efforts, thus fitting the description of an affirming statement. "
7,67336dc4beb89674ca687d87,counsellor,214,12,"That shows real determination and an awareness of wanting to change. At times, it sounds like you're willing to take steps to address the conflict you feel about smoking. What do you notice happens after you make those promises or throw away cigarettes?",573,30,What do you notice happens after you make those promises or throw away cigarettes?,Q,"The counsellor's utterance is an open-ended question that encourages the client to reflect on their experiences and behaviors, aiming to gather more information and understand the client's story.",OQ,"The question cannot be answered with a simple 'yes' or 'no' and requires the client to elaborate on their experiences and observations, making it an open-ended inquiry."
7,67336dc4beb89674ca687d87,client,215,13,"I fight the urge for sometime,but end up not winning,i sometimes sleep to avoid feeling the urge of smoking",574,31,"I fight the urge for sometime, but end up not winning,",C,"The client expresses a struggle with resisting the urge to smoke, indicating a desire to change but difficulty in succeeding, which aligns with Change Talk as it reflects an attempt and awareness of the need to change. However, the utterance leans more towards acknowledging a challenge rather than a clear commitment, reason, or optimism for change.",O+,"The client's utterance expresses a struggle with the target behaviour, indicating an awareness of the problem and a desire to change, but does not fit neatly into the provided categories as it doesn't directly express desire, ability, reasons, need, commitment, activation, or taking steps. However, it implies a recognition of the issue and an attempt to manage it, which aligns most closely with the 'Other' category as it involves problem recognition."
7,67336dc4beb89674ca687d87,client,215,13,"I fight the urge for sometime,but end up not winning,i sometimes sleep to avoid feeling the urge of smoking",575,32,I sometimes sleep to avoid feeling the urge of smoking.,N,"The client's utterance does not directly express a desire to change or maintain their smoking behavior, but rather describes a behavior they use to cope with the urge to smoke, without clearly indicating a stance toward changing or sustaining the target behavior.",N,"The client's utterance does not clearly support or oppose change, as it describes a behavior (sleeping to avoid feeling the urge of smoking) without expressing a desire to change or maintain the behavior of smoking."
7,67336dc4beb89674ca687d87,counsellor,216,14,"It takes a lot of strength to fight those urges, and it's understandable that it can be exhausting to maintain that resistance over time. Using sleep as a strategy to cope shows a creative way to push through the craving. What do you think would need to happen for you to feel more confident in managing these urges in the future?",576,33,"It takes a lot of strength to fight those urges, and it's understandable that it can be exhausting to maintain that resistance over time.",CRL,"The counsellor's utterance acknowledges the client's efforts to resist smoking urges, expressing understanding and admiration for their strength, which aligns with the behavioural code of Affirm (AF) under the C-Reflective (CRL) category.",AF,"The counsellor's utterance acknowledges the client's efforts to resist smoking urges, expressing admiration for their strength and understanding of the challenges they face, which aligns with expressing something positive about the client's efforts."
7,67336dc4beb89674ca687d87,counsellor,216,14,"It takes a lot of strength to fight those urges, and it's understandable that it can be exhausting to maintain that resistance over time. Using sleep as a strategy to cope shows a creative way to push through the craving. What do you think would need to happen for you to feel more confident in managing these urges in the future?",577,34,Using sleep as a strategy to cope shows a creative way to push through the craving.,CRL,"The counsellor's utterance acknowledges the client's strategy to cope with cravings, framing it as a 'creative way to push through the craving', which is a positive and supportive comment. This aligns with the definition of Affirm (AF), a behavioural code under the C-Reflective (CRL) category, as it communicates something positive about the client's efforts.",AF,"The counsellor's utterance acknowledges the client's attempt to manage their cravings in a unique way, highlighting the creative aspect of using sleep as a coping mechanism, which is a positive aspect of the client's behavior. This falls under affirming the client's strengths or efforts."
7,67336dc4beb89674ca687d87,counsellor,216,14,"It takes a lot of strength to fight those urges, and it's understandable that it can be exhausting to maintain that resistance over time. Using sleep as a strategy to cope shows a creative way to push through the craving. What do you think would need to happen for you to feel more confident in managing these urges in the future?",578,35,What do you think would need to happen for you to feel more confident in managing these urges in the future?,Q,"The counsellor's utterance is an open-ended question that encourages the client to explore and express their thoughts on what would be necessary for them to feel more confident in managing their smoking urges, thus falling under the category of asking a question to gather information and understand the client's perspective.",OQ,"The question cannot be answered with a simple 'yes' or 'no' and requires the client to elaborate on their thoughts and feelings about managing their urges, making it an open-ended inquiry. It structurally demands an explanation or narrative beyond a binary response."
7,67336dc4beb89674ca687d87,client,217,15,Not having access to cigarettes,579,36,Not having access to cigarettes,N,"The client's utterance 'Not having access to cigarettes' implies a potential strategy or circumstance that could facilitate change, but it does not directly express a desire, need, or commitment to change, nor does it clearly support maintaining the behavior. It seems more like a neutral or factual statement about a condition that might influence behavior.",N,"The client's utterance 'Not having access to cigarettes' implies a potential strategy for managing cravings and changing their smoking behavior, which suggests a movement towards change. However, it does not explicitly express a commitment to change or a direct intention to change, so it doesn't fit into the positive change talk categories like O+, D+, AB+, R+, but rather indicates an ambivalence or a condition that could facilitate change."
7,67336dc4beb89674ca687d87,counsellor,218,16,"Not having cigarettes accessible seems like it might help you feel more in control of those urges. It sounds like the environment plays a big role in how you navigate these cravings. Is this something you'd like to explore further, perhaps thinking about ways to create an environment that supports the changes you want to make?",580,37,Not having cigarettes accessible seems like it might help you feel more in control of those urges.,CRL,"The counsellor's utterance reflects the client's perspective by suggesting that not having cigarettes accessible could help the client feel more in control, which is a reframe of the client's statement 'Not having access to cigarettes'. This adds a new layer of meaning by emphasizing the potential benefit of this strategy, thus it is classified as a C-Reflective (CRL) statement, specifically a Reframe (RF).",EC,"The counsellor's utterance acknowledges the client's perspective and suggests a potential solution that could empower the client, emphasizing the client's autonomy in managing their urges. This aligns with acknowledging and honouring the client's freedom of choice and control over their actions."
7,67336dc4beb89674ca687d87,counsellor,218,16,"Not having cigarettes accessible seems like it might help you feel more in control of those urges. It sounds like the environment plays a big role in how you navigate these cravings. Is this something you'd like to explore further, perhaps thinking about ways to create an environment that supports the changes you want to make?",581,38,It sounds like the environment plays a big role in how you navigate these cravings.,CRL,"The counsellor's utterance adds significant meaning to the client's situation by highlighting the role of the environment in navigating cravings, which goes beyond a simple reflection of the client's words. This is an example of a Complex Reflection (CR), as it conveys a deeper understanding of the client's experience and its potential influences.",RF,"The counsellor's utterance suggests a different perspective on the client's experience, highlighting the role of the environment in navigating cravings, which changes the focus from personal struggle to external factors. This shifts the emotional valence of the client's situation without adding deeper meaning."
7,67336dc4beb89674ca687d87,counsellor,218,16,"Not having cigarettes accessible seems like it might help you feel more in control of those urges. It sounds like the environment plays a big role in how you navigate these cravings. Is this something you'd like to explore further, perhaps thinking about ways to create an environment that supports the changes you want to make?",582,39,"Is this something you'd like to explore further, perhaps thinking about ways to create an environment that supports the changes you want to make?",Q,"The counsellor's utterance is an open question that encourages the client to explore their goals and aspirations further, specifically in relation to creating an environment that supports change. It does not provide advice, suggestions, or information without permission, but rather invites the client to consider their own path forward.",CQ,"The utterance 'Is this something you'd like to explore further, perhaps thinking about ways to create an environment that supports the changes you want to make?' can be answered with a 'yes' or 'no', making it a closed question despite its elaborative component. The primary structure of the question begins with 'Is this something', which sets up a binary response framework."
7,67336dc4beb89674ca687d87,client,219,17,"Yes,ive been thinking if theres also a support group for cigarette addict",583,40,"Yes, I've been thinking if there's also a support group for cigarette addicts.",C,"The client is exploring additional resources, such as a support group, to help with changing their behavior, indicating a desire to change and take steps towards it.",AC+,"The client is exploring alternatives and showing interest in seeking additional help, such as a support group, which indicates a leaning towards action and a willingness to consider different strategies for change."
7,67336dc4beb89674ca687d87,counsellor,220,18,"You're thinking ahead about seeking support, which can be a powerful step. Support groups provide a community and understanding for people going through similar challenges. Would you like to look into what options might be available to connect with others who are also aiming to quit or reduce smoking?",584,41,"You're thinking ahead about seeking support, which can be a powerful step.",CRL,"The counsellor's utterance acknowledges and affirms the client's proactive thinking about seeking support, which is a positive aspect of their approach to managing their addiction. This falls under affirming the client's strengths or efforts.",AF,"The counsellor's utterance acknowledges the client's proactive thinking about seeking support, emphasizing the positive aspect of this action, which aligns with affirming the client's efforts and strengths. This statement encourages and reinforces the client's consideration of seeking help, highlighting the potential benefits of such an action."
7,67336dc4beb89674ca687d87,counsellor,220,18,"You're thinking ahead about seeking support, which can be a powerful step. Support groups provide a community and understanding for people going through similar challenges. Would you like to look into what options might be available to connect with others who are also aiming to quit or reduce smoking?",585,42,Support groups provide a community and understanding for people going through similar challenges.,IMC,"The counsellor's utterance provides information about support groups, which is a response to the client's expressed interest in such groups. Since the client has shown openness and curiosity about support groups, this can be considered implicit permission for the counsellor to provide information. Following the Permission Chain of Thought, because the client has implicitly given permission by expressing interest, the counsellor's action falls under providing information with permission.",FI,"The counsellor's utterance provides information and support, which is a key aspect of the 'Information' category in Motivational Interviewing, as it educates the client about available resources without being directive."
7,67336dc4beb89674ca687d87,counsellor,220,18,"You're thinking ahead about seeking support, which can be a powerful step. Support groups provide a community and understanding for people going through similar challenges. Would you like to look into what options might be available to connect with others who are also aiming to quit or reduce smoking?",586,43,Would you like to look into what options might be available to connect with others who are also aiming to quit or reduce smoking?,Q,"The counsellor's utterance is an open question that encourages the client to explore options for connecting with others who are trying to quit or reduce smoking. This question is designed to gather information and understand the client's interest in support groups, which aligns with the definition of an Open Question (OQ). The client had previously expressed interest in a support group, and the counsellor is following up on this interest by asking about exploring options, which implies the counsellor has implicit permission to guide the client in this direction.",CQ,"The utterance 'Would you like to look into what options might be available to connect with others who are also aiming to quit or reduce smoking?' can be answered with a 'yes' or 'no', making it a closed question due to its grammatical structure that permits a yes/no response."
7,67336dc4beb89674ca687d87,client,221,19,its hard though,587,44,its hard though,N,"The client's utterance 'it's hard though' does not clearly express a stance toward changing or maintaining the target behavior, but rather seems to acknowledge the difficulty of the situation without committing to a specific action or attitude, thus it leans towards a neutral statement. However, given the context of discussing strategies for quitting and seeking support, it could be interpreted as a slight inclination towards recognizing the challenges of change, which might not fit perfectly into any category but is closest to not supporting change explicitly.",N,"The client's utterance 'it's hard though' does not clearly support or oppose change, as it expresses a challenge but does not indicate a direction or intention regarding their behavior. This statement is more of an acknowledgment of difficulty rather than a commitment to change or resistance to it."
7,67336dc4beb89674ca687d87,counsellor,222,20,It's completely valid to feel that way. Reaching out for support can be intimidating and it's not always easy to take that first step. You're really showing a lot of courage just by considering it. What do you think might help make it feel a bit more manageable or less overwhelming for you?,588,45,It's completely valid to feel that way.,CRL,"The counsellor's utterance acknowledges and validates the client's feelings, which is a form of supportive and empathetic response. This aligns with the definition of Support (SU) under the C-Reflective (CRL) category, as it conveys understanding and compassion towards the client's emotional state.",SU,"The counsellor's utterance acknowledges and validates the client's feelings, showing empathy and understanding. This response is sympathetic and compassionate, siding with the client's emotional experience."
7,67336dc4beb89674ca687d87,counsellor,222,20,It's completely valid to feel that way. Reaching out for support can be intimidating and it's not always easy to take that first step. You're really showing a lot of courage just by considering it. What do you think might help make it feel a bit more manageable or less overwhelming for you?,589,46,Reaching out for support can be intimidating and it's not always easy to take that first step.,CRL,"The counsellor's utterance acknowledges the client's potential difficulty in seeking support, showing empathy and understanding. This response falls under the category of C-Reflective (CRL) as it provides a supportive and affirming comment, which aligns with the behavioural code of Support (SU).",SU,"The counsellor's utterance acknowledges the client's potential difficulty in seeking support, showing understanding and empathy towards their feelings. This response validates the client's emotions, indicating a supportive stance."
7,67336dc4beb89674ca687d87,counsellor,222,20,It's completely valid to feel that way. Reaching out for support can be intimidating and it's not always easy to take that first step. You're really showing a lot of courage just by considering it. What do you think might help make it feel a bit more manageable or less overwhelming for you?,590,47,You're really showing a lot of courage just by considering it.,CRL,"The counsellor's utterance is an affirmation of the client's strength and effort, which aligns with the definition of an Affirm (AF) code, a type of C-Reflective (CRL) response that communicates something positive about the client's actions or intentions.",AF,"The counsellor's utterance acknowledges and compliments the client's strength and effort in considering quitting smoking, which aligns with the definition of affirming the client's positive aspects. The phrase 'showing a lot of courage' directly communicates something positive about the client's actions."
7,67336dc4beb89674ca687d87,counsellor,222,20,It's completely valid to feel that way. Reaching out for support can be intimidating and it's not always easy to take that first step. You're really showing a lot of courage just by considering it. What do you think might help make it feel a bit more manageable or less overwhelming for you?,591,48,What do you think might help make it feel a bit more manageable or less overwhelming for you?,Q,"The counsellor's utterance is an open-ended question that encourages the client to explore their thoughts and feelings about making their situation more manageable, which aligns with the definition of an Open Question (OQ) as it requires an elaboration or descriptive narrative beyond a simple 'yes' or 'no' answer.",OQ,"The question cannot be answered with a simple 'yes' or 'no' and requires the client to provide an elaboration or explanation of their thoughts, making it an open-ended inquiry. The phrase 'what do you think' structurally necessitates a descriptive response beyond a binary choice."
7,67336dc4beb89674ca687d87,client,223,21,"i honestly dont know,ive been really trying",592,49,"i honestly dont know,",N,"The client's utterance 'i honestly dont know' does not clearly express a stance toward changing or maintaining the target behavior, and instead reflects uncertainty or a lack of clarity about their next steps.",N,"The client's utterance 'i honestly dont know' does not clearly support or oppose change, as it expresses uncertainty rather than a clear intention or resistance to changing their behavior."
7,67336dc4beb89674ca687d87,client,223,21,"i honestly dont know,ive been really trying",593,50,ive been really trying,C,"The client's utterance implies an intention and effort toward changing their behavior, which aligns with Change Talk. The phrase 'I've been really trying' suggests recent steps or efforts toward change.",TS+,"The client's utterance 'ive been really trying' implies that they have been taking action towards change, which aligns with the category of taking steps towards the desired behaviour. This suggests recent efforts or progress in changing the target behaviour."
7,67336dc4beb89674ca687d87,counsellor,224,22,"It sounds like you've been putting in a lot of effort, and you're in a challenging spot right now. It takes time to work through all these feelings and decisions. Is there anything else you'd like to share or talk through today that might help in finding a way forward that feels right for you?",594,51,"It sounds like you've been putting in a lot of effort, and you're in a challenging spot right now.",CRL,"The counsellor's utterance acknowledges the client's efforts and recognizes their current challenging situation, which is an expression of empathy and understanding. This aligns with the definition of a Support (SU) code, as it offers a sympathetic and compassionate comment that agrees with or sides with the client's experience.",SU,"The counsellor's utterance acknowledges the client's efforts and recognizes their current challenging situation, which conveys empathy and understanding. This aligns with providing a sympathetic or compassionate comment."
7,67336dc4beb89674ca687d87,counsellor,224,22,"It sounds like you've been putting in a lot of effort, and you're in a challenging spot right now. It takes time to work through all these feelings and decisions. Is there anything else you'd like to share or talk through today that might help in finding a way forward that feels right for you?",595,52,It takes time to work through all these feelings and decisions.,CRL,"The counsellor's utterance acknowledges the client's emotional struggle and the complexity of their decision-making process, which is a deeply engaging and affirming response. This aligns with the definition of a Complex Reflection (CR) as it adds significant meaning to the client's experience, conveying a deeper understanding of their situation.",SU,"The counsellor's utterance acknowledges the client's struggle and the complexity of their emotions and decisions, offering a sympathetic and understanding perspective. This aligns with providing a supportive comment that agrees with the client's experience."
7,67336dc4beb89674ca687d87,counsellor,224,22,"It sounds like you've been putting in a lot of effort, and you're in a challenging spot right now. It takes time to work through all these feelings and decisions. Is there anything else you'd like to share or talk through today that might help in finding a way forward that feels right for you?",596,53,Is there anything else you'd like to share or talk through today that might help in finding a way forward that feels right for you?,Q,"The counsellor's utterance is an open-ended question that invites the client to share more thoughts or feelings, indicating an attempt to gather information and understand the client's perspective. This aligns with the definition of an Open Question (OQ), which is a question that cannot be answered with a simple 'yes' or 'no' and requires an elaboration or descriptive narrative.",CQ,"The counsellor's utterance 'Is there anything else you'd like to share or talk through today that might help in finding a way forward that feels right for you?' can be answered with a 'yes' or 'no', making it a closed question, despite inviting further discussion. The presence of 'Is there anything else' structurally permits a yes/no response, aligning with the definition of a Closed Question."
7,67336dc4beb89674ca687d87,client,225,23,"yes,i feel bad for getting to this point especially coz im a female,",597,54,"yes,",N,"The target utterance 'yes' is not present in the provided session transcript, making it impossible to classify based on the given context. However, since 'yes' by itself does not express a clear stance toward changing or maintaining the target behavior without additional context, it would generally be considered Neutral if it were a response to a question about willingness to change or seek help.",N,"The client's utterance does not clearly support or oppose change, as the word 'yes' is not accompanied by any context that would indicate its relation to the change being discussed. The provided transcript does not include this utterance, making it impossible to determine its intent in the context of the conversation."
7,67336dc4beb89674ca687d87,client,225,23,"yes,i feel bad for getting to this point especially coz im a female,",598,55,"i feel bad for getting to this point especially coz im a female,",C,"The client expresses a negative emotional state and implies regret about their current situation, which can be associated with a desire to change, but the utterance does not directly express a commitment, reason, desire, optimism, or need to change. However, feeling bad about their situation suggests a leaning towards change rather than sustaining the behavior.",O+,"The client's utterance expresses a sense of regret and problem recognition, which does not fit into the other categories but supports the change process by acknowledging their current situation and its implications."
7,67336dc4beb89674ca687d87,counsellor,226,24,"It's really tough to carry those feelings of guilt or disappointment, especially when you're feeling pressure related to your identity. You are not alone in this, and it takes a lot of bravery to acknowledge where you are and want something different. What do you wish you could express to someone who truly understands what you're going through?",599,56,"It's really tough to carry those feelings of guilt or disappointment, especially when you're feeling pressure related to your identity.",CRL,"The counsellor's utterance acknowledges and validates the client's feelings, showing empathy and understanding. This response deeply engages with the client's perspective, affirming their emotions and experiences, which aligns with the characteristics of a Complex Reflection (CR) under the C-Reflective (CRL) category.",SU,"The counsellor's utterance acknowledges the client's feelings of guilt and disappointment, and shows understanding of the additional pressure related to the client's identity, which is a sympathetic and compassionate response. This response aims to provide emotional support and validation to the client's emotions."
7,67336dc4beb89674ca687d87,counsellor,226,24,"It's really tough to carry those feelings of guilt or disappointment, especially when you're feeling pressure related to your identity. You are not alone in this, and it takes a lot of bravery to acknowledge where you are and want something different. What do you wish you could express to someone who truly understands what you're going through?",600,57,"You are not alone in this, and it takes a lot of bravery to acknowledge where you are and want something different.",CRL,"The counsellor's utterance acknowledges the client's feelings and situation, offering support and affirmation by stating the client is not alone and that it takes bravery to acknowledge their desire for change. This aligns with the C-Reflective (CRL) category, specifically the Support (SU) and Affirm (AF) codes, as it provides a sympathetic and complimentary comment.",AF,"The counsellor's utterance acknowledges the client's situation, expresses understanding, and conveys admiration for the client's bravery, which aligns with expressing something positive about the client's efforts. "
7,67336dc4beb89674ca687d87,counsellor,226,24,"It's really tough to carry those feelings of guilt or disappointment, especially when you're feeling pressure related to your identity. You are not alone in this, and it takes a lot of bravery to acknowledge where you are and want something different. What do you wish you could express to someone who truly understands what you're going through?",601,58,What do you wish you could express to someone who truly understands what you're going through?,Q,"The counsellor's utterance is an open-ended question that encourages the client to explore and express their feelings, which cannot be answered with a simple 'yes' or 'no'. It invites the client to share more about their thoughts and emotions, fitting the definition of an Open Question (OQ).",OQ,"This question cannot be answered with a simple 'yes' or 'no' and requires the client to elaborate on their feelings and thoughts, making it an open-ended inquiry that seeks a narrative response."
7,67336dc4beb89674ca687d87,client,227,25,"That i really want to reduce my cigarette,im trying so much..i know i cant do it once,till take some time",602,59,"That I really want to reduce my cigarette,",C,"The client expresses a desire to change their behavior, specifically to reduce their cigarette consumption, which aligns with Change Talk. This statement indicates a motivation towards altering the target behavior.",D+,"The client expresses a desire to change the target behaviour, which is reducing cigarette consumption. This aligns with the 'Desire' category, as the client is stating a want to make a change."
7,67336dc4beb89674ca687d87,client,227,25,"That i really want to reduce my cigarette,im trying so much..i know i cant do it once,till take some time",603,60,I'm trying so much.,C,"The client expresses a sense of effort towards change, indicating they are attempting to make a difference in their situation, which aligns with Change Talk. However, the exact utterance 'I'm trying so much' was not found in the provided transcript, but a similar phrase 'ive been really trying' was, suggesting the client's intention and effort towards change.",O+,"The client's utterance 'I'm trying so much' indicates an effort towards change, but it doesn't explicitly express a desire, ability, reasons, need, commitment, or taking steps. However, it implies a recognition of their current situation and a willingness to act, which can be associated with leaning towards action or taking steps, but more accurately it reflects an acknowledgment of their efforts which is supportive of change without fitting neatly into the other categories."
7,67336dc4beb89674ca687d87,client,227,25,"That i really want to reduce my cigarette,im trying so much..i know i cant do it once,till take some time",604,61,"I know I can't do it once,",S,"The client's utterance 'I know I can't do it once' implies a sense of inability or pessimism about changing the target behavior, which aligns with sustain talk. However, given the provided transcript does not include this utterance, and based on the last client utterance available in the transcript 'yes, i feel bad for getting to this point especially coz im a female,' the correct classification should be based on the available data. The client expresses feelings of guilt and possibly shame, which does not directly indicate a desire to change or maintain the behavior but rather a reflection on their current state. Thus, it doesn't clearly support or oppose change directly in the context of change or sustain talk as defined. But since the actual target utterance 'I know I can't do it once' suggests a limitation or inability, it leans towards sustain talk due to pessimism about the ability to change.",AB-,"The client expresses pessimism about their ability to change, indicating a lack of confidence in quitting or making a change, which aligns with the Ability category. However, the provided target utterance 'I know I can't do it once' was not found in the session transcript, but based on its content, it suggests the client doubts their capability to perform an action, likely related to changing their behavior."
7,67336dc4beb89674ca687d87,client,227,25,"That i really want to reduce my cigarette,im trying so much..i know i cant do it once,till take some time",605,62,It'll take some time.,N,"The client's utterance 'It'll take some time' implies an understanding that change is a process and may require patience, which can be seen as a neutral or acknowledging statement rather than a direct expression of change talk or sustain talk.",N,"The client's utterance 'It'll take some time' does not clearly support or oppose change, as it is a neutral statement acknowledging the time required for a process without expressing a specific desire or resistance to change. This statement lacks a clear direction towards or away from change."
7,67336dc4beb89674ca687d87,counsellor,228,26,"Acknowledging that desire to reduce your smoking and recognizing the effort you're putting in is really important. It's a journey that may take time, and you deserve to give yourself credit for the steps you're taking, even if they're small. How might you support yourself or remind yourself of this commitment you've voiced?",606,63,Acknowledging that desire to reduce your smoking and recognizing the effort you're putting in is really important.,CRL,"The counsellor's utterance acknowledges the client's desire and effort, which is a form of affirmation and support, indicating a deeply engaging and affirming response to the client's perspective.",AF,"The counsellor's utterance acknowledges the client's desire and effort to reduce smoking, which is a positive aspect of the client's behavior, thus it serves to communicate something positive about the client's efforts."
7,67336dc4beb89674ca687d87,counsellor,228,26,"Acknowledging that desire to reduce your smoking and recognizing the effort you're putting in is really important. It's a journey that may take time, and you deserve to give yourself credit for the steps you're taking, even if they're small. How might you support yourself or remind yourself of this commitment you've voiced?",607,64,"It's a journey that may take time, and you deserve to give yourself credit for the steps you're taking, even if they're small.",CRL,"The counsellor's utterance acknowledges the client's efforts, emphasizes the journey aspect of change, and encourages self-credit for small steps, which is a deeply engaging and affirming response that highlights the client's strengths and progress.",AF,"The counsellor's utterance acknowledges the client's efforts and progress, emphasizing the importance of self-credit for small steps taken, which is a positive and supportive comment. This utterance communicates something positive about the client's strengths and efforts."
7,67336dc4beb89674ca687d87,counsellor,228,26,"Acknowledging that desire to reduce your smoking and recognizing the effort you're putting in is really important. It's a journey that may take time, and you deserve to give yourself credit for the steps you're taking, even if they're small. How might you support yourself or remind yourself of this commitment you've voiced?",608,65,How might you support yourself or remind yourself of this commitment you've voiced?,Q,"The counsellor's utterance is asking the client to think about how they can support themselves in their commitment to reduce cigarette smoking, which is an open-ended question that encourages the client to explore their own strategies and resources. This type of question is designed to elicit the client's thoughts, feelings, and plans, and is characteristic of an Open Question (OQ).",OQ,"The question cannot be answered with a simple 'yes' or 'no' and requires an elaboration or explanation from the client, making it an open-ended inquiry that seeks more than a binary response."
7,67336dc4beb89674ca687d87,client,229,27,do you have any suggestions,609,66,do you have any suggestions,N,"The client's utterance 'do you have any suggestions' does not clearly express a stance toward changing or maintaining the target behavior, but rather seeks advice or information, which is a neutral action.",N,"The client's utterance 'do you have any suggestions' does not clearly express a desire to change or sustain their current behavior, nor does it oppose change. It is a request for information or guidance, which does not fit into the change-supporting or change-opposing categories."
7,67336dc4beb89674ca687d87,counsellor,230,28,Thank you for asking for suggestions. Would it be okay if we talked about some possibilities together?,610,67,Thank you for asking for suggestions.,O,"The counsellor's utterance 'Thank you for asking for suggestions' is a facilitative response that acknowledges the client's request for suggestions, which does not directly engage in MI techniques like reflection, questioning, or giving advice. It is a structural or facilitative utterance.",FI,"The counsellor's utterance 'Thank you for asking for suggestions' serves as a polite acknowledgement and expression of appreciation, which aligns with the characteristics of a filler utterance, providing a brief moment of social courtesy before potentially moving on to provide the requested suggestions."
7,67336dc4beb89674ca687d87,counsellor,230,28,Thank you for asking for suggestions. Would it be okay if we talked about some possibilities together?,611,68,Would it be okay if we talked about some possibilities together?,IMC,"The counsellor's utterance 'Would it be okay if we talked about some possibilities together?' is seeking permission from the client to discuss potential solutions or ideas, which directly follows the client's request for suggestions. This indicates that the counsellor is about to provide information or advice with the client's permission.",FI,"The counsellor's utterance is an open-ended question that invites collaboration and exploration of possibilities, which is a key aspect of the 'Planning' category in Motivational Interviewing. It encourages the client to consider and discuss potential strategies for achieving their goals."
7,67336dc4beb89674ca687d87,client,231,29,yes please,612,69,yes please,N,"The client's utterance 'yes please' is a response to the counsellor's offer to discuss possibilities for supporting their commitment to reduce smoking, indicating a willingness to engage in the process but not explicitly expressing a stance toward changing or maintaining the behavior.",N,"The client's utterance 'yes please' is a response to the counsellor's offer to discuss possibilities for supporting their commitment to reduce smoking, indicating a willingness to explore change but not directly expressing a change statement or opposition to change. However, since 'yes please' is not present in the provided transcript, we will consider the last client utterance 'do you have any suggestions' which also does not clearly support or oppose change as it is a question seeking advice."
7,67336dc4beb89674ca687d87,counsellor,232,30,"Thank you for letting me share some ideas. Based on what we've discussed, some people find it helpful to set small, achievable goals and to celebrate those successes along the way. Keeping a journal or recording your thoughts about your journey might also help clarify your feelings and progress. Connecting with others, either through a support group or someone you trust, can offer encouragement and understanding. How do any of these ideas resonate with you?",613,70,Thank you for letting me share some ideas.,O,"The counsellor's utterance 'Thank you for letting me share some ideas' implies that the client has given permission to share ideas, which was explicitly granted in the previous turns ('do you have any suggestions' and 'yes please'). However, the actual target utterance does not provide advice or suggestions but rather expresses gratitude for the permission to do so in the future, thus it does not fit into the IMC category based on the provided definitions. Instead, it seems to be a facilitative or structural comment, as it acknowledges the client's permission and sets a collaborative tone for the upcoming discussion. Since it does not directly engage with MI techniques like reflection, questioning, or providing information without permission, and given its nature as a response to client permission, it aligns more closely with the 'Other/Neutral' category, specifically as it could be seen as a form of 'Facilitate' by acknowledging and appreciating the client's openness to suggestions.",FI,"The target utterance is not present in the session transcript, however, a similar utterance 'Thank you for asking for suggestions' is present. If we consider the target utterance 'Thank you for letting me share some ideas', it seems to be an expression of gratitude and a polite way to introduce or acknowledge the client's request, which is more aligned with the 'Filler (FI)' category as it involves a pleasantry. However, given the context, it could also be seen as setting a collaborative tone for the discussion that follows, which might lean towards 'Structure (ST)'. But since the exact utterance is not in the transcript, and based on the closest match, the most fitting category seems to be 'Filler (FI)' due to its polite and appreciative nature."
7,67336dc4beb89674ca687d87,counsellor,232,30,"Thank you for letting me share some ideas. Based on what we've discussed, some people find it helpful to set small, achievable goals and to celebrate those successes along the way. Keeping a journal or recording your thoughts about your journey might also help clarify your feelings and progress. Connecting with others, either through a support group or someone you trust, can offer encouragement and understanding. How do any of these ideas resonate with you?",614,71,"Based on what we've discussed, some people find it helpful to set small, achievable goals and to celebrate those successes along the way.",IMC,"The counsellor's utterance provides information and suggestions after receiving explicit permission from the client, who asked for suggestions and agreed to discuss possibilities. This follows the permission chain of thought, where the client's request for suggestions and subsequent agreement to discuss them grants permission for the counsellor to provide advice and information.",GI,"The counsellor's utterance provides information and suggestions while encouraging the client to consider their own approach, which is characteristic of providing information and supporting self-efficacy. This approach aligns with the principles of Motivational Interviewing by empowering the client and fostering a collaborative environment."
7,67336dc4beb89674ca687d87,counsellor,232,30,"Thank you for letting me share some ideas. Based on what we've discussed, some people find it helpful to set small, achievable goals and to celebrate those successes along the way. Keeping a journal or recording your thoughts about your journey might also help clarify your feelings and progress. Connecting with others, either through a support group or someone you trust, can offer encouragement and understanding. How do any of these ideas resonate with you?",615,72,Keeping a journal or recording your thoughts about your journey might also help clarify your feelings and progress.,IMC,"The counsellor's utterance provides a suggestion after receiving explicit permission from the client, who asked for suggestions and agreed to discuss possibilities. This follows the permission chain of thought, where the client's request for suggestions and subsequent agreement to discuss them grants permission for the counsellor to offer advice or guidance. Thus, the utterance is classified as Imperative-MICO (IMC) because it provides information or suggestions with the client's permission.",DI,"The counsellor's utterance provides a potential strategy for the client to track their progress and reflect on their feelings, which is an example of providing information or advice to support the client's change process. This aligns with the category of 'Providing Information'."
7,67336dc4beb89674ca687d87,counsellor,232,30,"Thank you for letting me share some ideas. Based on what we've discussed, some people find it helpful to set small, achievable goals and to celebrate those successes along the way. Keeping a journal or recording your thoughts about your journey might also help clarify your feelings and progress. Connecting with others, either through a support group or someone you trust, can offer encouragement and understanding. How do any of these ideas resonate with you?",616,73,"Connecting with others, either through a support group or someone you trust, can offer encouragement and understanding.",IMC,"The counsellor's utterance provides advice and suggestions after receiving explicit permission from the client, who asked for suggestions and agreed to discuss possibilities. This permission grants the counsellor the freedom to offer guidance, making the utterance an example of Imperative-MICO (IMC).",DI,"The counsellor's utterance provides information and suggestions for the client's consideration, which is a key aspect of providing guidance and support in a MI session. This aligns with the category of 'Providing Information'."
7,67336dc4beb89674ca687d87,counsellor,232,30,"Thank you for letting me share some ideas. Based on what we've discussed, some people find it helpful to set small, achievable goals and to celebrate those successes along the way. Keeping a journal or recording your thoughts about your journey might also help clarify your feelings and progress. Connecting with others, either through a support group or someone you trust, can offer encouragement and understanding. How do any of these ideas resonate with you?",617,74,How do any of these ideas resonate with you?,Q,"The counsellor's utterance 'How do any of these ideas resonate with you?' is an open question that encourages the client to reflect on their thoughts and feelings about the previously discussed ideas, thus falling under the category of Open Question (OQ) as it requires an elaboration or descriptive narrative from the client.",OQ,"The target utterance 'How do any of these ideas resonate with you?' cannot be answered with a simple 'yes' or 'no' and requires an elaboration or descriptive response, making it an open question. However, the actual target utterance provided does not match the session transcript, but based on its structure, it fits the criteria for an open question."
7,67336dc4beb89674ca687d87,client,233,31,"journaling sounds good,i can get a book,also need someone to talk to,who wont judge me and will understand me",618,75,"journaling sounds good,",C,"The client expresses interest in an idea that supports their journey towards reducing smoking, which aligns with a stance toward changing the target behavior. Specifically, journaling is seen as a positive step, indicating a move towards change.",AC+,"The client expresses interest in an action (journaling) that could help them in their journey to reduce smoking, indicating a leaning towards taking steps or considering alternatives to support their change process."
7,67336dc4beb89674ca687d87,client,233,31,"journaling sounds good,i can get a book,also need someone to talk to,who wont judge me and will understand me",619,76,"i can get a book,",C,"The client's utterance 'i can get a book' implies they are considering taking a step toward their goal, likely referring to a journal as suggested by the counsellor to track progress, which aligns with change talk as it shows an openness to implementing a strategy for change.",AC+,"The client's utterance 'i can get a book' implies they are considering taking a step towards their goal, likely referring to a journal as suggested by the counsellor, which shows they are leaning towards action by exploring ways to support their commitment."
7,67336dc4beb89674ca687d87,client,233,31,"journaling sounds good,i can get a book,also need someone to talk to,who wont judge me and will understand me",620,77,"also need someone to talk to,",C,"The client expresses a need for support, which can be seen as a reason for change, as having someone to talk to could help them in their journey to reduce smoking.",N+,"The client expresses a need for support, specifically someone to talk to, which implies a recognition of the importance of social support in their journey to change, fitting into the 'Need' category as it expresses a necessity for change."
7,67336dc4beb89674ca687d87,client,233,31,"journaling sounds good,i can get a book,also need someone to talk to,who wont judge me and will understand me",621,78,who wont judge me and will understand me,C,"The client is looking for someone who won't judge them and will understand them, which implies they are seeking support for their journey to reduce smoking, thus expressing a need for a supportive environment to facilitate change.",AC+,"The client is looking for someone who can provide support and understanding without judgment, which implies they are considering taking steps towards change and are looking for a supportive environment to do so. This leans towards action and considering alternatives for support."
7,67336dc4beb89674ca687d87,counsellor,234,32,"Journaling can be a wonderful way to express your thoughts and track your progress. Having someone to talk to who provides understanding and non-judgmental support can make a big difference as well. Is there someone in your life who you feel comfortable reaching out to, or would exploring support groups or counselling options feel like a good step for finding that understanding connection?",622,79,Journaling can be a wonderful way to express your thoughts and track your progress.,CRL,"The counsellor's utterance reflects the client's interest in journaling, which was expressed in the previous turn, and adds a positive perspective on its potential benefits. This response acknowledges and supports the client's consideration of journaling as a helpful tool, thus engaging with and affirming the client's perspective.",CR,"The counsellor's utterance acknowledges and expands on the client's interest in journaling, adding a positive perspective on its potential benefits, which aligns with the function of affirming the client's consideration of this strategy. However, it more closely resembles a complex reflection as it adds depth to the client's initial interest by highlighting the benefits of journaling."
7,67336dc4beb89674ca687d87,counsellor,234,32,"Journaling can be a wonderful way to express your thoughts and track your progress. Having someone to talk to who provides understanding and non-judgmental support can make a big difference as well. Is there someone in your life who you feel comfortable reaching out to, or would exploring support groups or counselling options feel like a good step for finding that understanding connection?",623,80,Having someone to talk to who provides understanding and non-judgmental support can make a big difference as well.,CRL,"The counsellor's utterance acknowledges and expands on the client's expressed need for someone to talk to who won't judge them, emphasizing the importance of non-judgmental support. This response affirms the client's feelings and needs, providing a supportive and understanding comment. Given the context, this aligns with the definition of Support (SU) under the C-Reflective (CRL) category, as it sympathetically acknowledges the client's desire for a supportive and non-judgmental space to discuss their feelings.",SU,"The counsellor's utterance acknowledges and validates the client's need for non-judgmental support, which is a sympathetic and compassionate response. This utterance agrees with and sides with the client's expressed desire for understanding and support."
7,67336dc4beb89674ca687d87,counsellor,234,32,"Journaling can be a wonderful way to express your thoughts and track your progress. Having someone to talk to who provides understanding and non-judgmental support can make a big difference as well. Is there someone in your life who you feel comfortable reaching out to, or would exploring support groups or counselling options feel like a good step for finding that understanding connection?",624,81,"Is there someone in your life who you feel comfortable reaching out to, or would exploring support groups or counselling options feel like a good step for finding that understanding connection?",Q,"The counsellor's utterance is an open question that encourages the client to explore their options for finding a supportive connection, which aligns with the client's expressed needs and interests. This question cannot be answered with a simple 'yes' or 'no' and requires the client to elaborate on their thoughts or feelings.",CQ,"The utterance presents binary choices and implicitly asks for confirmation or a decision between existing options, which aligns with the characteristics of a Closed Question (CQ)."
7,67336dc4beb89674ca687d87,client,235,33,okay ill try support groups and seee,625,82,okay,N,"The client's utterance 'okay' does not clearly express a stance toward changing or maintaining the target behavior, and it does not provide enough information to determine their intentions or feelings about the behavior.",N,"The client's utterance 'okay' does not clearly support or oppose change, as it is a neutral acknowledgement without expressing a specific intention or feeling towards changing their behavior. "
7,67336dc4beb89674ca687d87,client,235,33,okay ill try support groups and seee,626,83,ill try support groups,C,"The client expresses a willingness to try support groups, which indicates a step toward change by seeking help and support, aligning with Change Talk.",AC+,"The client expresses willingness to explore support groups, indicating a leaning towards action and a potential step towards change. This suggests that the client is open to taking concrete steps to address their issue."
7,67336dc4beb89674ca687d87,client,235,33,okay ill try support groups and seee,627,84,and seee,N,"The provided target utterance 'and seee' does not contain enough information to determine the client's stance on changing or maintaining the target behavior, as it seems incomplete and lacks context. Therefore, it cannot be classified as Change Talk or Sustain Talk.",N,"The provided target utterance 'and seee' does not clearly support or oppose change, as it lacks context and clarity regarding the client's intentions or feelings towards making a change."
7,67336dc4beb89674ca687d87,counsellor,236,34,"Thank you for spending this time with me today. Our conversation has reached the intended length, so let me go over what we've discussed. You've shared feeling low on energy and some pressure from your family about quitting smoking, alongside concerns about your health. We've explored the immediate satisfaction smoking provides for you, as well as the challenges and mixed emotions you encounter around it. You revealed how you've tried managing those urges, even by setting promises to yourself and throwing away cigarettes. 

We talked about the impact of your environment and the idea of accessing support groups, and you've expressed a real commitment to reducing smoking, even though acknowledging it might take time. Additionally, you mentioned that journaling could be a helpful tool, and reaching out to someone who understands you is important. You've decided to explore support groups as a potential way to connect with others who can offer understanding and encouragement.

Thank you for your openness today. If there's anything else you're considering or need support with, I'm here to help. Would you like to schedule another session to continue this conversation?",628,85,Thank you for spending this time with me today.,O,"The counsellor's utterance 'Thank you for spending this time with me today' serves as a structural or facilitative statement that acknowledges the client's presence and participation in the session, without engaging in any MI techniques such as reflection, questioning, or providing advice. It is a polite expression of appreciation, which aligns with the 'Other/Neutral' category.",FI,"The counsellor's utterance serves as a polite expression of gratitude, which can be classified as a pleasantry. However, given the context and the provided categories, it seems more aligned with acknowledging the client's time, which could be seen as a way to structure or conclude the session, but since it doesn't directly inform about the course of treatment or subsequent sessions, it leans more towards a pleasantry or acknowledgement. Among the given options, it most closely resembles a 'Facilitate' or 'Filler' in intent, but since 'Facilitate' is more about encouraging the client to continue and 'Filler' is about pleasantries, and the utterance is not provided in the transcript, the closest match based on typical session endings would be 'Facilitate' if we consider the session's flow, but given the exact categories and the nature of the statement, it's more of a 'Filler' in the context of the provided categories and the typical use of such phrases."
7,67336dc4beb89674ca687d87,counsellor,236,34,"Thank you for spending this time with me today. Our conversation has reached the intended length, so let me go over what we've discussed. You've shared feeling low on energy and some pressure from your family about quitting smoking, alongside concerns about your health. We've explored the immediate satisfaction smoking provides for you, as well as the challenges and mixed emotions you encounter around it. You revealed how you've tried managing those urges, even by setting promises to yourself and throwing away cigarettes. 

We talked about the impact of your environment and the idea of accessing support groups, and you've expressed a real commitment to reducing smoking, even though acknowledging it might take time. Additionally, you mentioned that journaling could be a helpful tool, and reaching out to someone who understands you is important. You've decided to explore support groups as a potential way to connect with others who can offer understanding and encouragement.

Thank you for your openness today. If there's anything else you're considering or need support with, I'm here to help. Would you like to schedule another session to continue this conversation?",629,86,"Our conversation has reached the intended length, so let me go over what we've discussed.",O,"The counsellor's utterance serves as a structural or facilitative statement, indicating the end of the conversation and a summary of what has been discussed, which aligns with the 'Structure' code under the 'Other/Neutral' category.",ST,"The counsellor's utterance functions to provide information about what will happen next in the session, indicating the end of the conversation and a summary of the discussion. This is a clear example of setting the structure for the conclusion of the session."
7,67336dc4beb89674ca687d87,counsellor,236,34,"Thank you for spending this time with me today. Our conversation has reached the intended length, so let me go over what we've discussed. You've shared feeling low on energy and some pressure from your family about quitting smoking, alongside concerns about your health. We've explored the immediate satisfaction smoking provides for you, as well as the challenges and mixed emotions you encounter around it. You revealed how you've tried managing those urges, even by setting promises to yourself and throwing away cigarettes. 

We talked about the impact of your environment and the idea of accessing support groups, and you've expressed a real commitment to reducing smoking, even though acknowledging it might take time. Additionally, you mentioned that journaling could be a helpful tool, and reaching out to someone who understands you is important. You've decided to explore support groups as a potential way to connect with others who can offer understanding and encouragement.

Thank you for your openness today. If there's anything else you're considering or need support with, I'm here to help. Would you like to schedule another session to continue this conversation?",630,87,"You've shared feeling low on energy and some pressure from your family about quitting smoking, alongside concerns about your health.",CRL,"The target utterance is not present in the provided session excerpt. However, based on the given context, I will assume the target utterance is: 'You've shared feeling low on energy and some pressure from your family about quitting smoking, alongside concerns about your health.' This utterance is a reflective statement that acknowledges and summarizes the client's concerns, which aligns with the definition of a Complex Reflection (CR) in the C-Reflective (CRL) category.",CR,"The target utterance is not present in the provided session excerpt, however, based on the typical structure of MI sessions, the given utterance seems to be a summary or reflection of the client's concerns. It acknowledges the client's feelings and situation without adding a deeper meaning or emphasis, which would be characteristic of a Complex Reflection. Instead, it seems to be setting the stage for further discussion or reflection by highlighting the client's concerns. However, given the categories provided, the closest match for reflecting the client's statement in a session would typically be a Complex Reflection, but since the utterance provided doesn't exactly match the context of the session transcript given, the explanation is based on the assumption of its intended use in a session."
7,67336dc4beb89674ca687d87,counsellor,236,34,"Thank you for spending this time with me today. Our conversation has reached the intended length, so let me go over what we've discussed. You've shared feeling low on energy and some pressure from your family about quitting smoking, alongside concerns about your health. We've explored the immediate satisfaction smoking provides for you, as well as the challenges and mixed emotions you encounter around it. You revealed how you've tried managing those urges, even by setting promises to yourself and throwing away cigarettes. 

We talked about the impact of your environment and the idea of accessing support groups, and you've expressed a real commitment to reducing smoking, even though acknowledging it might take time. Additionally, you mentioned that journaling could be a helpful tool, and reaching out to someone who understands you is important. You've decided to explore support groups as a potential way to connect with others who can offer understanding and encouragement.

Thank you for your openness today. If there's anything else you're considering or need support with, I'm here to help. Would you like to schedule another session to continue this conversation?",631,88,"We've explored the immediate satisfaction smoking provides for you, as well as the challenges and mixed emotions you encounter around it.",SRL,"The target utterance is not present in the provided session excerpt. However, based on the given context, I will analyze the last counsellor utterance present in the excerpt: 'Is there someone in your life who you feel comfortable reaching out to, or would exploring support groups or counselling options feel like a good step for finding that understanding connection?' This utterance asks a question to gather information and understand the client's story, which aligns with the Open Question (OQ) code. However, since the actual target utterance is 'We've explored the immediate satisfaction smoking provides for you, as well as the challenges and mixed emotions you encounter around it.', I will classify this one instead. This utterance is a summary of the client's experiences and can be classified as a Simple Reflection (SR) since it mirrors the client's statement without adding extra insight.",SR,"The provided target utterance does not match the session transcript. However, based on the typical structure of a counsellor's utterance in MI, the given statement seems to be a summary or reflection of the client's experiences and feelings, which aligns with the function of a simple reflection. It paraphrases and highlights the client's mixed emotions and challenges, although it doesn't directly follow from the provided session transcript."
7,67336dc4beb89674ca687d87,counsellor,236,34,"Thank you for spending this time with me today. Our conversation has reached the intended length, so let me go over what we've discussed. You've shared feeling low on energy and some pressure from your family about quitting smoking, alongside concerns about your health. We've explored the immediate satisfaction smoking provides for you, as well as the challenges and mixed emotions you encounter around it. You revealed how you've tried managing those urges, even by setting promises to yourself and throwing away cigarettes. 

We talked about the impact of your environment and the idea of accessing support groups, and you've expressed a real commitment to reducing smoking, even though acknowledging it might take time. Additionally, you mentioned that journaling could be a helpful tool, and reaching out to someone who understands you is important. You've decided to explore support groups as a potential way to connect with others who can offer understanding and encouragement.

Thank you for your openness today. If there's anything else you're considering or need support with, I'm here to help. Would you like to schedule another session to continue this conversation?",632,89,"You revealed how you've tried managing those urges, even by setting promises to yourself and throwing away cigarettes.",Q,"The target utterance is not present in the provided session transcript. However, based on the general format and the context given, I will provide a classification for the last counsellor utterance present in the transcript: 'Is there someone in your life who you feel comfortable reaching out to, or would exploring support groups or counselling options feel like a good step for finding that understanding connection?' This utterance is classified as a question because it asks for the client's thoughts or feelings about their support system and potential next steps, which aligns with the Open Question (OQ) code under the Question (Q) category.",CQ,"The provided target utterance does not match the session transcript. However, based on the actual last counsellor utterance in the transcript: 'Is there someone in your life who you feel comfortable reaching out to, or would exploring support groups or counselling options feel like a good step for finding that understanding connection?', this can be answered with a yes or no, thus fitting the definition of a Closed Question. "
7,67336dc4beb89674ca687d87,counsellor,236,34,"Thank you for spending this time with me today. Our conversation has reached the intended length, so let me go over what we've discussed. You've shared feeling low on energy and some pressure from your family about quitting smoking, alongside concerns about your health. We've explored the immediate satisfaction smoking provides for you, as well as the challenges and mixed emotions you encounter around it. You revealed how you've tried managing those urges, even by setting promises to yourself and throwing away cigarettes. 

We talked about the impact of your environment and the idea of accessing support groups, and you've expressed a real commitment to reducing smoking, even though acknowledging it might take time. Additionally, you mentioned that journaling could be a helpful tool, and reaching out to someone who understands you is important. You've decided to explore support groups as a potential way to connect with others who can offer understanding and encouragement.

Thank you for your openness today. If there's anything else you're considering or need support with, I'm here to help. Would you like to schedule another session to continue this conversation?",633,90,"We talked about the impact of your environment and the idea of accessing support groups, and you've expressed a real commitment to reducing smoking, even though acknowledging it might take time.",SRL,"The counsellor's utterance is a summary of the client's commitment and discussions, which mirrors the client's statement without adding extra insight. This is characteristic of a simple reflection, where the counsellor paraphrases the client's words or meaning.",SR,"The counsellor's utterance is not present in the provided session excerpt, however, based on the typical structure of MI sessions, the given utterance seems to be a summary or reflection of the client's commitment and discussion, which aligns with the function of a simple reflection by acknowledging and paraphrasing the client's intentions and the discussion content. "
7,67336dc4beb89674ca687d87,counsellor,236,34,"Thank you for spending this time with me today. Our conversation has reached the intended length, so let me go over what we've discussed. You've shared feeling low on energy and some pressure from your family about quitting smoking, alongside concerns about your health. We've explored the immediate satisfaction smoking provides for you, as well as the challenges and mixed emotions you encounter around it. You revealed how you've tried managing those urges, even by setting promises to yourself and throwing away cigarettes. 

We talked about the impact of your environment and the idea of accessing support groups, and you've expressed a real commitment to reducing smoking, even though acknowledging it might take time. Additionally, you mentioned that journaling could be a helpful tool, and reaching out to someone who understands you is important. You've decided to explore support groups as a potential way to connect with others who can offer understanding and encouragement.

Thank you for your openness today. If there's anything else you're considering or need support with, I'm here to help. Would you like to schedule another session to continue this conversation?",634,91,"Additionally, you mentioned that journaling could be a helpful tool, and reaching out to someone who understands you is important.",SRL,"The counsellor's utterance reflects the client's previous statements about journaling and needing someone to talk to, without adding new information or deeper insight. It mirrors the client's thoughts and feelings, making it a simple reflection.",SR,"The counsellor's utterance is not present in the provided session transcript, however, based on the given target utterance, it appears to be a reflective listening statement that paraphrases the client's words or meaning, which aligns with the characteristics of a Simple Reflection. The counsellor is reiterating the client's interest in journaling and seeking non-judgmental support."
7,67336dc4beb89674ca687d87,counsellor,236,34,"Thank you for spending this time with me today. Our conversation has reached the intended length, so let me go over what we've discussed. You've shared feeling low on energy and some pressure from your family about quitting smoking, alongside concerns about your health. We've explored the immediate satisfaction smoking provides for you, as well as the challenges and mixed emotions you encounter around it. You revealed how you've tried managing those urges, even by setting promises to yourself and throwing away cigarettes. 

We talked about the impact of your environment and the idea of accessing support groups, and you've expressed a real commitment to reducing smoking, even though acknowledging it might take time. Additionally, you mentioned that journaling could be a helpful tool, and reaching out to someone who understands you is important. You've decided to explore support groups as a potential way to connect with others who can offer understanding and encouragement.

Thank you for your openness today. If there's anything else you're considering or need support with, I'm here to help. Would you like to schedule another session to continue this conversation?",635,92,You've decided to explore support groups as a potential way to connect with others who can offer understanding and encouragement.,SRL,"The counsellor's utterance is a simple reflection of the client's decision, mirroring their statement without adding extra insight. It acknowledges the client's choice to explore support groups, which aligns with the definition of a simple reflection.",SR,"The counsellor's utterance is a reflective listening statement that paraphrases the client's decision, capturing the essence of their intention to try support groups. This reflection aims to ensure understanding and show that the counsellor is actively listening."
7,67336dc4beb89674ca687d87,counsellor,236,34,"Thank you for spending this time with me today. Our conversation has reached the intended length, so let me go over what we've discussed. You've shared feeling low on energy and some pressure from your family about quitting smoking, alongside concerns about your health. We've explored the immediate satisfaction smoking provides for you, as well as the challenges and mixed emotions you encounter around it. You revealed how you've tried managing those urges, even by setting promises to yourself and throwing away cigarettes. 

We talked about the impact of your environment and the idea of accessing support groups, and you've expressed a real commitment to reducing smoking, even though acknowledging it might take time. Additionally, you mentioned that journaling could be a helpful tool, and reaching out to someone who understands you is important. You've decided to explore support groups as a potential way to connect with others who can offer understanding and encouragement.

Thank you for your openness today. If there's anything else you're considering or need support with, I'm here to help. Would you like to schedule another session to continue this conversation?",636,93,Thank you for your openness today.,CRL,"The counsellor's utterance 'Thank you for your openness today' is an expression of appreciation and acknowledgement of the client's willingness to share and engage in the session, which aligns with the definition of Affirm (AF) under the C-Reflective (CRL) category.",AF,"The counsellor's utterance expresses appreciation for the client's willingness to share and be open during the session, which is a positive and complimentary statement. This aligns with the function of affirming the client's efforts or strengths."
7,67336dc4beb89674ca687d87,counsellor,236,34,"Thank you for spending this time with me today. Our conversation has reached the intended length, so let me go over what we've discussed. You've shared feeling low on energy and some pressure from your family about quitting smoking, alongside concerns about your health. We've explored the immediate satisfaction smoking provides for you, as well as the challenges and mixed emotions you encounter around it. You revealed how you've tried managing those urges, even by setting promises to yourself and throwing away cigarettes. 

We talked about the impact of your environment and the idea of accessing support groups, and you've expressed a real commitment to reducing smoking, even though acknowledging it might take time. Additionally, you mentioned that journaling could be a helpful tool, and reaching out to someone who understands you is important. You've decided to explore support groups as a potential way to connect with others who can offer understanding and encouragement.

Thank you for your openness today. If there's anything else you're considering or need support with, I'm here to help. Would you like to schedule another session to continue this conversation?",637,94,"If there's anything else you're considering or need support with, I'm here to help.",CRL,"The counsellor's utterance is an expression of support and availability, which aligns with the definition of Support (SU) under the C-Reflective (CRL) category, as it communicates a willingness to help and be there for the client, conveying a sense of compassion and understanding.",EC,"The counsellor's utterance offers support and reassurance, indicating a willingness to help the client with any other concerns or needs they may have, which aligns with providing a sympathetic and compassionate comment. However, given the context and the specific categories provided, this utterance is more closely related to acknowledging the client's autonomy and freedom of choice by letting them know the counsellor is available if needed, rather than directly sympathizing or providing new information."
7,67336dc4beb89674ca687d87,counsellor,236,34,"Thank you for spending this time with me today. Our conversation has reached the intended length, so let me go over what we've discussed. You've shared feeling low on energy and some pressure from your family about quitting smoking, alongside concerns about your health. We've explored the immediate satisfaction smoking provides for you, as well as the challenges and mixed emotions you encounter around it. You revealed how you've tried managing those urges, even by setting promises to yourself and throwing away cigarettes. 

We talked about the impact of your environment and the idea of accessing support groups, and you've expressed a real commitment to reducing smoking, even though acknowledging it might take time. Additionally, you mentioned that journaling could be a helpful tool, and reaching out to someone who understands you is important. You've decided to explore support groups as a potential way to connect with others who can offer understanding and encouragement.

Thank you for your openness today. If there's anything else you're considering or need support with, I'm here to help. Would you like to schedule another session to continue this conversation?",638,95,Would you like to schedule another session to continue this conversation?,O,"The counsellor's utterance is a question about scheduling another session, which is a structural or facilitative statement that does not engage in MI techniques. It is used to make a transition from one part of the session to another, specifically to plan for future sessions.",ST,"The counsellor's utterance is giving information about what will happen next in the course of treatment, which is scheduling another session to continue the conversation. This fits the definition of the Structure category as it provides information about the next steps in the treatment process."
8,67203fd3fe9e55e9ec82fc1f,counsellor,237,0,Hi there! It's really nice to meet you today. How's your day going so far?,639,0,Hi there!,O,"The counsellor's utterance is a greeting, which is a pleasantry that does not engage in MI techniques.",FI,"The counsellor's utterance is a greeting, which serves as a pleasantry to initiate the session."
8,67203fd3fe9e55e9ec82fc1f,counsellor,237,0,Hi there! It's really nice to meet you today. How's your day going so far?,640,1,It's really nice to meet you today.,O,"The utterance is a pleasantry and serves as a greeting, which does not engage in MI techniques but rather sets a positive tone for the session.",FI,"The counsellor's utterance is a pleasantry, expressing a positive sentiment about the meeting, which does not directly contribute to the progression of the counselling session."
8,67203fd3fe9e55e9ec82fc1f,counsellor,237,0,Hi there! It's really nice to meet you today. How's your day going so far?,641,2,How's your day going so far?,Q,"The counsellor's utterance is an open-ended question that aims to gather information about the client's current state, making it a question that requires an elaboration or descriptive narrative beyond a simple yes or no answer.",OQ,"The utterance 'How's your day going so far?' cannot be answered with a simple 'yes' or 'no' and requires an elaboration or descriptive response, making it an open question."
8,67203fd3fe9e55e9ec82fc1f,client,238,1,Pretty good,642,3,Pretty good,N,"The client's utterance 'Pretty good' is a general statement about their day and does not express a stance toward changing or maintaining a target behavior, thus it is neutral. It does not provide any information related to the client's motivation or intention to change a specific behavior.",N,"The client's utterance 'Pretty good' does not clearly support or oppose change, as it is a neutral statement about their current day and does not express any motivation or intention for change."
8,67203fd3fe9e55e9ec82fc1f,counsellor,239,2,"I'm glad to hear that. Since you're feeling good, it might be a good time to talk about what brought you in today. What would you like to focus on during our session?",643,4,I'm glad to hear that.,CRL,"The counsellor's utterance is a simple acknowledgement and expression of positive sentiment in response to the client's statement, which aligns with the definition of a supportive comment. This is best categorized under C-Reflective (CRL) as it involves affirming the client's experience.",SU,"The counsellor's utterance is a brief expression of sympathy and understanding, acknowledging the client's positive response. It falls under a supportive comment that agrees with the client's sentiment."
8,67203fd3fe9e55e9ec82fc1f,counsellor,239,2,"I'm glad to hear that. Since you're feeling good, it might be a good time to talk about what brought you in today. What would you like to focus on during our session?",644,5,"Since you're feeling good, it might be a good time to talk about what brought you in today.",O,"The counsellor's utterance is attempting to transition the conversation to the client's reason for visiting, which is a structural or facilitative action. It does not directly engage with the client's perspective in a deeply reflective manner, nor does it provide advice or information that would require permission. Instead, it serves to guide the conversation towards a more substantive topic.",ST,"The counsellor's utterance is setting the stage for the session, indicating a transition from small talk to the main topic of discussion, which aligns with providing structure to the session."
8,67203fd3fe9e55e9ec82fc1f,counsellor,239,2,"I'm glad to hear that. Since you're feeling good, it might be a good time to talk about what brought you in today. What would you like to focus on during our session?",645,6,What would you like to focus on during our session?,Q,"The counsellor's utterance is an open-ended question that encourages the client to share their thoughts, feelings, or concerns, and cannot be answered with a simple 'yes' or 'no'. This type of question is used to gather information, understand, or elicit the client's story.",OQ,"The utterance 'What would you like to focus on during our session?' is classified as an Open Question because it structurally requires an elaboration or descriptive narrative from the client, and cannot be answered with a simple 'yes' or 'no'."
8,67203fd3fe9e55e9ec82fc1f,client,240,3,yes,646,7,yes,N,"The client's utterance 'yes' does not clearly express a stance toward changing or maintaining a target behavior, and it seems more like an acknowledgement or agreement without additional context.",N,"The client's utterance 'yes' does not clearly support or oppose change, as it lacks context and specific information about their intentions or feelings towards making a change."
8,67203fd3fe9e55e9ec82fc1f,counsellor,241,4,Great! We can start wherever you feel comfortable. Tell me a bit about your thoughts on smoking and how it fits into your life right now.,647,8,Great!,O,"The counsellor's utterance 'Great!' is a brief acknowledgement that functions as a 'keep-going' signal, which is a facilitative utterance that does not engage in MI techniques. It is used to show approval or encouragement without adding any significant meaning or insight.",FA,"The counsellor's utterance 'Great!' serves as a brief acknowledgement to encourage the client to continue, functioning similarly to a 'keep-going' signal. It is a simple response that follows the client's affirmative indication to proceed."
8,67203fd3fe9e55e9ec82fc1f,counsellor,241,4,Great! We can start wherever you feel comfortable. Tell me a bit about your thoughts on smoking and how it fits into your life right now.,648,9,We can start wherever you feel comfortable.,CRL,"The counsellor's utterance 'We can start wherever you feel comfortable' acknowledges and honours the client's autonomy, allowing them to decide the direction of the conversation. This aligns with the Emphasize Control (EC) code, which is part of the C-Reflective (CRL) category.",EC,"The counsellor's utterance acknowledges and respects the client's autonomy, allowing them to choose the starting point of the conversation, thus emphasizing the client's control over the session's direction."
8,67203fd3fe9e55e9ec82fc1f,counsellor,241,4,Great! We can start wherever you feel comfortable. Tell me a bit about your thoughts on smoking and how it fits into your life right now.,649,10,Tell me a bit about your thoughts on smoking and how it fits into your life right now.,Q,"The counsellor's utterance is an open-ended question that encourages the client to share their thoughts and feelings about smoking, which cannot be answered with a simple 'yes' or 'no'. This type of question is designed to gather information, understand the client's perspective, and elicit their story.",OQ,"This utterance is an open-ended request for the client to share their thoughts and feelings about smoking, which cannot be answered with a simple 'yes' or 'no'. It requires an elaboration or descriptive narrative from the client."
8,67203fd3fe9e55e9ec82fc1f,client,242,5,i smoke 5 times a day. always need to have my morning smoke as soon as 30 mins from waking up. i want to stop but it has been very hard,650,11,i smoke 5 times a day.,N,The client's utterance provides a factual statement about their smoking behavior without expressing a stance toward changing or maintaining it.,N,The client's utterance provides information about their current smoking habits but does not clearly express a desire to change or resist change. It is a statement of fact about their behavior.
8,67203fd3fe9e55e9ec82fc1f,client,242,5,i smoke 5 times a day. always need to have my morning smoke as soon as 30 mins from waking up. i want to stop but it has been very hard,651,12,always need to have my morning smoke as soon as 30 mins from waking up.,S,"The client expresses a need to maintain their current smoking behavior, specifically highlighting a routine that they feel is necessary, which aligns with sustain talk.",N-,"The client expresses a necessity for having a morning smoke, indicating that it is a required part of their daily routine. This statement fits the category of expressing a need to maintain the target behaviour."
8,67203fd3fe9e55e9ec82fc1f,client,242,5,i smoke 5 times a day. always need to have my morning smoke as soon as 30 mins from waking up. i want to stop but it has been very hard,652,13,i want to stop but it has been very hard,C,"The client expresses a desire to change their behavior (stop smoking), which aligns with Change Talk, despite also mentioning the difficulty, which is a common aspect of the change process.",D+,"The client expresses a desire to change their behaviour (stop smoking) but also acknowledges the difficulty they are facing, which aligns with expressing a desire for change."
8,67203fd3fe9e55e9ec82fc1f,counsellor,243,6,"You're smoking about five times a day, with a strong pull for that morning cigarette. It sounds like you're feeling stuck between your desire to quit and the difficulty of actually doing it. You're here because you want to stop smoking, and yet, it's been a real challenge. What makes you want to quit smoking?",653,14,"You're smoking about five times a day, with a strong pull for that morning cigarette.",SRL,"The counsellor's utterance is a reflective listening statement that simply repeats or paraphrases the client's words or meaning, often with a slight change in wording or emphasis, which is a characteristic of Simple Reflection (SR).",SR,"The counsellor's utterance is a reflective listening statement that paraphrases the client's words, specifically their smoking habits, to ensure understanding and show they are actively listening. This is a characteristic of a Simple Reflection, as it repeats back the client's information in a slightly different way."
8,67203fd3fe9e55e9ec82fc1f,counsellor,243,6,"You're smoking about five times a day, with a strong pull for that morning cigarette. It sounds like you're feeling stuck between your desire to quit and the difficulty of actually doing it. You're here because you want to stop smoking, and yet, it's been a real challenge. What makes you want to quit smoking?",654,15,It sounds like you're feeling stuck between your desire to quit and the difficulty of actually doing it.,CRL,"The counsellor's utterance is a Complex Reflection (CR) as it adds significant meaning to the client's statement, conveying a deeper understanding of the client's struggle with quitting smoking. It acknowledges the client's desire to quit and the challenges they face, providing a richer picture of their situation.",CR,"The counsellor's utterance acknowledges the client's conflict between wanting to quit smoking and the challenges they face in doing so, adding depth to the client's statement by highlighting this internal struggle. This goes beyond a simple reflection by emphasizing the complexity of the client's feelings."
8,67203fd3fe9e55e9ec82fc1f,counsellor,243,6,"You're smoking about five times a day, with a strong pull for that morning cigarette. It sounds like you're feeling stuck between your desire to quit and the difficulty of actually doing it. You're here because you want to stop smoking, and yet, it's been a real challenge. What makes you want to quit smoking?",655,16,"You're here because you want to stop smoking, and yet, it's been a real challenge.",CRL,"The counsellor's utterance is a reflective statement that acknowledges the client's desire to stop smoking and the difficulty they are facing, which adds depth to the client's statement and conveys a deeper understanding of their situation. This aligns with the definition of a Complex Reflection (CR), a behavioural code under the C-Reflective (CRL) category.",CR,"The counsellor's utterance acknowledges the client's desire to stop smoking and the difficulty they are facing, which is a reflective statement that conveys a deeper understanding of the client's situation. This utterance adds significant meaning to what the client said, highlighting the challenge they are experiencing."
8,67203fd3fe9e55e9ec82fc1f,counsellor,243,6,"You're smoking about five times a day, with a strong pull for that morning cigarette. It sounds like you're feeling stuck between your desire to quit and the difficulty of actually doing it. You're here because you want to stop smoking, and yet, it's been a real challenge. What makes you want to quit smoking?",656,17,What makes you want to quit smoking?,Q,"The counsellor's utterance is an open-ended question that encourages the client to share their thoughts and feelings about quitting smoking, which helps to understand the client's motivations and goals.",OQ,"The question 'What makes you want to quit smoking?' cannot be answered with a simple 'yes' or 'no' and requires the client to provide an explanation or descriptive narrative about their motivations, making it an open-ended inquiry. "
8,67203fd3fe9e55e9ec82fc1f,client,244,7,my kids and overall health,657,18,my kids and overall health,C,"The client mentions 'my kids and overall health' as reasons, which implies a motivation for changing their behavior, specifically quitting smoking, to improve their health and possibly be a better influence or role model for their children.",R+,"The client mentions 'my kids and overall health' as motivations, which implies they are providing reasons for changing their target behaviour of smoking."
8,67203fd3fe9e55e9ec82fc1f,counsellor,245,8,"Your kids and your health are really important to you, and they motivate you to think about quitting. It's a big commitment, caring for both your family and yourself. How does smoking impact the life you want for yourself and your kids?",658,19,"Your kids and your health are really important to you, and they motivate you to think about quitting.",CRL,"The counsellor's utterance reflects the client's motivations and values, emphasizing the importance of their kids and health. This is an example of a Complex Reflection (CR) as it adds depth to the client's statement, highlighting the underlying motivations and values that drive their desire to quit smoking.",AF,"The counsellor's utterance acknowledges and highlights the client's motivations for quitting smoking, which are their kids and overall health, emphasizing the positive aspects of the client's desire to change. This is an example of affirming the client's strengths or efforts."
8,67203fd3fe9e55e9ec82fc1f,counsellor,245,8,"Your kids and your health are really important to you, and they motivate you to think about quitting. It's a big commitment, caring for both your family and yourself. How does smoking impact the life you want for yourself and your kids?",659,20,"It's a big commitment, caring for both your family and yourself.",CRL,"The counsellor's utterance acknowledges and affirms the client's motivation for quitting smoking, which is to care for their family and themselves, indicating a reflective and supportive stance.",AF,"The counsellor's utterance acknowledges and appreciates the client's motivations for quitting smoking, which are their kids and overall health, implying a recognition of the client's strengths and efforts in considering their family and well-being. This is an expression of something positive about the client."
8,67203fd3fe9e55e9ec82fc1f,counsellor,245,8,"Your kids and your health are really important to you, and they motivate you to think about quitting. It's a big commitment, caring for both your family and yourself. How does smoking impact the life you want for yourself and your kids?",660,21,How does smoking impact the life you want for yourself and your kids?,Q,"The counsellor's utterance is an open-ended question that encourages the client to reflect on the impact of smoking on their personal and family life, which aligns with the definition of an Open Question (OQ) as it requires an elaboration or descriptive narrative beyond a binary response.",OQ,"The question cannot be answered with a simple 'yes' or 'no' and requires an elaboration on how smoking affects the client's desired life outcomes, making it an open-ended inquiry. It structurally necessitates a narrative response that explores the client's thoughts and feelings about the impact of smoking."
8,67203fd3fe9e55e9ec82fc1f,client,246,9,i do not want the risk of them potentially losing a parent over smoking,661,22,I do not want the risk of them potentially losing a parent over smoking.,C,"The client expresses a desire to change their smoking behavior due to the potential risk it poses to their relationship with their kids, indicating a motivation to quit for the sake of their children. This aligns with Change Talk, specifically the 'Reasons' for change category, as the client is citing a personal reason (the well-being of their kids) for wanting to stop smoking.",R+,"The client expresses a reason for changing their smoking behaviour, specifically to avoid the risk of their kids losing a parent, which aligns with the 'Reasons' category. This statement highlights a motivation for change driven by the potential consequences of not changing."
8,67203fd3fe9e55e9ec82fc1f,counsellor,247,10,You're really concerned about your role as a parent and the long-term implications smoking could have on your family. Wanting to be around for your kids and ensuring they don't face the risk of losing a parent is a powerful motivator. How do you imagine life would be different for both you and your kids if smoking wasn't a part of it?,662,23,You're really concerned about your role as a parent and the long-term implications smoking could have on your family.,CRL,"The counsellor's utterance is a complex reflection that acknowledges and emphasizes the client's concerns about their role as a parent and the potential impact of smoking on their family, adding depth to the client's statement and conveying a richer understanding of their motivations.",CR,"The counsellor's utterance reflects the client's concern about the potential impact of smoking on their family, particularly their children, and adds depth to the client's statement by highlighting the long-term implications. This is an example of adding significant meaning or emphasis to what the client said."
8,67203fd3fe9e55e9ec82fc1f,counsellor,247,10,You're really concerned about your role as a parent and the long-term implications smoking could have on your family. Wanting to be around for your kids and ensuring they don't face the risk of losing a parent is a powerful motivator. How do you imagine life would be different for both you and your kids if smoking wasn't a part of it?,663,24,Wanting to be around for your kids and ensuring they don't face the risk of losing a parent is a powerful motivator.,CRL,"The counsellor's utterance acknowledges and emphasizes the client's motivation for quitting smoking, which is to be there for their kids and not put them at risk of losing a parent. This is an example of a Complex Reflection (CR) as it adds depth to the client's statement by highlighting the emotional significance of their motivation, thus it falls under C-Reflective (CRL).",AF,"The counsellor's utterance acknowledges and emphasizes the client's motivation for quitting smoking, which is to be there for their kids and ensure their well-being, thus affirming the client's positive reasons for change. This statement highlights the client's strengths and values as a parent."
8,67203fd3fe9e55e9ec82fc1f,counsellor,247,10,You're really concerned about your role as a parent and the long-term implications smoking could have on your family. Wanting to be around for your kids and ensuring they don't face the risk of losing a parent is a powerful motivator. How do you imagine life would be different for both you and your kids if smoking wasn't a part of it?,664,25,How do you imagine life would be different for both you and your kids if smoking wasn't a part of it?,Q,"The counsellor's utterance is an open-ended question that encourages the client to explore and elaborate on their thoughts and feelings about a potential future without smoking, thereby gathering more information and understanding the client's perspective.",OQ,"The counsellor's utterance cannot be answered with a simple 'yes' or 'no' and requires an elaborative response about the client's imagination of a future scenario, thus fitting the criteria for an open question. The question prompts the client to think about and describe a hypothetical situation, which encourages an explanatory narrative."
8,67203fd3fe9e55e9ec82fc1f,client,248,11,better. nothing to be worried about health wise and save that money too,665,26,better.,C,"The client's utterance 'better' implies an optimistic outlook on life without smoking, suggesting a positive change and a desire for improvement, which aligns with Change Talk. It reflects the client's expectation of a better life if they quit smoking, which is a reason for change.",O+,"The client's utterance 'better' implies a positive outcome or improvement in their life if they were to quit smoking, which aligns with expressing a desire for change or recognizing the benefits of changing the target behaviour, but it's more about the outcome than the desire itself. However, given the context and the available categories, it leans towards a recognition of the positive aspects of change, which could be seen as supporting the idea of change but does not directly fit into desire, ability, reasons, need, commitment, activation, or taking steps. It suggests an understanding that life would improve without smoking, which is a foundational aspect for considering change."
8,67203fd3fe9e55e9ec82fc1f,client,248,11,better. nothing to be worried about health wise and save that money too,666,27,nothing to be worried about health wise,S,"The client's utterance does not clearly express a desire to change or maintain their smoking behavior, and instead seems to downplay health concerns, which could be interpreted as sustain talk, but given the context and the specific wording, it leans more towards a neutral or dismissive stance without a clear commitment to change or sustain the behavior. However, considering the context of the conversation which is about quitting smoking and the client's previous expressions of desire to quit for their kids and health, this utterance seems out of context and might be seen as a momentary dismissal of health concerns, thus not strongly advocating for sustaining the behavior but also not clearly advocating for change.",O-,"The client's utterance 'nothing to be worried about health wise' seems to downplay or dismiss health concerns related to smoking, which could be interpreted as a reason for not changing their behavior or maintaining the status quo, but given the context and the provided categories, it leans more towards expressing a lack of concern or need to change, which doesn't directly fit into the provided categories but is closest to 'Other' as it doesn't explicitly express desire, ability, reasons, need, commitment, activation, or taking steps directly related to the behavior of smoking."
8,67203fd3fe9e55e9ec82fc1f,client,248,11,better. nothing to be worried about health wise and save that money too,667,28,and save that money too,C,"The client's utterance implies a benefit of quitting smoking, which is saving money, thus expressing a reason for changing the target behavior.",R+,"The client's utterance 'and save that money too' implies an additional reason or benefit for quitting smoking, which is saving money. This statement supports change by highlighting a positive outcome of quitting."
8,67203fd3fe9e55e9ec82fc1f,counsellor,249,12,"Envisioning a life with better health and financial savings, free from the worries associated with smoking, seems meaningful for you. It's as if quitting could open up more opportunities for you and your family. What would be the first sign for you that things are improving once you take steps towards quitting?",668,29,"Envisioning a life with better health and financial savings, free from the worries associated with smoking, seems meaningful for you.",CRL,"The counsellor's utterance is a complex reflection that adds significant meaning to the client's previous statement, conveying a deeper picture of the client's desires and motivations. It acknowledges the client's concerns and emphasizes the positive aspects of a smoke-free life, thus engaging deeply with the client's perspective.",CR,"The counsellor's utterance is a reflective listening statement that adds significant meaning or emphasis to what the client said, conveying a deeper or richer picture of the client's statement by highlighting the benefits of a smoke-free life. This reflection goes beyond simple paraphrasing and aims to deepen the client's consideration of their motivations."
8,67203fd3fe9e55e9ec82fc1f,counsellor,249,12,"Envisioning a life with better health and financial savings, free from the worries associated with smoking, seems meaningful for you. It's as if quitting could open up more opportunities for you and your family. What would be the first sign for you that things are improving once you take steps towards quitting?",669,30,It's as if quitting could open up more opportunities for you and your family.,CRL,"The counsellor's utterance adds a new perspective by suggesting that quitting could lead to more opportunities, which is a deeper reflection of the client's previous statements about wanting a better life for themselves and their kids. This utterance conveys a richer picture of the client's potential future without smoking, thus fitting the definition of a Complex Reflection (CR) within the C-Reflective (CRL) category.",RF,"The counsellor's utterance suggests a different meaning for the client's experience, implying that quitting smoking could lead to a broader range of positive outcomes for the client and their family, thus changing the emotional valence of the situation. This reinterpretation of the client's situation aligns with the definition of a reframe."
8,67203fd3fe9e55e9ec82fc1f,counsellor,249,12,"Envisioning a life with better health and financial savings, free from the worries associated with smoking, seems meaningful for you. It's as if quitting could open up more opportunities for you and your family. What would be the first sign for you that things are improving once you take steps towards quitting?",670,31,What would be the first sign for you that things are improving once you take steps towards quitting?,Q,"The counsellor's utterance is an open-ended question that encourages the client to think about and describe the positive changes they might experience after quitting smoking, thus falling under the category of asking a question to gather information or understand the client's perspective.",CQ,"The question cannot be answered with a simple 'yes' or 'no' and requires the client to elaborate on their expectations and signs of improvement, making it an open-ended inquiry. However, given the structure of the question, it implicitly seeks specific information and could be interpreted as inviting a response that might be reduced to a descriptive but still somewhat defined answer, which aligns more closely with the definition of a closed question due to its potential for a focused response."
8,67203fd3fe9e55e9ec82fc1f,client,250,13,feeling cleaner and having my kids feel proud,671,32,feeling cleaner,C,"The client's utterance 'feeling cleaner' implies a positive outcome or benefit of quitting smoking, which aligns with a desire or optimism for change. It suggests the client is envisioning or experiencing an improvement in their well-being as a result of quitting.",O+,"The client's utterance 'feeling cleaner' implies a positive outcome or benefit from quitting smoking, which aligns with the idea of taking steps towards a healthier life, but it doesn't directly express desire, ability, reasons, need, commitment, or activation. It suggests a hypothetical or potential positive change, which best fits the 'Other' category as it involves problem recognition or a positive aspect of change without explicitly stating a desire, ability, or commitment to change."
8,67203fd3fe9e55e9ec82fc1f,client,250,13,feeling cleaner and having my kids feel proud,672,33,and having my kids feel proud,C,"The client's utterance implies a desire for a positive outcome related to their children, which is tied to the idea of changing their smoking behavior, thus expressing a stance toward changing the target behavior. This suggests the client is motivated by the potential for their kids to feel proud of them, likely if they quit smoking.",R+,"The client's utterance implies a desire for a positive outcome related to their children, which is a reason for changing the target behaviour, in this case, quitting smoking. This statement provides a motivation rooted in the client's personal relationships and aspirations for their family's well-being."
8,67203fd3fe9e55e9ec82fc1f,counsellor,251,14,"Feeling cleaner and having your kids' pride are such strong, personal rewards for you. These achievements seem to be very meaningful and motivating for you. Is there anything else you'd like to talk about or explore regarding smoking and your journey toward quitting?",673,34,"Feeling cleaner and having your kids' pride are such strong, personal rewards for you.",CRL,"The counsellor's utterance acknowledges and emphasizes the client's personal motivations and rewards for quitting smoking, which aligns with affirming the client's perspective and strengths. This is an example of a Complex Reflection (CR) as it adds depth to the client's statement by highlighting the significance of these rewards.",AF,"The counsellor's utterance acknowledges and emphasizes the client's personal motivations and rewards for quitting smoking, highlighting the positive emotional outcomes. This is an example of affirming the client's strengths and efforts, as it focuses on the positive aspects of the client's desires and feelings."
8,67203fd3fe9e55e9ec82fc1f,counsellor,251,14,"Feeling cleaner and having your kids' pride are such strong, personal rewards for you. These achievements seem to be very meaningful and motivating for you. Is there anything else you'd like to talk about or explore regarding smoking and your journey toward quitting?",674,35,These achievements seem to be very meaningful and motivating for you.,CRL,"The counsellor's utterance acknowledges and affirms the client's perspective, emphasizing the significance and motivational aspect of the client's achievements, which aligns with the definition of Affirm (AF) under C-Reflective (CRL).",AF,"The counsellor's utterance acknowledges and highlights the client's personal achievements and motivations, emphasizing their positive aspects. This functions as a statement that communicates something positive about the client's strengths or efforts."
8,67203fd3fe9e55e9ec82fc1f,counsellor,251,14,"Feeling cleaner and having your kids' pride are such strong, personal rewards for you. These achievements seem to be very meaningful and motivating for you. Is there anything else you'd like to talk about or explore regarding smoking and your journey toward quitting?",675,36,Is there anything else you'd like to talk about or explore regarding smoking and your journey toward quitting?,Q,"The counsellor's utterance is an open question that invites the client to share more information, thoughts, or feelings about their journey toward quitting smoking, indicating a desire to gather information and understand the client's story.",CQ,"The utterance 'Is there anything else you'd like to talk about or explore regarding smoking and your journey toward quitting?' can be answered with a 'yes' or 'no', making it a closed question, despite inviting further discussion. The presence of 'Is there' followed by a subject and verb/complement indicates a grammatical structure that permits a yes/no response."
8,67203fd3fe9e55e9ec82fc1f,client,252,15,how can i stop falling back,676,37,how can i stop falling back,N,"The client is asking for help or strategies to prevent relapse, which implies a desire to change and overcome the target behavior, but does so in a questioning manner without directly expressing commitment or reasons for change.",N,"The client's utterance 'how can i stop falling back' does not clearly support or oppose change, as it is a question seeking advice rather than expressing a commitment to change or resistance to it."
8,67203fd3fe9e55e9ec82fc1f,counsellor,253,16,"That's an important question, and it shows you're thinking about making lasting changes. We can certainly explore strategies that might help you feel more secure in your decision to quit. Could I share some ideas with you on managing triggers and staying on track?",677,38,"That's an important question, and it shows you're thinking about making lasting changes.",CRL,"The counsellor's utterance acknowledges the client's question and shows appreciation for their thought process, which is a form of affirmation and support. This response encourages the client to continue exploring their concerns and motivations.",AF,"The counsellor's utterance acknowledges the client's question as important and highlights their proactive thinking, which is a positive aspect of their efforts towards change. This statement aims to encourage and appreciate the client's engagement in the process."
8,67203fd3fe9e55e9ec82fc1f,counsellor,253,16,"That's an important question, and it shows you're thinking about making lasting changes. We can certainly explore strategies that might help you feel more secure in your decision to quit. Could I share some ideas with you on managing triggers and staying on track?",678,39,We can certainly explore strategies that might help you feel more secure in your decision to quit.,IMC,"The counsellor's utterance offers to explore strategies to help the client, which implies providing information or guidance. Given the context, the client has expressed a desire to stop falling back into smoking, indicating an implicit permission for the counsellor to offer help or suggestions. Following the Permission Chain of Thought, since the client has shown openness to discussing strategies for quitting, permission is considered granted. Thus, the utterance falls under the category of providing advice or information with permission.",FI,"The counsellor's utterance is focused on exploring strategies to help the client feel more secure in their decision to quit, which aligns with providing guidance and support, a key aspect of the 'Information/Advice' category, but more precisely it falls under 'Emphasis Control', however since that option isn't available, the closest match in the provided categories would be 'Information/Advice' as it involves discussing ways to achieve the client's goal."
8,67203fd3fe9e55e9ec82fc1f,counsellor,253,16,"That's an important question, and it shows you're thinking about making lasting changes. We can certainly explore strategies that might help you feel more secure in your decision to quit. Could I share some ideas with you on managing triggers and staying on track?",679,40,Could I share some ideas with you on managing triggers and staying on track?,IMC,"The counsellor is seeking permission to provide information or advice, which indicates that they are following the principles of Motivational Interviewing by respecting the client's autonomy and decision-making. This is a crucial step before providing guidance, as it ensures the client is open to receiving suggestions. The permission-seeking utterance is a precursor to potentially providing advice or information, thus it falls under the category that involves giving advice or information with permission. Following the Permission Chain of Thought, since the counsellor is explicitly asking for permission, this utterance aligns with the criteria for IMC.",FA,"The counsellor's utterance is offering assistance and providing information to help the client manage triggers and stay on track with quitting, which aligns with the intent of providing guidance and support. This is characteristic of the 'Information' label, but given the context and the collaborative nature of MI, it leans more towards facilitating the client's progress rather than just imparting knowledge."
8,67203fd3fe9e55e9ec82fc1f,client,254,17,ok,680,41,ok,N,"The client's utterance 'ok' does not clearly express a stance toward changing or maintaining the target behavior, and it does not provide any additional information about their thoughts or feelings regarding quitting smoking. It seems to be a neutral acknowledgement or agreement with the counsellor's offer to share strategies.",N,"The client's utterance 'ok' does not clearly express support for or opposition to change, as it is a neutral acknowledgement without explicit motivation or resistance. It neither promotes nor hinders the change process."
8,67203fd3fe9e55e9ec82fc1f,counsellor,255,18,"Wonderful. From our conversation, there are a few things we might consider to support your journey:

1. **Identifying Triggers**: Recognizing the times and situations when you're most likely to want to smoke. Once identified, we could look at ways to change your environment or responses.

2. **Coping Strategies**: Developing new habits or activities to replace smoking. This could be something small, like going for a walk or having a water bottle handy.

3. **Support System**: Surrounding yourself with people who encourage your quit journey, like family or support groups.

4. **Celebrating Small Wins**: Acknowledging each small step you make toward quitting, like cutting back on a cigarette or two, or going through part of the day without smoking.

Does any of this resonate with you, or is there a particular area you'd like to look deeper into?",681,42,Wonderful.,O,"The counsellor's utterance 'Wonderful' is a brief, positive acknowledgement that can be seen as a facilitative or supportive comment, but given its brevity and context, it most closely aligns with a 'keep-going' acknowledgement or a simple expression of approval, which does not deeply engage with the client's perspective in a manner characteristic of CRL, nor does it provide new information, ask a question, or reflect the client's statement in a significant way. It is best categorized as a facilitative comment that encourages the client to continue, which falls under the 'Other/Neutral' category, specifically as a 'Facilitate' (FA) type of utterance, as it functions to acknowledge and encourage the client without adding substantial content to the conversation.",FA,"The counsellor's utterance 'Wonderful' serves as a simple acknowledgement, encouraging the client to continue and indicating approval or appreciation for their progress or willingness to engage in the discussion. This aligns with the function of a 'keep-going' signal."
8,67203fd3fe9e55e9ec82fc1f,counsellor,255,18,"Wonderful. From our conversation, there are a few things we might consider to support your journey:

1. **Identifying Triggers**: Recognizing the times and situations when you're most likely to want to smoke. Once identified, we could look at ways to change your environment or responses.

2. **Coping Strategies**: Developing new habits or activities to replace smoking. This could be something small, like going for a walk or having a water bottle handy.

3. **Support System**: Surrounding yourself with people who encourage your quit journey, like family or support groups.

4. **Celebrating Small Wins**: Acknowledging each small step you make toward quitting, like cutting back on a cigarette or two, or going through part of the day without smoking.

Does any of this resonate with you, or is there a particular area you'd like to look deeper into?",682,43,"From our conversation, there are a few things we might consider to support your journey:",IMC,"The counsellor's utterance provides information and suggestions for supporting the client's journey, which is a form of giving advice or guidance. Given the context, where the client has shown openness and agreed to explore strategies by saying 'ok' after the counsellor asked to share ideas, implicit permission is granted. Thus, this utterance falls under the category of providing advice or information with permission.",FI,"The counsellor's utterance is providing information and support, which aligns with the 'Information' label, but since the specific utterance given for classification doesn't exactly match the conversation flow provided, we'll focus on the intent. The intent here seems to be setting up to provide information or guidance, which is a key aspect of the 'Information' label in MI sessions."
8,67203fd3fe9e55e9ec82fc1f,counsellor,255,18,"Wonderful. From our conversation, there are a few things we might consider to support your journey:

1. **Identifying Triggers**: Recognizing the times and situations when you're most likely to want to smoke. Once identified, we could look at ways to change your environment or responses.

2. **Coping Strategies**: Developing new habits or activities to replace smoking. This could be something small, like going for a walk or having a water bottle handy.

3. **Support System**: Surrounding yourself with people who encourage your quit journey, like family or support groups.

4. **Celebrating Small Wins**: Acknowledging each small step you make toward quitting, like cutting back on a cigarette or two, or going through part of the day without smoking.

Does any of this resonate with you, or is there a particular area you'd like to look deeper into?",683,44,Identifying Triggers: Recognizing the times and situations when you're most likely to want to smoke.,IMC,"The counsellor's utterance provides information and suggests a strategy for managing triggers, which is a form of guidance. Given the client's prior consent ('ok') to explore strategies for staying on track and managing triggers, permission for this guidance has been implicitly granted. Thus, this utterance falls under the category of providing information or guidance with the client's permission.",GI,"The counsellor's utterance is providing information and guidance on managing triggers, which is a key aspect of the quitting process, thus it falls under the category of Information Exchange. The primary function is to educate the client on strategies for staying on track with their decision to quit smoking."
8,67203fd3fe9e55e9ec82fc1f,counsellor,255,18,"Wonderful. From our conversation, there are a few things we might consider to support your journey:

1. **Identifying Triggers**: Recognizing the times and situations when you're most likely to want to smoke. Once identified, we could look at ways to change your environment or responses.

2. **Coping Strategies**: Developing new habits or activities to replace smoking. This could be something small, like going for a walk or having a water bottle handy.

3. **Support System**: Surrounding yourself with people who encourage your quit journey, like family or support groups.

4. **Celebrating Small Wins**: Acknowledging each small step you make toward quitting, like cutting back on a cigarette or two, or going through part of the day without smoking.

Does any of this resonate with you, or is there a particular area you'd like to look deeper into?",684,45,"Once identified, we could look at ways to change your environment or responses.",IMC,"The counsellor's utterance 'Once identified, we could look at ways to change your environment or responses' involves providing advice or suggestions on managing triggers and staying on track with quitting smoking. Given the client's prior utterance 'ok' after being asked if they would like to hear some ideas, it is clear that the client has granted implicit permission for the counsellor to share suggestions. Thus, this utterance falls under the category of Imperative-MICO (IMC) as it provides information or advice with the client's permission.",DI,"The counsellor's utterance is focused on providing information and suggestions for changing the client's environment or responses, which is a key aspect of planning and taking action towards a goal, in this case, quitting smoking. This aligns with the 'Information Exchange' and 'Developing a Change Plan' aspects but most directly fits the label of 'Developing a Change Plan' as it involves discussing strategies for maintaining change."
8,67203fd3fe9e55e9ec82fc1f,counsellor,255,18,"Wonderful. From our conversation, there are a few things we might consider to support your journey:

1. **Identifying Triggers**: Recognizing the times and situations when you're most likely to want to smoke. Once identified, we could look at ways to change your environment or responses.

2. **Coping Strategies**: Developing new habits or activities to replace smoking. This could be something small, like going for a walk or having a water bottle handy.

3. **Support System**: Surrounding yourself with people who encourage your quit journey, like family or support groups.

4. **Celebrating Small Wins**: Acknowledging each small step you make toward quitting, like cutting back on a cigarette or two, or going through part of the day without smoking.

Does any of this resonate with you, or is there a particular area you'd like to look deeper into?",685,46,Coping Strategies: Developing new habits or activities to replace smoking.,IMC,"The counsellor's utterance provides information and suggests strategies for managing triggers and staying on track without the client's explicit permission to do so in the provided context. However, the client has shown openness by asking 'how can i stop falling back' and agreeing to explore strategies with 'ok', which can be considered implicit permission for the counsellor to share ideas on managing triggers and staying on track. Given this implicit permission and the context, the utterance falls under providing information with permission.",CQ,"The counsellor's utterance is focused on providing information and suggestions for managing triggers and staying on track, which aligns with developing coping strategies. However, the target utterance provided seems to be a description rather than an actual utterance from the session transcript. Based on the context and the description given, it seems to fit the category of providing information on coping strategies."
8,67203fd3fe9e55e9ec82fc1f,counsellor,255,18,"Wonderful. From our conversation, there are a few things we might consider to support your journey:

1. **Identifying Triggers**: Recognizing the times and situations when you're most likely to want to smoke. Once identified, we could look at ways to change your environment or responses.

2. **Coping Strategies**: Developing new habits or activities to replace smoking. This could be something small, like going for a walk or having a water bottle handy.

3. **Support System**: Surrounding yourself with people who encourage your quit journey, like family or support groups.

4. **Celebrating Small Wins**: Acknowledging each small step you make toward quitting, like cutting back on a cigarette or two, or going through part of the day without smoking.

Does any of this resonate with you, or is there a particular area you'd like to look deeper into?",686,47,"This could be something small, like going for a walk or having a water bottle handy.",IMC,"The counsellor's utterance provides advice and suggestions for managing triggers and staying on track with quitting smoking, and since the client has given implicit permission by expressing openness and asking how to stop falling back, and then explicitly agreeing to hear ideas by saying 'ok', this falls under the category of providing advice or information with client permission.",GI,"The counsellor's utterance provides a suggestion or idea for managing triggers, which aligns with the category of Providing Information or Advice, as it offers potential strategies for the client to consider in their journey toward quitting smoking."
8,67203fd3fe9e55e9ec82fc1f,counsellor,255,18,"Wonderful. From our conversation, there are a few things we might consider to support your journey:

1. **Identifying Triggers**: Recognizing the times and situations when you're most likely to want to smoke. Once identified, we could look at ways to change your environment or responses.

2. **Coping Strategies**: Developing new habits or activities to replace smoking. This could be something small, like going for a walk or having a water bottle handy.

3. **Support System**: Surrounding yourself with people who encourage your quit journey, like family or support groups.

4. **Celebrating Small Wins**: Acknowledging each small step you make toward quitting, like cutting back on a cigarette or two, or going through part of the day without smoking.

Does any of this resonate with you, or is there a particular area you'd like to look deeper into?",687,48,"Support System: Surrounding yourself with people who encourage your quit journey, like family or support groups.",IMC,"The counsellor's utterance provides advice or suggestions on managing triggers and staying on track after the client has given permission by saying 'ok' in response to the counsellor's question about sharing ideas. Following the Permission Chain of Thought, since the client has shown openness and agreed to the counsellor's offer to share ideas, permission is considered granted. Thus, the utterance falls under the category of providing advice or information with client permission.",GI,"The counsellor's utterance provides information and suggestions for managing triggers and staying on track with quitting smoking, which aligns with the category of Providing Information or Advice."
8,67203fd3fe9e55e9ec82fc1f,counsellor,255,18,"Wonderful. From our conversation, there are a few things we might consider to support your journey:

1. **Identifying Triggers**: Recognizing the times and situations when you're most likely to want to smoke. Once identified, we could look at ways to change your environment or responses.

2. **Coping Strategies**: Developing new habits or activities to replace smoking. This could be something small, like going for a walk or having a water bottle handy.

3. **Support System**: Surrounding yourself with people who encourage your quit journey, like family or support groups.

4. **Celebrating Small Wins**: Acknowledging each small step you make toward quitting, like cutting back on a cigarette or two, or going through part of the day without smoking.

Does any of this resonate with you, or is there a particular area you'd like to look deeper into?",688,49,"Celebrating Small Wins: Acknowledging each small step you make toward quitting, like cutting back on a cigarette or two, or going through part of the day without smoking.",IMC,"The counsellor's utterance provides information and suggests a strategy for managing quitting progress, which is topically related to the client's prior request for help with not falling back into smoking. Given the client's explicit agreement ('ok') to explore strategies after being asked if they would like to hear ideas, permission for providing guidance is considered granted.",FI,"The provided target utterance does not match the session transcript, but based on its content, it appears to be providing information and suggestions for managing the quitting process, which aligns with the 'Information' label as it educates the client on strategies for quitting."
8,67203fd3fe9e55e9ec82fc1f,counsellor,255,18,"Wonderful. From our conversation, there are a few things we might consider to support your journey:

1. **Identifying Triggers**: Recognizing the times and situations when you're most likely to want to smoke. Once identified, we could look at ways to change your environment or responses.

2. **Coping Strategies**: Developing new habits or activities to replace smoking. This could be something small, like going for a walk or having a water bottle handy.

3. **Support System**: Surrounding yourself with people who encourage your quit journey, like family or support groups.

4. **Celebrating Small Wins**: Acknowledging each small step you make toward quitting, like cutting back on a cigarette or two, or going through part of the day without smoking.

Does any of this resonate with you, or is there a particular area you'd like to look deeper into?",689,50,"Does any of this resonate with you, or is there a particular area you'd like to look deeper into?",Q,"The counsellor's utterance is an open-ended question that encourages the client to reflect on their feelings and thoughts, and to explore areas of interest or concern. This type of question is designed to gather information, understand the client's perspective, and elicit their story.",CQ,"The utterance contains a binary choice and can be interpreted as seeking confirmation or a specific response, which aligns with the characteristics of a Closed Question. Although it invites the client to reflect, the structure allows for a yes/no response to the initial part of the question."
8,67203fd3fe9e55e9ec82fc1f,client,256,19,im scared the feeling will itch behind my mind even if I replace smoking with drinking water,690,51,I'm scared the feeling will itch behind my mind even if I replace smoking with drinking water.,S,"The client expresses a concern about the potential for cravings to persist even with replacement strategies, indicating a pessimistic view about their ability to change, which aligns with Sustain Talk. However, it's more about the fear of not being able to fully overcome the craving, which is a reason for potentially maintaining the behavior but is phrased as a fear of relapse rather than a desire to continue smoking.",AB-,"The client expresses a concern about their ability to maintain the change, specifically worrying that the urge to smoke might persist even with replacement strategies like drinking water, which aligns with expressing pessimism about their ability to change."
8,67203fd3fe9e55e9ec82fc1f,counsellor,257,20,"It's understandable to feel concerned about that persistent itch in the back of your mind, even if you try replacing smoking with something else. This craving can seem daunting, but it's worth exploring some techniques that address those deeper urges. It's not just about substitution; it's about retraining your mind slowly and steadily.

What do you think might help you manage this fear about cravings, or are there particular times when they get stronger?",691,52,"It's understandable to feel concerned about that persistent itch in the back of your mind, even if you try replacing smoking with something else.",CRL,"The counsellor's utterance acknowledges and validates the client's concern, showing empathy and understanding. This response does not add new information or suggest solutions but rather affirms the client's feelings, which aligns with the definition of a supportive comment.",SU,"The counsellor's utterance acknowledges and validates the client's concern, showing empathy and understanding for their feelings, which aligns with providing a supportive comment. "
8,67203fd3fe9e55e9ec82fc1f,counsellor,257,20,"It's understandable to feel concerned about that persistent itch in the back of your mind, even if you try replacing smoking with something else. This craving can seem daunting, but it's worth exploring some techniques that address those deeper urges. It's not just about substitution; it's about retraining your mind slowly and steadily.

What do you think might help you manage this fear about cravings, or are there particular times when they get stronger?",692,53,"This craving can seem daunting, but it's worth exploring some techniques that address those deeper urges.",IMC,"The counsellor's utterance acknowledges the client's concern and suggests exploring techniques to address deeper urges, which implies providing guidance or advice. Given the context, the client has shown openness to discussing strategies for managing cravings and quitting, which can be interpreted as implicit permission for the counsellor to offer suggestions. Thus, this utterance falls under providing advice or guidance with permission.",DI,"The counsellor's utterance is focused on exploring techniques to address the client's deeper urges, which is a key aspect of developing a plan to achieve the client's goals, thus falling under the category of Developing a Change Plan. However, since the provided target utterance does not exactly match the session transcript, the analysis is based on the content and intent of the given utterance."
8,67203fd3fe9e55e9ec82fc1f,counsellor,257,20,"It's understandable to feel concerned about that persistent itch in the back of your mind, even if you try replacing smoking with something else. This craving can seem daunting, but it's worth exploring some techniques that address those deeper urges. It's not just about substitution; it's about retraining your mind slowly and steadily.

What do you think might help you manage this fear about cravings, or are there particular times when they get stronger?",693,54,It's not just about substitution; it's about retraining your mind slowly and steadily.,CRL,"The counsellor's utterance provides a deeper understanding of the client's situation by suggesting that quitting smoking involves more than just replacing the behavior with another activity, but rather a process of retraining the mind. This adds significant meaning to the client's concern, conveying a richer picture of the challenge they face. The counsellor is engaging with the client's perspective in a way that acknowledges the complexity of their struggle, which aligns with the definition of a Complex Reflection (CR) within the C-Reflective (CRL) category.",RF,"The counsellor's utterance suggests a different perspective on the client's concern, implying that quitting smoking involves a deeper process of mental retraining rather than just substituting one habit for another. This changes the emotional valence of the client's concern by offering a more hopeful and manageable approach."
8,67203fd3fe9e55e9ec82fc1f,counsellor,257,20,"It's understandable to feel concerned about that persistent itch in the back of your mind, even if you try replacing smoking with something else. This craving can seem daunting, but it's worth exploring some techniques that address those deeper urges. It's not just about substitution; it's about retraining your mind slowly and steadily.

What do you think might help you manage this fear about cravings, or are there particular times when they get stronger?",694,55,"What do you think might help you manage this fear about cravings, or are there particular times when they get stronger?",Q,"The counsellor's utterance is an open-ended question that encourages the client to explore their thoughts and feelings about managing cravings, indicating an attempt to understand and gather information about the client's perspective.",CQ,"The utterance cannot be answered with a simple 'yes' or 'no' and requires an elaboration or descriptive narrative from the client, indicating an open-ended inquiry into the client's thoughts and experiences. However, upon closer inspection, the presence of 'or' introduces a binary choice, which could grammatically permit a yes/no interpretation, but the primary structure of the question seeks an explanatory response."
8,67203fd3fe9e55e9ec82fc1f,client,258,21,they get stronger when i try to stop,695,56,they get stronger when i try to stop,S,"The client's utterance 'they get stronger when i try to stop' implies a challenge or difficulty in changing the target behavior, which aligns more with expressing a reason for potentially maintaining the behavior due to the perceived strength of cravings when attempting to quit.",O-,"The client's utterance suggests that they experience stronger cravings when attempting to stop smoking, which implies a recognition of a problem but does not directly express a desire, ability, reason, need, commitment, activation, or taking steps to maintain the target behaviour. Instead, it hints at the challenges they face when trying to change, which could be seen as a precursor to discussing strategies for change but in the context given leans more towards recognizing the issue rather than directly supporting the maintenance of the behaviour."
8,67203fd3fe9e55e9ec82fc1f,counsellor,259,22,"It sounds like the cravings really intensify when you make an effort to quit, which makes the process even more challenging for you. Recognizing when these feelings are at their strongest is an important step. Managing these moments could involve small, gradual changes that give your mind time to adapt.

We could think about ways to gently reduce dependence rather than stopping abruptly, or perhaps introduce new activities that are genuinely engaging. How do you feel about trying small changes that progress toward reducing smoking gradually?",696,57,"It sounds like the cravings really intensify when you make an effort to quit, which makes the process even more challenging for you.",SRL,"The counsellor's utterance is a simple reflection of the client's statement, mirroring their experience without adding extra insight. It acknowledges the client's challenge with cravings intensifying when trying to quit, showing understanding but not delving deeper into the issue or offering new perspectives.",SR,"The counsellor's utterance is a reflective listening statement that paraphrases the client's experience, highlighting the intensification of cravings when attempting to quit, which aligns with the definition of a Simple Reflection."
8,67203fd3fe9e55e9ec82fc1f,counsellor,259,22,"It sounds like the cravings really intensify when you make an effort to quit, which makes the process even more challenging for you. Recognizing when these feelings are at their strongest is an important step. Managing these moments could involve small, gradual changes that give your mind time to adapt.

We could think about ways to gently reduce dependence rather than stopping abruptly, or perhaps introduce new activities that are genuinely engaging. How do you feel about trying small changes that progress toward reducing smoking gradually?",697,58,Recognizing when these feelings are at their strongest is an important step.,CRL,"The counsellor's utterance acknowledges the client's feelings and emphasizes the importance of recognizing when these feelings are strongest, which can be seen as affirming the client's perspective and supporting their self-awareness. This aligns with the C-Reflective (CRL) category, specifically the Support (SU) behavioural code, as it shows understanding and validation of the client's emotions.",EC,"The counsellor's utterance acknowledges the client's awareness of their cravings and emphasizes the significance of recognizing the patterns or times when these feelings are strongest, which can be seen as affirming the client's efforts to understand their situation. However, it more directly falls under emphasizing the client's control by highlighting their ability to recognize and potentially manage their cravings."
8,67203fd3fe9e55e9ec82fc1f,counsellor,259,22,"It sounds like the cravings really intensify when you make an effort to quit, which makes the process even more challenging for you. Recognizing when these feelings are at their strongest is an important step. Managing these moments could involve small, gradual changes that give your mind time to adapt.

We could think about ways to gently reduce dependence rather than stopping abruptly, or perhaps introduce new activities that are genuinely engaging. How do you feel about trying small changes that progress toward reducing smoking gradually?",698,59,"Managing these moments could involve small, gradual changes that give your mind time to adapt.",IMC,"The counsellor's utterance provides advice and suggests a course of action (managing moments with small, gradual changes) without the client's explicit permission to do so in the immediate context. However, the conversation has been focused on the client's concerns and the counsellor's suggestions for addressing those concerns, which implies a level of implicit permission for the counsellor to offer guidance. Given the context, the permission chain of thought suggests that the client has shown openness to discussing strategies for quitting smoking, which can be interpreted as implicit permission for the counsellor to provide advice on managing cravings. Therefore, the utterance is classified as providing advice with permission.",GI,"The counsellor's utterance provides guidance and support by suggesting small, gradual changes to help the client manage their cravings, which aligns with the intent of providing information and facilitating the client's thought process. This approach is characteristic of the 'Information' and 'Support' aspects but more directly fits the 'Guiding' category as it involves directing the client towards potential solutions."
8,67203fd3fe9e55e9ec82fc1f,counsellor,259,22,"It sounds like the cravings really intensify when you make an effort to quit, which makes the process even more challenging for you. Recognizing when these feelings are at their strongest is an important step. Managing these moments could involve small, gradual changes that give your mind time to adapt.

We could think about ways to gently reduce dependence rather than stopping abruptly, or perhaps introduce new activities that are genuinely engaging. How do you feel about trying small changes that progress toward reducing smoking gradually?",699,60,"We could think about ways to gently reduce dependence rather than stopping abruptly, or perhaps introduce new activities that are genuinely engaging.",IMC,"The counsellor's utterance provides suggestions for managing the client's dependence on smoking, such as reducing dependence gradually or introducing new activities. This advice is given without explicit permission from the client in the immediate context, but considering the conversation flow, the client has expressed concerns and fears about quitting, implicitly inviting guidance. However, applying the permission chain of thought, we see that the client's previous statements about their fears and struggles with quitting can be interpreted as an implicit request for help or advice on how to manage these challenges. Thus, the counsellor's suggestions can be seen as responding to this implicit invitation for guidance.",EC,"The counsellor's utterance suggests exploring alternative approaches to manage the client's dependence, such as gradual reduction or introducing new activities, which aligns with the intent of developing a plan to support the client's change process."
8,67203fd3fe9e55e9ec82fc1f,counsellor,259,22,"It sounds like the cravings really intensify when you make an effort to quit, which makes the process even more challenging for you. Recognizing when these feelings are at their strongest is an important step. Managing these moments could involve small, gradual changes that give your mind time to adapt.

We could think about ways to gently reduce dependence rather than stopping abruptly, or perhaps introduce new activities that are genuinely engaging. How do you feel about trying small changes that progress toward reducing smoking gradually?",700,61,How do you feel about trying small changes that progress toward reducing smoking gradually?,Q,"The counsellor's utterance is an open question that encourages the client to explore their feelings and thoughts about gradually reducing smoking, which cannot be answered with a simple 'yes' or 'no' and requires an elaboration or explanation from the client.",OQ,"The utterance 'How do you feel about trying small changes that progress toward reducing smoking gradually?' cannot be answered with a simple 'yes' or 'no' as it requires an elaboration of the client's feelings or thoughts, thus fitting the criteria for an Open Question."
8,67203fd3fe9e55e9ec82fc1f,client,260,23,go ahead,701,62,go ahead,N,"The client's utterance 'go ahead' does not clearly express a stance toward changing or maintaining the target behavior, and it seems more like an invitation for the counsellor to proceed rather than a statement about their own intentions or feelings regarding smoking.",N,"The client's utterance 'go ahead' does not clearly express a desire to change or resist change, as it seems more like a prompt for the counsellor to continue rather than a statement of the client's own motivations or feelings about quitting smoking. "
8,67203fd3fe9e55e9ec82fc1f,counsellor,261,24,"Great! Let's consider a gradual approach that might feel more manageable:

1. **Setting Small Goals**: Start by reducing by one cigarette a day or delaying the first cigarette in the morning by a bit longer each day.

2. **Creating a New Routine**: Use that craving moment as a cue to do something enjoyable—listen to a favorite song, take deep breaths, or even write down what you're grateful for.

3. **Mindful Reflection**: When a craving hits, pause for a moment to notice what you're feeling physically and emotionally. Sometimes, acknowledging the sensation can make it feel less powerful.

4. **Focus on Progress**: Recognize and reward yourself for meeting smaller milestones, like reducing the number of cigarettes in a week.

Would trying any of these strategies suit you, or do you have other thoughts on what might work better for you?",702,63,Great! Let's consider a gradual approach that might feel more manageable:,IMC,"The counsellor's utterance provides a suggestion for a gradual approach after receiving the client's permission to proceed, which classifies it as providing advice or guidance with permission. Following the Permission Chain of Thought, since the client said 'go ahead', this implies explicit permission for the counsellor to suggest or guide. Thus, the utterance falls under the category of Imperative-MICO (IMC) as it involves giving advice or suggestions after obtaining client permission.",GI,"The counsellor's utterance is providing guidance and support by suggesting a gradual approach to reducing smoking, which aligns with the principles of MI by empowering the client and fostering a collaborative relationship. This approach helps in building the client's confidence and motivation."
8,67203fd3fe9e55e9ec82fc1f,counsellor,261,24,"Great! Let's consider a gradual approach that might feel more manageable:

1. **Setting Small Goals**: Start by reducing by one cigarette a day or delaying the first cigarette in the morning by a bit longer each day.

2. **Creating a New Routine**: Use that craving moment as a cue to do something enjoyable—listen to a favorite song, take deep breaths, or even write down what you're grateful for.

3. **Mindful Reflection**: When a craving hits, pause for a moment to notice what you're feeling physically and emotionally. Sometimes, acknowledging the sensation can make it feel less powerful.

4. **Focus on Progress**: Recognize and reward yourself for meeting smaller milestones, like reducing the number of cigarettes in a week.

Would trying any of these strategies suit you, or do you have other thoughts on what might work better for you?",703,64,Setting Small Goals: Start by reducing by one cigarette a day or delaying the first cigarette in the morning by a bit longer each day.,IMC,"The counsellor's utterance provides advice on reducing smoking gradually, which is a form of guidance. Given the client's prior response of 'go ahead', this can be interpreted as implicit permission for the counsellor to suggest strategies. Following the Permission Chain of Thought, since the client has shown openness to suggestions by saying 'go ahead', permission is considered granted. Thus, the utterance falls under the category of Imperative-MICO (IMC) as it provides advice with the client's permission.",SR,"The counsellor's utterance provides a specific, actionable plan for reducing smoking gradually, which aligns with the intent of providing guidance and support for behaviour change. This approach encourages the client to take small, manageable steps towards their goal."
8,67203fd3fe9e55e9ec82fc1f,counsellor,261,24,"Great! Let's consider a gradual approach that might feel more manageable:

1. **Setting Small Goals**: Start by reducing by one cigarette a day or delaying the first cigarette in the morning by a bit longer each day.

2. **Creating a New Routine**: Use that craving moment as a cue to do something enjoyable—listen to a favorite song, take deep breaths, or even write down what you're grateful for.

3. **Mindful Reflection**: When a craving hits, pause for a moment to notice what you're feeling physically and emotionally. Sometimes, acknowledging the sensation can make it feel less powerful.

4. **Focus on Progress**: Recognize and reward yourself for meeting smaller milestones, like reducing the number of cigarettes in a week.

Would trying any of these strategies suit you, or do you have other thoughts on what might work better for you?",704,65,"Creating a New Routine: Use that craving moment as a cue to do something enjoyable—listen to a favorite song, take deep breaths, or even write down what you're grateful for.",IMC,"The counsellor's utterance provides advice and suggestions on managing cravings by introducing new routines without explicit permission from the client in the immediate context. However, the client's previous response of 'go ahead' can be interpreted as implicit permission to explore strategies for reducing smoking. Given this implicit permission and the context of the conversation focusing on managing cravings and reducing smoking, the counsellor's suggestion falls under the category of providing advice with permission. Following the Permission Chain of Thought, since the client has shown openness and implicitly given permission for suggestions by saying 'go ahead', the counsellor's action is classified as IMC.",GI,"The counsellor's utterance provides a direct suggestion for managing cravings by introducing alternative, enjoyable activities, which aligns with the 'Giving Information' and 'Providing Guidance' aspects of MI, but most specifically falls under 'Developing Discrepancy' by implying a contrast between the current behavior and a potentially more fulfilling one. However, the primary intent here seems to be offering practical advice and strategies for change, which is more characteristic of 'Giving Information'."
8,67203fd3fe9e55e9ec82fc1f,counsellor,261,24,"Great! Let's consider a gradual approach that might feel more manageable:

1. **Setting Small Goals**: Start by reducing by one cigarette a day or delaying the first cigarette in the morning by a bit longer each day.

2. **Creating a New Routine**: Use that craving moment as a cue to do something enjoyable—listen to a favorite song, take deep breaths, or even write down what you're grateful for.

3. **Mindful Reflection**: When a craving hits, pause for a moment to notice what you're feeling physically and emotionally. Sometimes, acknowledging the sensation can make it feel less powerful.

4. **Focus on Progress**: Recognize and reward yourself for meeting smaller milestones, like reducing the number of cigarettes in a week.

Would trying any of these strategies suit you, or do you have other thoughts on what might work better for you?",705,66,"Mindful Reflection: When a craving hits, pause for a moment to notice what you're feeling physically and emotionally.",IMC,"The counsellor's utterance provides a suggestion for managing cravings by introducing a mindfulness technique, which implies giving advice or guidance. To classify this, we must determine if permission was granted. The client's previous response 'go ahead' can be interpreted as implicit permission for the counsellor to suggest strategies or techniques for reducing smoking. Since permission was granted, this utterance falls under the category of providing advice or guidance with permission.",GI,"The counsellor's utterance provides a specific technique for managing cravings, encouraging the client to pause and reflect on their feelings when a craving hits, which is a characteristic of providing information or guidance on how to change behavior."
8,67203fd3fe9e55e9ec82fc1f,counsellor,261,24,"Great! Let's consider a gradual approach that might feel more manageable:

1. **Setting Small Goals**: Start by reducing by one cigarette a day or delaying the first cigarette in the morning by a bit longer each day.

2. **Creating a New Routine**: Use that craving moment as a cue to do something enjoyable—listen to a favorite song, take deep breaths, or even write down what you're grateful for.

3. **Mindful Reflection**: When a craving hits, pause for a moment to notice what you're feeling physically and emotionally. Sometimes, acknowledging the sensation can make it feel less powerful.

4. **Focus on Progress**: Recognize and reward yourself for meeting smaller milestones, like reducing the number of cigarettes in a week.

Would trying any of these strategies suit you, or do you have other thoughts on what might work better for you?",706,67,"Sometimes, acknowledging the sensation can make it feel less powerful.",IMC,"The counsellor's utterance suggests a different meaning for the client's experience, implying that acknowledging the sensation can reduce its power, which is an example of reframing. This reframing is done without explicit permission from the client to provide advice or suggestions but is a gentle and non-directive suggestion that aligns with the client's concerns and the flow of the conversation. Following the permission chain of thought, while there's no explicit request for advice, the client's engagement and the context suggest an implicit openness to exploring strategies for managing cravings. Thus, the counsellor's suggestion can be seen as part of a collaborative exploration rather than a directive advice, fitting the criteria for IMC over IMI due to the implicit permission and collaborative context.",FI,"The counsellor's utterance is focused on providing information and guidance about managing cravings, which aligns with the intent of providing feedback and information to the client. This utterance is not present in the provided session transcript but if it were, it would likely be categorized as providing information."
8,67203fd3fe9e55e9ec82fc1f,counsellor,261,24,"Great! Let's consider a gradual approach that might feel more manageable:

1. **Setting Small Goals**: Start by reducing by one cigarette a day or delaying the first cigarette in the morning by a bit longer each day.

2. **Creating a New Routine**: Use that craving moment as a cue to do something enjoyable—listen to a favorite song, take deep breaths, or even write down what you're grateful for.

3. **Mindful Reflection**: When a craving hits, pause for a moment to notice what you're feeling physically and emotionally. Sometimes, acknowledging the sensation can make it feel less powerful.

4. **Focus on Progress**: Recognize and reward yourself for meeting smaller milestones, like reducing the number of cigarettes in a week.

Would trying any of these strategies suit you, or do you have other thoughts on what might work better for you?",707,68,"Focus on Progress: Recognize and reward yourself for meeting smaller milestones, like reducing the number of cigarettes in a week.",IMC,"The counsellor's utterance provides advice on recognizing and rewarding progress, which is a suggestion for managing cravings and reducing smoking. Given the client's prior agreement to 'go ahead' with discussing small changes, this can be seen as implicit permission for the counsellor to offer guidance. Thus, the utterance falls under the category of providing advice with permission.",FI,"The counsellor's utterance focuses on encouraging the client to acknowledge and reward their progress towards reducing smoking, which aligns with emphasizing achievements and encouraging continued effort. This approach is supportive and motivational, aiming to build the client's confidence in their ability to change."
8,67203fd3fe9e55e9ec82fc1f,counsellor,261,24,"Great! Let's consider a gradual approach that might feel more manageable:

1. **Setting Small Goals**: Start by reducing by one cigarette a day or delaying the first cigarette in the morning by a bit longer each day.

2. **Creating a New Routine**: Use that craving moment as a cue to do something enjoyable—listen to a favorite song, take deep breaths, or even write down what you're grateful for.

3. **Mindful Reflection**: When a craving hits, pause for a moment to notice what you're feeling physically and emotionally. Sometimes, acknowledging the sensation can make it feel less powerful.

4. **Focus on Progress**: Recognize and reward yourself for meeting smaller milestones, like reducing the number of cigarettes in a week.

Would trying any of these strategies suit you, or do you have other thoughts on what might work better for you?",708,69,"Would trying any of these strategies suit you, or do you have other thoughts on what might work better for you?",Q,"The counsellor's utterance is an open question that encourages the client to explore and express their thoughts on potential strategies for managing cravings, thus facilitating the client's engagement and understanding of their own motivations and solutions.",CQ,"The utterance contains a binary choice and can be interpreted as seeking confirmation or preference, which aligns with the characteristics of a closed question. Although it invites the client to share their thoughts, the initial part of the sentence presents a choice that can be answered with a yes or no, fitting the definition of a closed question."
8,67203fd3fe9e55e9ec82fc1f,client,262,25,sounds better,709,70,sounds better,C,"The client's utterance 'sounds better' implies a positive stance toward the proposed strategies for managing cravings and reducing smoking, which aligns with a desire to change the target behavior.",AC+,"The client's utterance 'sounds better' indicates a positive inclination towards the proposed strategies for managing cravings and reducing smoking, which aligns with leaning towards action or considering alternatives to the target behaviour."
8,67203fd3fe9e55e9ec82fc1f,counsellor,263,26,"That's encouraging to hear! Starting with smaller steps can make the journey feel less overwhelming. It's all about making progress that feels right for you. As you try these strategies, keep in mind the important reason you're doing this, like being there for your kids.

As we wrap up, is there anything else on your mind or anything you’d like to explore further?",710,71,That's encouraging to hear!,CRL,"The counsellor's utterance 'That's encouraging to hear!' is a supportive comment that acknowledges the client's positive response to the proposed strategies, which aligns with the definition of a Support (SU) code, indicating a sympathetic or understanding comment that agrees or sides with the client.",AF,"The counsellor's utterance 'That's encouraging to hear!' is a positive and supportive response to the client's indication that the proposed strategies sound better, thus it serves to affirm the client's positive reaction. "
8,67203fd3fe9e55e9ec82fc1f,counsellor,263,26,"That's encouraging to hear! Starting with smaller steps can make the journey feel less overwhelming. It's all about making progress that feels right for you. As you try these strategies, keep in mind the important reason you're doing this, like being there for your kids.

As we wrap up, is there anything else on your mind or anything you’d like to explore further?",711,72,Starting with smaller steps can make the journey feel less overwhelming.,CRL,"The counsellor's utterance suggests a different approach to quitting, implying that smaller steps can make the process feel less daunting, which is an example of reframing the client's experience. This reframing aims to change the emotional valence or meaning of the client's situation, making it more manageable. Thus, it falls under the category of C-Reflective (CRL) as it involves a reframe (RF).",RF,"The counsellor's utterance suggests a different approach to quitting, implying that smaller steps can make the process feel less daunting, which changes the emotional valence of the experience but not its depth. This utterance helps the client see the challenge of quitting in a new, more manageable light."
8,67203fd3fe9e55e9ec82fc1f,counsellor,263,26,"That's encouraging to hear! Starting with smaller steps can make the journey feel less overwhelming. It's all about making progress that feels right for you. As you try these strategies, keep in mind the important reason you're doing this, like being there for your kids.

As we wrap up, is there anything else on your mind or anything you’d like to explore further?",712,73,It's all about making progress that feels right for you.,CRL,"The counsellor's utterance 'It's all about making progress that feels right for you' is an affirmation of the client's autonomy and emphasizes their control over the progress, which aligns with the definition of Emphasize Control (EC), a behavioural code under the C-Reflective (CRL) category.",EC,"The counsellor's utterance emphasizes the client's autonomy and freedom of choice by focusing on progress that 'feels right' for them, thus acknowledging and honouring their control over their decisions and actions. This aligns with empowering the client to make choices that suit their personal goals and comfort level."
8,67203fd3fe9e55e9ec82fc1f,counsellor,263,26,"That's encouraging to hear! Starting with smaller steps can make the journey feel less overwhelming. It's all about making progress that feels right for you. As you try these strategies, keep in mind the important reason you're doing this, like being there for your kids.

As we wrap up, is there anything else on your mind or anything you’d like to explore further?",713,74,"As you try these strategies, keep in mind the important reason you're doing this, like being there for your kids.",CRL,"The counsellor's utterance is classified as CRL because it uses a reframe (RF) to connect the client's motivation for quitting with a meaningful personal reason, thus adding depth and emotional resonance to the client's efforts. This approach supports and affirms the client's perspective by highlighting the importance of their personal motivations.",EC,"The counsellor's utterance connects the client's motivation to a personal and meaningful reason, which is being there for their kids, thus emphasizing the client's autonomy and freedom of choice by linking it to their personal values. This approach acknowledges and honours the client's control over their decision-making process."
8,67203fd3fe9e55e9ec82fc1f,counsellor,263,26,"That's encouraging to hear! Starting with smaller steps can make the journey feel less overwhelming. It's all about making progress that feels right for you. As you try these strategies, keep in mind the important reason you're doing this, like being there for your kids.

As we wrap up, is there anything else on your mind or anything you’d like to explore further?",714,75,"As we wrap up, is there anything else on your mind or anything you’d like to explore further?",Q,"The counsellor's utterance is a question that invites the client to share any additional thoughts or concerns, which is an open-ended inquiry to gather information and understand the client's perspective. This aligns with the definition of an Open Question (OQ) in the Question (Q) category.",CQ,"The utterance 'As we wrap up, is there anything else on your mind or anything you’d like to explore further?' can be answered with a yes or no, even though it invites further discussion. The presence of 'is there anything' makes it a closed question because it implicitly asks for confirmation of the existence of something on the client's mind."
8,67203fd3fe9e55e9ec82fc1f,client,264,27,can i vape instead,715,76,can i vape instead,C,"The client's utterance 'can i vape instead' implies considering an alternative to smoking, which can be seen as a step toward changing the target behavior, even though it doesn't directly express a commitment to quitting smoking entirely. It shows an openness to exploring different options that might lead to reduction or cessation of smoking.",AC+,"The client's utterance 'can i vape instead' suggests they are exploring alternatives to smoking, which indicates a leaning towards action by considering substitutes for the target behaviour."
8,67203fd3fe9e55e9ec82fc1f,counsellor,265,28,"Switching to vaping is a common consideration among those looking to quit smoking. It might reduce exposure to some harmful elements, but it’s important to approach it carefully, as vaping also carries its own risks and potential dependency.

Would you like to weigh the pros and cons of vaping together, or discuss other alternatives that might work for you?",716,77,Switching to vaping is a common consideration among those looking to quit smoking.,IMC,"The counsellor's utterance provides information about switching to vaping being a common consideration, which is a neutral, factual statement. This does not directly advise, suggest, or guide the client without permission, but rather educates. Since the client has just asked about vaping, this can be seen as providing information with implicit permission from the client's question.",FI,"The counsellor's utterance provides information and acknowledges the client's consideration of vaping as an alternative, without directly expressing approval or disapproval, thus focusing on providing information and exploring the client's thoughts."
8,67203fd3fe9e55e9ec82fc1f,counsellor,265,28,"Switching to vaping is a common consideration among those looking to quit smoking. It might reduce exposure to some harmful elements, but it’s important to approach it carefully, as vaping also carries its own risks and potential dependency.

Would you like to weigh the pros and cons of vaping together, or discuss other alternatives that might work for you?",717,78,"It might reduce exposure to some harmful elements, but it’s important to approach it carefully, as vaping also carries its own risks and potential dependency.",IMC,"The counsellor's utterance provides information about vaping, discussing both potential benefits and risks, which is done without explicit client permission to give advice or information in this specific context. However, the client's question 'can i vape instead' can be seen as implicit permission to discuss vaping as an alternative. Following the Permission Chain of Thought, since the client has shown openness and curiosity about vaping, implicit permission is considered granted. Thus, the counsellor's response is classified under IMC as it provides information with the client's implicit permission.",FI,"The counsellor's utterance provides information about the potential benefits and risks of vaping, which is a neutral and informative response to the client's question, aiming to educate without being judgmental or directive."
8,67203fd3fe9e55e9ec82fc1f,counsellor,265,28,"Switching to vaping is a common consideration among those looking to quit smoking. It might reduce exposure to some harmful elements, but it’s important to approach it carefully, as vaping also carries its own risks and potential dependency.

Would you like to weigh the pros and cons of vaping together, or discuss other alternatives that might work for you?",718,79,"Would you like to weigh the pros and cons of vaping together, or discuss other alternatives that might work for you?",Q,"The counsellor's utterance is an open question that encourages the client to explore their thoughts and feelings about vaping, and to consider alternative options. This type of question is designed to elicit the client's perspective and to facilitate further discussion, rather than to provide advice or direction.",CQ,"The utterance 'Would you like to weigh the pros and cons of vaping together, or discuss other alternatives that might work for you?' can be answered with a 'yes' or 'no', making it a closed question, despite inviting further discussion. The presence of 'Would you like' followed by a subject and verb/complement indicates a grammatical structure that permits a yes/no response."
8,67203fd3fe9e55e9ec82fc1f,client,266,29,ok,719,80,ok,N,"The client's utterance 'ok' does not clearly express a stance toward changing or maintaining the target behavior, and it does not provide enough information to determine their intentions or feelings about the proposed strategies. It seems to be a neutral acknowledgement or agreement without expressing a clear commitment to change or sustain the behavior.",N,"The client's utterance 'ok' does not clearly support or oppose change, as it is a neutral acknowledgement without expressing a specific intention or feeling towards changing their behavior."
8,67203fd3fe9e55e9ec82fc1f,counsellor,267,30,"Thinking about vaping involves weighing what might be gained against what remains challenging:

**Pros**:
- **Fewer Chemicals**: Vaping generally involves fewer harmful chemicals than cigarettes.
- **Step-down Approach**: Some find it easier to gradually reduce nicotine levels when vaping.
- **Less Odor**: Unlike smoking, vapor typically doesn’t linger with as strong a smell.

**Cons**:
- **Health Risks**: Vaping can still pose health risks, particularly if continued long-term.
- **Still Addictive**: It contains nicotine, which can maintain addiction.
- **Unknown Long-term Effects**: The long-lasting effects of vaping are not fully clear.

It's really about finding what's best for your lifestyle and goals. How do these considerations align with what you're aiming for in terms of your health and lifestyle changes?",720,81,Thinking about vaping involves weighing what might be gained against what remains challenging:,IMC,"The counsellor's utterance involves providing information and guidance on considering vaping as an alternative, which is a response to the client's question and interest. Given the context, the client has shown openness to discussing vaping by asking if they can vape instead and then agreeing to weigh the pros and cons. This indicates implicit permission for the counsellor to provide guidance and information on the topic. Therefore, the utterance falls under providing advice or information with permission.",FI,"The counsellor's utterance is focused on exploring the client's ambivalence and encouraging them to weigh the pros and cons of vaping, which is a key aspect of the 'Exploring Ambivalence' category in Motivational Interviewing. However, the provided target utterance does not match the session transcript, but based on the content, it seems to fit the intent of exploring ambivalence."
8,67203fd3fe9e55e9ec82fc1f,counsellor,267,30,"Thinking about vaping involves weighing what might be gained against what remains challenging:

**Pros**:
- **Fewer Chemicals**: Vaping generally involves fewer harmful chemicals than cigarettes.
- **Step-down Approach**: Some find it easier to gradually reduce nicotine levels when vaping.
- **Less Odor**: Unlike smoking, vapor typically doesn’t linger with as strong a smell.

**Cons**:
- **Health Risks**: Vaping can still pose health risks, particularly if continued long-term.
- **Still Addictive**: It contains nicotine, which can maintain addiction.
- **Unknown Long-term Effects**: The long-lasting effects of vaping are not fully clear.

It's really about finding what's best for your lifestyle and goals. How do these considerations align with what you're aiming for in terms of your health and lifestyle changes?",721,82,Pros:,IMC,"The target utterance 'Pros:' seems incomplete as it doesn't provide a full thought or sentence. However, based on the context provided before this utterance, the counsellor was discussing the idea of weighing the pros and cons of vaping together with the client. Given this context, the utterance appears to be setting up a discussion or exploration of the advantages of vaping as an alternative to smoking, which would be part of providing information or guidance with the client's permission.",FI,"The counsellor's utterance is incomplete in the provided context, but based on the preceding conversation, it seems they are about to discuss the advantages of vaping as an alternative to smoking, which would be an example of providing information and exploring ambivalence."
8,67203fd3fe9e55e9ec82fc1f,counsellor,267,30,"Thinking about vaping involves weighing what might be gained against what remains challenging:

**Pros**:
- **Fewer Chemicals**: Vaping generally involves fewer harmful chemicals than cigarettes.
- **Step-down Approach**: Some find it easier to gradually reduce nicotine levels when vaping.
- **Less Odor**: Unlike smoking, vapor typically doesn’t linger with as strong a smell.

**Cons**:
- **Health Risks**: Vaping can still pose health risks, particularly if continued long-term.
- **Still Addictive**: It contains nicotine, which can maintain addiction.
- **Unknown Long-term Effects**: The long-lasting effects of vaping are not fully clear.

It's really about finding what's best for your lifestyle and goals. How do these considerations align with what you're aiming for in terms of your health and lifestyle changes?",722,83,Fewer Chemicals: Vaping generally involves fewer harmful chemicals than cigarettes.,IMC,"The counsellor's utterance provides information about vaping, comparing it to cigarettes in terms of harmful chemicals, which is a response to the client's consideration of switching to vaping. Given the context, the client has shown interest in vaping as an alternative, which can be considered implicit permission to discuss its pros and cons. Thus, this utterance falls under providing information with permission.",GI,"The counsellor's utterance provides factual information about vaping, which is a neutral and informative statement, aiming to educate the client about the differences between vaping and smoking. This type of statement is characteristic of the 'Giving Information' category."
8,67203fd3fe9e55e9ec82fc1f,counsellor,267,30,"Thinking about vaping involves weighing what might be gained against what remains challenging:

**Pros**:
- **Fewer Chemicals**: Vaping generally involves fewer harmful chemicals than cigarettes.
- **Step-down Approach**: Some find it easier to gradually reduce nicotine levels when vaping.
- **Less Odor**: Unlike smoking, vapor typically doesn’t linger with as strong a smell.

**Cons**:
- **Health Risks**: Vaping can still pose health risks, particularly if continued long-term.
- **Still Addictive**: It contains nicotine, which can maintain addiction.
- **Unknown Long-term Effects**: The long-lasting effects of vaping are not fully clear.

It's really about finding what's best for your lifestyle and goals. How do these considerations align with what you're aiming for in terms of your health and lifestyle changes?",723,84,Step-down Approach: Some find it easier to gradually reduce nicotine levels when vaping.,IMC,"The counsellor's utterance provides information about a step-down approach to vaping, which is a form of guidance. Given the context, where the client has expressed interest in vaping as an alternative to smoking and has agreed to discuss it further, implicit permission for guidance on this topic has been granted. The counsellor's response is informative and suggests a method for reducing nicotine levels, which aligns with the client's exploration of vaping. Following the Permission Chain of Thought, since the client has shown openness to discussing vaping and its alternatives, the counsellor's utterance falls under providing information with permission.",FI,"The counsellor's utterance provides information about a potential method for reducing nicotine levels, which is a neutral, informative statement. This type of statement is characteristic of the 'Giving Information' or 'Providing Information' category in MI, as it educates the client without directly influencing their decision or expressing a personal opinion."
8,67203fd3fe9e55e9ec82fc1f,counsellor,267,30,"Thinking about vaping involves weighing what might be gained against what remains challenging:

**Pros**:
- **Fewer Chemicals**: Vaping generally involves fewer harmful chemicals than cigarettes.
- **Step-down Approach**: Some find it easier to gradually reduce nicotine levels when vaping.
- **Less Odor**: Unlike smoking, vapor typically doesn’t linger with as strong a smell.

**Cons**:
- **Health Risks**: Vaping can still pose health risks, particularly if continued long-term.
- **Still Addictive**: It contains nicotine, which can maintain addiction.
- **Unknown Long-term Effects**: The long-lasting effects of vaping are not fully clear.

It's really about finding what's best for your lifestyle and goals. How do these considerations align with what you're aiming for in terms of your health and lifestyle changes?",724,85,"Less Odor: Unlike smoking, vapor typically doesn’t linger with as strong a smell.",IMC,"The counsellor's utterance provides information about the benefits of vaping (less odor) without the client's prior explicit permission to give advice or information on this specific aspect. However, the client had shown interest in vaping as an alternative, which can be considered implicit permission to discuss its pros and cons. Following the permission chain of thought, since the client expressed openness to exploring vaping, the counsellor's action of providing information falls under giving information with implicit permission.",FI,"The provided target utterance does not exist in the given session excerpt, however, based on the typical structure of an MI session, the utterance seems to provide information about the benefits of vaping, which could be part of a broader discussion on the pros and cons of vaping as an alternative to smoking. This would align with the counsellor's role in providing information and supporting the client's decision-making process."
8,67203fd3fe9e55e9ec82fc1f,counsellor,267,30,"Thinking about vaping involves weighing what might be gained against what remains challenging:

**Pros**:
- **Fewer Chemicals**: Vaping generally involves fewer harmful chemicals than cigarettes.
- **Step-down Approach**: Some find it easier to gradually reduce nicotine levels when vaping.
- **Less Odor**: Unlike smoking, vapor typically doesn’t linger with as strong a smell.

**Cons**:
- **Health Risks**: Vaping can still pose health risks, particularly if continued long-term.
- **Still Addictive**: It contains nicotine, which can maintain addiction.
- **Unknown Long-term Effects**: The long-lasting effects of vaping are not fully clear.

It's really about finding what's best for your lifestyle and goals. How do these considerations align with what you're aiming for in terms of your health and lifestyle changes?",725,86,Cons:,IMC,"The target utterance 'Cons:' is not present in the provided session transcript. However, based on the context, the counsellor's utterance 'Switching to vaping is a common consideration among those looking to quit smoking. It might reduce exposure to some harmful elements, but it’s important to approach it carefully, as vaping also carries its own risks and potential dependency. Would you like to weigh the pros and cons of vaping together, or discuss other alternatives that might work for you?' can be analyzed. The counsellor provides information and raises a concern about vaping, and then asks for the client's preference, which implies a request for permission to discuss further. Since the client responds with 'ok', it can be inferred that permission is granted. Therefore, the counsellor's utterance can be classified as providing information and raising a concern with permission.",FI,"The counsellor's utterance is not provided, however, based on the context of the conversation, the counsellor is likely to provide information about the cons of vaping. The correct label should be 'Information', as the counsellor is providing factual information about the potential risks of vaping."
8,67203fd3fe9e55e9ec82fc1f,counsellor,267,30,"Thinking about vaping involves weighing what might be gained against what remains challenging:

**Pros**:
- **Fewer Chemicals**: Vaping generally involves fewer harmful chemicals than cigarettes.
- **Step-down Approach**: Some find it easier to gradually reduce nicotine levels when vaping.
- **Less Odor**: Unlike smoking, vapor typically doesn’t linger with as strong a smell.

**Cons**:
- **Health Risks**: Vaping can still pose health risks, particularly if continued long-term.
- **Still Addictive**: It contains nicotine, which can maintain addiction.
- **Unknown Long-term Effects**: The long-lasting effects of vaping are not fully clear.

It's really about finding what's best for your lifestyle and goals. How do these considerations align with what you're aiming for in terms of your health and lifestyle changes?",726,87,"Health Risks: Vaping can still pose health risks, particularly if continued long-term.",IMC,"The counsellor's utterance provides information about the health risks associated with vaping, which is a form of giving information. Since the client has shown interest in exploring vaping as an alternative and agreed to discuss it ('ok'), this implies permission for the counsellor to provide relevant information. Thus, the utterance falls under the category of Imperative-MICO (IMC) as it provides information with the client's implicit permission.",FI,"The counsellor's utterance provides information about the potential health risks associated with vaping, which is a neutral, informative statement. This type of statement is characteristic of the 'Giving Information' or 'Educating' category, but since 'Giving Information' is not explicitly listed, it aligns more closely with the 'Informing' label, which is not provided. However, based on the given categories, it seems to fit best with 'Providing Information' or a similar intent, but since that's not an option, the closest match in the provided context would be 'Informing' if it were available. Given the options, it seems there might be a misunderstanding in the provided categories, but the intent here is to educate the client about the risks, which is a core part of the counselling process."
8,67203fd3fe9e55e9ec82fc1f,counsellor,267,30,"Thinking about vaping involves weighing what might be gained against what remains challenging:

**Pros**:
- **Fewer Chemicals**: Vaping generally involves fewer harmful chemicals than cigarettes.
- **Step-down Approach**: Some find it easier to gradually reduce nicotine levels when vaping.
- **Less Odor**: Unlike smoking, vapor typically doesn’t linger with as strong a smell.

**Cons**:
- **Health Risks**: Vaping can still pose health risks, particularly if continued long-term.
- **Still Addictive**: It contains nicotine, which can maintain addiction.
- **Unknown Long-term Effects**: The long-lasting effects of vaping are not fully clear.

It's really about finding what's best for your lifestyle and goals. How do these considerations align with what you're aiming for in terms of your health and lifestyle changes?",727,88,"Still Addictive: It contains nicotine, which can maintain addiction.",IMC,"The counsellor's utterance provides information about the risks associated with vaping, specifically that it contains nicotine which can maintain addiction. Given the context where the client has expressed interest in vaping as an alternative to smoking and the counsellor's prior engagement with this topic, it is reasonable to infer that the client has implicitly given permission for the counsellor to provide such information. Following the Permission Chain of Thought, since the client showed openness to discussing vaping and its implications, the counsellor's action of providing information falls under giving information with permission.",FA,"The provided target utterance does not match the session transcript, however, based on the content, the counsellor's utterance seems to be providing information about the risks associated with vaping, which aligns with the intent of informing or advising the client. "
8,67203fd3fe9e55e9ec82fc1f,counsellor,267,30,"Thinking about vaping involves weighing what might be gained against what remains challenging:

**Pros**:
- **Fewer Chemicals**: Vaping generally involves fewer harmful chemicals than cigarettes.
- **Step-down Approach**: Some find it easier to gradually reduce nicotine levels when vaping.
- **Less Odor**: Unlike smoking, vapor typically doesn’t linger with as strong a smell.

**Cons**:
- **Health Risks**: Vaping can still pose health risks, particularly if continued long-term.
- **Still Addictive**: It contains nicotine, which can maintain addiction.
- **Unknown Long-term Effects**: The long-lasting effects of vaping are not fully clear.

It's really about finding what's best for your lifestyle and goals. How do these considerations align with what you're aiming for in terms of your health and lifestyle changes?",728,89,Unknown Long-term Effects: The long-lasting effects of vaping are not fully clear.,IMC,"The counsellor's utterance provides information about the unknown long-term effects of vaping, which is a response to the client's consideration of vaping as an alternative to smoking. Since the client has shown interest in exploring vaping as an option and the counsellor is providing information in this context, it falls under giving information with the client's implicit permission. Thus, it is classified as Imperative-MICO (IMC).",FI,"The provided target utterance does not match the session transcript. However, based on the content, the utterance seems to provide information about the risks associated with vaping, which aligns with the counsellor's role in providing information and exploring options. The correct target utterance from the session transcript is: 'Switching to vaping is a common consideration among those looking to quit smoking. It might reduce exposure to some harmful elements, but it’s important to approach it carefully, as vaping also carries its own risks and potential dependency. Would you like to weigh the pros and cons of vaping together, or discuss other alternatives that might work for you?' This utterance provides information and invites the client to explore options, which is characteristic of the 'Information' and 'Question' categories, but primarily serves to facilitate client engagement and exploration, thus fitting the 'Follow' category by encouraging further discussion and consideration of the client's options."
8,67203fd3fe9e55e9ec82fc1f,counsellor,267,30,"Thinking about vaping involves weighing what might be gained against what remains challenging:

**Pros**:
- **Fewer Chemicals**: Vaping generally involves fewer harmful chemicals than cigarettes.
- **Step-down Approach**: Some find it easier to gradually reduce nicotine levels when vaping.
- **Less Odor**: Unlike smoking, vapor typically doesn’t linger with as strong a smell.

**Cons**:
- **Health Risks**: Vaping can still pose health risks, particularly if continued long-term.
- **Still Addictive**: It contains nicotine, which can maintain addiction.
- **Unknown Long-term Effects**: The long-lasting effects of vaping are not fully clear.

It's really about finding what's best for your lifestyle and goals. How do these considerations align with what you're aiming for in terms of your health and lifestyle changes?",729,90,It's really about finding what's best for your lifestyle and goals.,CRL,"The counsellor's utterance acknowledges and emphasizes the client's autonomy, encouraging them to consider their own lifestyle and goals, which aligns with the definition of Emphasize Control (EC), a behavioural code under the C-Reflective (CRL) category.",EC,"The counsellor's utterance emphasizes the client's autonomy and freedom of choice, highlighting the importance of finding an approach that suits the client's lifestyle and goals. This acknowledges and honours the client's control over their decisions."
8,67203fd3fe9e55e9ec82fc1f,counsellor,267,30,"Thinking about vaping involves weighing what might be gained against what remains challenging:

**Pros**:
- **Fewer Chemicals**: Vaping generally involves fewer harmful chemicals than cigarettes.
- **Step-down Approach**: Some find it easier to gradually reduce nicotine levels when vaping.
- **Less Odor**: Unlike smoking, vapor typically doesn’t linger with as strong a smell.

**Cons**:
- **Health Risks**: Vaping can still pose health risks, particularly if continued long-term.
- **Still Addictive**: It contains nicotine, which can maintain addiction.
- **Unknown Long-term Effects**: The long-lasting effects of vaping are not fully clear.

It's really about finding what's best for your lifestyle and goals. How do these considerations align with what you're aiming for in terms of your health and lifestyle changes?",730,91,How do these considerations align with what you're aiming for in terms of your health and lifestyle changes?,Q,"The counsellor's utterance is an open question that encourages the client to reflect on their goals and aspirations, making it a question that gathers information and understands the client's story.",OQ,"The question cannot be answered with a simple 'yes' or 'no' and requires an elaboration or explanation of the client's goals and aspirations, making it an open-ended inquiry. The structure of the question demands a narrative response that explores the client's thoughts and feelings about their health and lifestyle changes."
8,67203fd3fe9e55e9ec82fc1f,client,268,31,maybe i can switch to vape then start reducing?,731,92,maybe i can switch to vape then start reducing?,C,"The client is exploring an alternative to smoking and considering a step-wise approach to reduction, which indicates a desire to change their behavior and find a pathway towards quitting or reducing their nicotine intake.",AC+,"The client is exploring an alternative to smoking and considering a step-down approach by switching to vaping first, then reducing, which indicates a leaning towards action and exploring alternatives to the target behaviour."
8,67203fd3fe9e55e9ec82fc1f,counsellor,269,32,"Switching to vaping with the intent to gradually reduce nicotine intake could serve as a transitional tool. It sounds like a plan that feels manageable for you and aligns with your desire to gradually ease off smoking. 

As you think about this approach, remember to regularly check in with yourself on how you feel and if it’s moving you toward your ultimate goal. Staying mindful of your progress and the impact on your health can guide your journey.

Are there any particular questions or concerns you have about going forward with this plan?",732,93,Switching to vaping with the intent to gradually reduce nicotine intake could serve as a transitional tool.,IMC,"The counsellor's utterance provides guidance and suggests a possible approach (switching to vaping as a transitional tool to reduce nicotine intake) after the client has expressed interest in vaping and reducing nicotine levels. Given the context, the client has shown openness to discussing alternatives and weighing the pros and cons of vaping, which implies permission for the counsellor to offer suggestions or guidance on the matter. Thus, this falls under providing advice or suggestions with the client's implicit permission.",EC,"The counsellor's utterance provides a neutral and informative perspective on the client's consideration of switching to vaping as a means to reduce nicotine intake, framing it as a potential transitional tool without pushing a specific agenda, which aligns with the principles of exploring and supporting the client's own motivations and plans."
8,67203fd3fe9e55e9ec82fc1f,counsellor,269,32,"Switching to vaping with the intent to gradually reduce nicotine intake could serve as a transitional tool. It sounds like a plan that feels manageable for you and aligns with your desire to gradually ease off smoking. 

As you think about this approach, remember to regularly check in with yourself on how you feel and if it’s moving you toward your ultimate goal. Staying mindful of your progress and the impact on your health can guide your journey.

Are there any particular questions or concerns you have about going forward with this plan?",733,94,It sounds like a plan that feels manageable for you and aligns with your desire to gradually ease off smoking.,CRL,"The counsellor's utterance acknowledges and supports the client's consideration of switching to vaping as a step towards reducing smoking, affirming the client's perspective and plan. This aligns with the definition of Affirm (AF) under C-Reflective (CRL) codes, as it communicates something positive about the client's approach and efforts.",AF,"The counsellor's utterance acknowledges and supports the client's consideration of switching to vaping as a step towards reducing smoking, emphasizing the client's autonomy and control over their choices. This response affirms the client's plan and aligns with their goals, which is characteristic of affirming the client's strengths or efforts."
8,67203fd3fe9e55e9ec82fc1f,counsellor,269,32,"Switching to vaping with the intent to gradually reduce nicotine intake could serve as a transitional tool. It sounds like a plan that feels manageable for you and aligns with your desire to gradually ease off smoking. 

As you think about this approach, remember to regularly check in with yourself on how you feel and if it’s moving you toward your ultimate goal. Staying mindful of your progress and the impact on your health can guide your journey.

Are there any particular questions or concerns you have about going forward with this plan?",734,95,"As you think about this approach, remember to regularly check in with yourself on how you feel and if it’s moving you toward your ultimate goal.",CRL,"The counsellor's utterance is classified as CRL because it emphasizes the client's autonomy and control over their decision-making process, encouraging self-reflection and alignment with their goals, which is an example of Emphasize Control (EC).",EC,"The counsellor's utterance encourages the client to reflect on their progress and feelings, emphasizing the importance of self-monitoring and alignment with their goals, which acknowledges and supports the client's autonomy and decision-making process. This aligns with emphasizing the client's control over their actions and decisions."
8,67203fd3fe9e55e9ec82fc1f,counsellor,269,32,"Switching to vaping with the intent to gradually reduce nicotine intake could serve as a transitional tool. It sounds like a plan that feels manageable for you and aligns with your desire to gradually ease off smoking. 

As you think about this approach, remember to regularly check in with yourself on how you feel and if it’s moving you toward your ultimate goal. Staying mindful of your progress and the impact on your health can guide your journey.

Are there any particular questions or concerns you have about going forward with this plan?",735,96,Staying mindful of your progress and the impact on your health can guide your journey.,CRL,"The counsellor's utterance acknowledges the client's consideration and progress, emphasizing the importance of being mindful of their journey, which can be seen as affirming the client's perspective and efforts, thus engaging with the client's autonomy and self-efficacy.",EC,"The counsellor's utterance encourages the client to be aware of their progress and its effects on their health, which can be seen as supportive and emphasizing the client's autonomy in making decisions about their health journey. However, it more directly aligns with acknowledging and honouring the client's autonomy and freedom of choice by emphasizing their role in guiding their journey."
8,67203fd3fe9e55e9ec82fc1f,counsellor,269,32,"Switching to vaping with the intent to gradually reduce nicotine intake could serve as a transitional tool. It sounds like a plan that feels manageable for you and aligns with your desire to gradually ease off smoking. 

As you think about this approach, remember to regularly check in with yourself on how you feel and if it’s moving you toward your ultimate goal. Staying mindful of your progress and the impact on your health can guide your journey.

Are there any particular questions or concerns you have about going forward with this plan?",736,97,Are there any particular questions or concerns you have about going forward with this plan?,Q,"The counsellor's utterance is an open-ended question that invites the client to express their thoughts, questions, or concerns about the plan, which aligns with the definition of an Open Question (OQ) as it requires an elaboration or descriptive narrative beyond a binary response.",CQ,"The utterance 'Are there any particular questions or concerns you have about going forward with this plan?' is classified as a Closed Question (CQ) because, despite inviting elaboration, it can be grammatically interpreted to permit a yes/no response, such as 'yes, I have questions' or 'no, I don't have concerns'."
8,67203fd3fe9e55e9ec82fc1f,client,270,33,no,737,98,no,N,"The client's utterance 'no' does not clearly express a stance toward changing or maintaining the target behavior, nor does it provide any additional context or information about their intentions or feelings regarding the proposed plan, thus it does not fit into Change Talk or Sustain Talk categories. It seems more like a response that doesn't support or oppose change directly, or it could be a response to a question not provided in the excerpt.",N,"The client's utterance 'no' does not clearly support or oppose change, as it is not explicitly related to their intentions or feelings about quitting smoking or switching to vaping. It seems out of context or possibly a response to a question not provided in the excerpt."
8,67203fd3fe9e55e9ec82fc1f,counsellor,271,34,"Thank you for our conversation today. Let’s recap what we’ve talked about. You're motivated to quit smoking for your health and your kids, understanding the impact smoking could have on your presence in their lives. You currently smoke five times a day and are facing the challenge of cravings, particularly when you try to stop. We've explored small steps, such as reducing smoking gradually and developing a new routine, while also weighing the possibility of transitioning to vaping as a step-down approach. You're focused on creating meaningful changes, aiming for a healthier lifestyle, and the pride of your kids. If there's anything further you'd like to expand on next time, feel free to bring it up. You've made significant reflections today, and I look forward to hearing more about your progress.

Would you like to continue the conversation?",738,99,Thank you for our conversation today.,O,"The counsellor's final utterance, 'Thank you for our conversation today,' serves as a structural or facilitative statement that does not engage in MI techniques. It is a polite expression of appreciation for the client's time and participation in the session, which falls under the category of a filler or facilitative comment.",FI,"The counsellor's final utterance is a polite expression of appreciation, which serves as a pleasantry to conclude the session. This type of utterance does not facilitate discussion, provide structure, or offer any substantial information related to the client's goals or treatment plan."
8,67203fd3fe9e55e9ec82fc1f,counsellor,271,34,"Thank you for our conversation today. Let’s recap what we’ve talked about. You're motivated to quit smoking for your health and your kids, understanding the impact smoking could have on your presence in their lives. You currently smoke five times a day and are facing the challenge of cravings, particularly when you try to stop. We've explored small steps, such as reducing smoking gradually and developing a new routine, while also weighing the possibility of transitioning to vaping as a step-down approach. You're focused on creating meaningful changes, aiming for a healthier lifestyle, and the pride of your kids. If there's anything further you'd like to expand on next time, feel free to bring it up. You've made significant reflections today, and I look forward to hearing more about your progress.

Would you like to continue the conversation?",739,100,Let’s recap what we’ve talked about.,O,"The counsellor's utterance 'Let’s recap what we’ve talked about' functions as a structural or facilitative statement, aiming to summarize or review the discussion, which aligns with the 'Structure (ST)' code under the 'Other/Neutral (O)' category.",ST,"The counsellor's utterance functions to provide a summary of the discussion, which can help the client understand the course of treatment or session format, thus giving information about what will happen directly to the client. However, the provided target utterance 'Let’s recap what we’ve talked about' does not exist in the given session transcript. Based on the actual last utterance 'Are there any particular questions or concerns you have about going forward with this plan?', it seems more aligned with facilitating the client's thought process but since the exact target utterance is not found, the analysis is based on the assumption that the target utterance is about summarizing or guiding the session, which would typically be categorized under Structure (ST)."
8,67203fd3fe9e55e9ec82fc1f,counsellor,271,34,"Thank you for our conversation today. Let’s recap what we’ve talked about. You're motivated to quit smoking for your health and your kids, understanding the impact smoking could have on your presence in their lives. You currently smoke five times a day and are facing the challenge of cravings, particularly when you try to stop. We've explored small steps, such as reducing smoking gradually and developing a new routine, while also weighing the possibility of transitioning to vaping as a step-down approach. You're focused on creating meaningful changes, aiming for a healthier lifestyle, and the pride of your kids. If there's anything further you'd like to expand on next time, feel free to bring it up. You've made significant reflections today, and I look forward to hearing more about your progress.

Would you like to continue the conversation?",740,101,"You're motivated to quit smoking for your health and your kids, understanding the impact smoking could have on your presence in their lives.",CRL,"The counsellor's utterance acknowledges and affirms the client's motivations and concerns, which is a characteristic of deeply engaging with the client's perspective. This aligns with the definition of a Complex Reflection (CR) under the C-Reflective (CRL) category, as it conveys a deeper understanding of the client's statement by highlighting their personal motivations.",AF,"The counsellor's utterance acknowledges and highlights the client's motivations and values, which is a key aspect of affirming the client's strengths and efforts. However, the target utterance provided does not match the session transcript, suggesting an error in the provided context. Given the typical function of such a statement, it would usually be categorized as affirming the client's motivations and values."
8,67203fd3fe9e55e9ec82fc1f,counsellor,271,34,"Thank you for our conversation today. Let’s recap what we’ve talked about. You're motivated to quit smoking for your health and your kids, understanding the impact smoking could have on your presence in their lives. You currently smoke five times a day and are facing the challenge of cravings, particularly when you try to stop. We've explored small steps, such as reducing smoking gradually and developing a new routine, while also weighing the possibility of transitioning to vaping as a step-down approach. You're focused on creating meaningful changes, aiming for a healthier lifestyle, and the pride of your kids. If there's anything further you'd like to expand on next time, feel free to bring it up. You've made significant reflections today, and I look forward to hearing more about your progress.

Would you like to continue the conversation?",741,102,"You currently smoke five times a day and are facing the challenge of cravings, particularly when you try to stop.",Q,"The target utterance is not present in the provided session transcript. However, based on the given context, if we were to analyze the last counsellor utterance in the transcript: 'Are there any particular questions or concerns you have about going forward with this plan?', it would be classified as an Open Question (OQ) because it structurally requires an elaboration or explanation from the client. ",CQ,"This utterance is not present in the provided session excerpt, so I will analyze the last counsellor utterance instead: 'Are there any particular questions or concerns you have about going forward with this plan?' This is a closed question because it can be answered with a 'yes' or 'no', even though it invites elaboration."
8,67203fd3fe9e55e9ec82fc1f,counsellor,271,34,"Thank you for our conversation today. Let’s recap what we’ve talked about. You're motivated to quit smoking for your health and your kids, understanding the impact smoking could have on your presence in their lives. You currently smoke five times a day and are facing the challenge of cravings, particularly when you try to stop. We've explored small steps, such as reducing smoking gradually and developing a new routine, while also weighing the possibility of transitioning to vaping as a step-down approach. You're focused on creating meaningful changes, aiming for a healthier lifestyle, and the pride of your kids. If there's anything further you'd like to expand on next time, feel free to bring it up. You've made significant reflections today, and I look forward to hearing more about your progress.

Would you like to continue the conversation?",742,103,"We've explored small steps, such as reducing smoking gradually and developing a new routine, while also weighing the possibility of transitioning to vaping as a step-down approach.",SRL,"The counsellor's utterance is a summary of the discussion, weighing the pros and cons of vaping as a step-down approach and reflecting on the client's consideration of switching to vape and then reducing. This summary does not add new information or advice but rather mirrors the client's statements and the discussion's content without adding significant new insight, making it a simple reflection of the client's perspective and the session's content.",SR,"The counsellor's utterance is a summary of the client's considerations and plans, reflecting back the key points discussed, such as reducing smoking gradually and potentially transitioning to vaping, which serves as a simple reflection of the client's thoughts and intentions."
8,67203fd3fe9e55e9ec82fc1f,counsellor,271,34,"Thank you for our conversation today. Let’s recap what we’ve talked about. You're motivated to quit smoking for your health and your kids, understanding the impact smoking could have on your presence in their lives. You currently smoke five times a day and are facing the challenge of cravings, particularly when you try to stop. We've explored small steps, such as reducing smoking gradually and developing a new routine, while also weighing the possibility of transitioning to vaping as a step-down approach. You're focused on creating meaningful changes, aiming for a healthier lifestyle, and the pride of your kids. If there's anything further you'd like to expand on next time, feel free to bring it up. You've made significant reflections today, and I look forward to hearing more about your progress.

Would you like to continue the conversation?",743,104,"You're focused on creating meaningful changes, aiming for a healthier lifestyle, and the pride of your kids.",CRL,"The counsellor's utterance acknowledges and affirms the client's motivations and goals, which is a characteristic of a reflective listening statement that adds significant meaning or emphasis to what the client said, conveying a deeper or richer picture of the client's statement. This aligns with the Complex Reflection (CR) code under the C-Reflective (CRL) category.",AF,"The counsellor's utterance acknowledges and highlights the client's motivations and strengths, specifically their focus on creating meaningful changes and desire for a healthier lifestyle, which is a positive aspect of the client's efforts and intentions. This utterance is not present in the provided transcript, but based on the description, it would be categorized as affirming the client's positive aspects."
8,67203fd3fe9e55e9ec82fc1f,counsellor,271,34,"Thank you for our conversation today. Let’s recap what we’ve talked about. You're motivated to quit smoking for your health and your kids, understanding the impact smoking could have on your presence in their lives. You currently smoke five times a day and are facing the challenge of cravings, particularly when you try to stop. We've explored small steps, such as reducing smoking gradually and developing a new routine, while also weighing the possibility of transitioning to vaping as a step-down approach. You're focused on creating meaningful changes, aiming for a healthier lifestyle, and the pride of your kids. If there's anything further you'd like to expand on next time, feel free to bring it up. You've made significant reflections today, and I look forward to hearing more about your progress.

Would you like to continue the conversation?",744,105,"If there's anything further you'd like to expand on next time, feel free to bring it up.",O,"The counsellor's utterance is a structural or facilitative statement that does not engage in MI techniques, as it is making a transition and providing information about what will happen in subsequent sessions, thus serving as a neutral or facilitative comment.",ST,"The counsellor's utterance provides information about what will happen in subsequent sessions, implying an open invitation for the client to discuss any topic they wish to explore further in the next meeting. This functions as a structural element, setting expectations for future sessions."
8,67203fd3fe9e55e9ec82fc1f,counsellor,271,34,"Thank you for our conversation today. Let’s recap what we’ve talked about. You're motivated to quit smoking for your health and your kids, understanding the impact smoking could have on your presence in their lives. You currently smoke five times a day and are facing the challenge of cravings, particularly when you try to stop. We've explored small steps, such as reducing smoking gradually and developing a new routine, while also weighing the possibility of transitioning to vaping as a step-down approach. You're focused on creating meaningful changes, aiming for a healthier lifestyle, and the pride of your kids. If there's anything further you'd like to expand on next time, feel free to bring it up. You've made significant reflections today, and I look forward to hearing more about your progress.

Would you like to continue the conversation?",745,106,"You've made significant reflections today, and I look forward to hearing more about your progress.",CRL,"The counsellor's utterance is a positive affirmation of the client's reflections and progress, which aligns with the definition of an Affirm (AF) code under the C-Reflective (CRL) category. It communicates something positive about the client's efforts and strengths.",AF,"The counsellor's utterance acknowledges the client's efforts and progress, expressing a positive and encouraging sentiment, which aligns with the function of affirming the client's strengths or efforts."
8,67203fd3fe9e55e9ec82fc1f,counsellor,271,34,"Thank you for our conversation today. Let’s recap what we’ve talked about. You're motivated to quit smoking for your health and your kids, understanding the impact smoking could have on your presence in their lives. You currently smoke five times a day and are facing the challenge of cravings, particularly when you try to stop. We've explored small steps, such as reducing smoking gradually and developing a new routine, while also weighing the possibility of transitioning to vaping as a step-down approach. You're focused on creating meaningful changes, aiming for a healthier lifestyle, and the pride of your kids. If there's anything further you'd like to expand on next time, feel free to bring it up. You've made significant reflections today, and I look forward to hearing more about your progress.

Would you like to continue the conversation?",746,107,Would you like to continue the conversation?,Q,"The counsellor's utterance 'Would you like to continue the conversation?' is a question that seeks the client's preference or decision on whether to proceed with the conversation, which can be classified as an open question as it requires more than a yes or no answer to understand the client's thoughts or feelings about continuing the conversation.",CQ,"The utterance 'Would you like to continue the conversation?' can be answered with a 'yes' or 'no', making it a closed question as it implicitly presents a binary choice."
8,67203fd3fe9e55e9ec82fc1f,client,272,35,No,747,108,No,N,"The client's utterance 'no' is a response to the counsellor's question about having any particular questions or concerns, and it does not express a stance toward changing or maintaining the target behavior, thus it is neutral.",N,"The client's utterance 'no' does not clearly support or oppose change, as it is a response to the counsellor's question about having any particular questions or concerns, rather than expressing a desire or intention related to their smoking habits."
9,59cb95053306be000195be2e,counsellor,273,0,Hello! It's great to meet you. How are you doing today?,748,0,Hello!,O,"The counsellor's utterance is a greeting, which is a pleasantry and does not engage in MI techniques.",FI,"The counsellor's utterance is a greeting, which serves as a pleasantry to initiate or start the session."
9,59cb95053306be000195be2e,counsellor,273,0,Hello! It's great to meet you. How are you doing today?,749,1,It's great to meet you.,O,"The counsellor's utterance is a pleasantry, which functions as a greeting and does not engage in MI techniques.",FI,"The counsellor's utterance is a pleasantry, which serves as a social greeting and does not directly contribute to the progression of the counselling session."
9,59cb95053306be000195be2e,counsellor,273,0,Hello! It's great to meet you. How are you doing today?,750,2,How are you doing today?,Q,"The counsellor's utterance is an open-ended question that seeks to understand the client's current state or feelings, which aligns with the function of gathering information or eliciting the client's story.",OQ,"The utterance 'How are you doing today?' cannot be answered with a simple 'yes' or 'no' and requires an elaboration or descriptive response, making it an open-ended inquiry."
9,59cb95053306be000195be2e,client,274,1,good,751,3,good,N,"The client's utterance 'good' is a brief and neutral response that does not express a stance toward changing or maintaining any behavior, making it a neutral statement.",N,"The client's utterance 'good' does not clearly support or oppose change, as it is a brief and neutral response to a greeting."
9,59cb95053306be000195be2e,counsellor,275,2,I'm glad to hear that. How has your week been so far? Anything on your mind that you'd like to talk about today?,752,4,I'm glad to hear that.,CRL,"The counsellor's utterance is a supportive comment that acknowledges the client's positive response, which aligns with the definition of a Support (SU) code under the C-Reflective (CRL) category.",AF,"The counsellor's utterance is a positive response to the client's statement, showing appreciation and acknowledgement of their current state, which aligns with expressing something positive about the client's situation."
9,59cb95053306be000195be2e,counsellor,275,2,I'm glad to hear that. How has your week been so far? Anything on your mind that you'd like to talk about today?,753,5,How has your week been so far?,Q,"The counsellor's utterance is an open-ended question that encourages the client to share their experiences and feelings, which is a characteristic of a question that gathers information and understands the client's story.",OQ,"The question 'How has your week been so far?' cannot be answered with a simple 'yes' or 'no' and requires an elaboration or descriptive narrative, making it an open question."
9,59cb95053306be000195be2e,counsellor,275,2,I'm glad to hear that. How has your week been so far? Anything on your mind that you'd like to talk about today?,754,6,Anything on your mind that you'd like to talk about today?,Q,"The counsellor's utterance is an open-ended question that encourages the client to share their thoughts or concerns, which aligns with the definition of an Open Question (OQ) in the Question (Q) category.",OQ,"The utterance 'Anything on your mind that you'd like to talk about today?' cannot be answered with a simple 'yes' or 'no' as it structurally requires an elaboration or descriptive narrative about what is on the client's mind, thus fitting the criteria for an open question."
9,59cb95053306be000195be2e,client,276,3,not really,755,7,not really,N,"The client's utterance 'not really' does not express a clear stance toward changing or maintaining a target behavior, and instead seems to be a response to the counsellor's question about whether there's anything on their mind, indicating a lack of specific concerns to discuss.",N,"The client's utterance 'not really' does not clearly support or oppose change, as it is a response to the counsellor's open-ended question and does not express a specific motivation or intention for change."
9,59cb95053306be000195be2e,counsellor,277,4,"That's perfectly fine. We can take things at your pace. If anything comes to mind, feel free to share. Since we're here, maybe we could talk a bit about your smoking habit. How do you feel about it these days?",756,8,That's perfectly fine.,CRL,"The counsellor's utterance 'That's perfectly fine' is a supportive comment that acknowledges and accepts the client's response without judgment, which aligns with the definition of a supportive statement.",SU,"The counsellor's utterance 'That's perfectly fine' is a sympathetic and understanding comment, acknowledging the client's response without pressure, which aligns with the Support category. It conveys acceptance and agreement with the client's current state of mind."
9,59cb95053306be000195be2e,counsellor,277,4,"That's perfectly fine. We can take things at your pace. If anything comes to mind, feel free to share. Since we're here, maybe we could talk a bit about your smoking habit. How do you feel about it these days?",757,9,We can take things at your pace.,CRL,"The utterance 'We can take things at your pace' acknowledges and honours the client's autonomy, emphasizing their control over the session's progress. This aligns with the definition of Emphasize Control (EC), a behavioural code under the C-Reflective (CRL) category.",EC,"The counsellor's utterance acknowledges and respects the client's autonomy, indicating that the client is in control of the session's progress and pace. This emphasizes the client's freedom of choice and control over the conversation."
9,59cb95053306be000195be2e,counsellor,277,4,"That's perfectly fine. We can take things at your pace. If anything comes to mind, feel free to share. Since we're here, maybe we could talk a bit about your smoking habit. How do you feel about it these days?",758,10,"If anything comes to mind, feel free to share.",O,"The counsellor's utterance is an open invitation for the client to share their thoughts or feelings, which can be seen as a facilitative or structural element in the conversation, encouraging the client to open up without directing the conversation towards a specific topic. This aligns with the 'Facilitate' code under the 'Other/Neutral' category, as it functions as a 'keep-going' acknowledgement, albeit in a more explicit form.",FA,"The counsellor's utterance invites the client to share their thoughts or feelings as they arise, serving as an open-ended encouragement to continue the conversation. This functions as a 'keep-going' acknowledgement, prompting the client to reflect and potentially disclose more information."
9,59cb95053306be000195be2e,counsellor,277,4,"That's perfectly fine. We can take things at your pace. If anything comes to mind, feel free to share. Since we're here, maybe we could talk a bit about your smoking habit. How do you feel about it these days?",759,11,"Since we're here, maybe we could talk a bit about your smoking habit.",IMI,"The counsellor's utterance suggests discussing the client's smoking habit without receiving explicit permission from the client. Given the context, the client has not expressed any interest or openness about discussing their smoking habit. The counsellor's statement can be seen as directing the conversation towards a specific topic without the client's prior agreement or invitation. Following the Permission Chain of Thought, since there's no evidence of the client giving permission—either explicitly or implicitly—and the counsellor hasn't sought permission, the utterance falls under providing direction without permission.",RCW,"The counsellor's utterance introduces a topic (smoking habit) without the client's explicit permission or initiation, which aligns with raising a concern or suggesting a discussion topic without prior consent."
9,59cb95053306be000195be2e,counsellor,277,4,"That's perfectly fine. We can take things at your pace. If anything comes to mind, feel free to share. Since we're here, maybe we could talk a bit about your smoking habit. How do you feel about it these days?",760,12,How do you feel about it these days?,Q,"The counsellor's utterance is an open-ended question that encourages the client to share their feelings, which falls under the category of gathering information or understanding the client's story.",OQ,"The utterance 'How do you feel about it these days?' is classified as an Open Question (OQ) because it structurally requires an elaboration or descriptive narrative about the client's feelings, which cannot be answered with a simple 'yes' or 'no'."
9,59cb95053306be000195be2e,client,278,5,i think it will be hard for me to stop,761,13,i think it will be hard for me to stop,S,"The client expresses pessimism about their ability to change, which is a characteristic of Sustain Talk, as it implies a challenge or barrier to quitting smoking.",AB-,"The client expresses pessimism about their ability to change their smoking habit, indicating a lack of confidence in quitting."
9,59cb95053306be000195be2e,counsellor,279,6,It sounds like you're feeling that quitting might be a challenging journey. Sometimes it can feel tough to even think about changes like that. What are some of the things that make smoking feel hard to give up for you?,762,14,It sounds like you're feeling that quitting might be a challenging journey.,CRL,"The counsellor's utterance is a reflective listening statement that adds significant meaning to the client's concern about quitting smoking, conveying a deeper understanding of the client's perspective by acknowledging the challenge they anticipate.",CR,"The counsellor's utterance acknowledges and reflects the client's concern about the difficulty of quitting smoking, conveying a deeper understanding of the client's feelings without adding a significantly new meaning or perspective. This is an example of reflective listening that stays close to the client's original statement."
9,59cb95053306be000195be2e,counsellor,279,6,It sounds like you're feeling that quitting might be a challenging journey. Sometimes it can feel tough to even think about changes like that. What are some of the things that make smoking feel hard to give up for you?,763,15,Sometimes it can feel tough to even think about changes like that.,CRL,"The counsellor's utterance acknowledges the client's concern about the difficulty of stopping smoking, showing empathy and understanding. This is an example of a supportive comment that affirms the client's perspective, which aligns with the C-Reflective (CRL) category, specifically the Support (SU) behavioural code.",SU,"The counsellor's utterance acknowledges the client's concern about the difficulty of stopping smoking, showing understanding and empathy towards their feelings. This response does not add new meaning, emphasize control, or reframe the client's experience but rather offers a supportive and compassionate comment."
9,59cb95053306be000195be2e,counsellor,279,6,It sounds like you're feeling that quitting might be a challenging journey. Sometimes it can feel tough to even think about changes like that. What are some of the things that make smoking feel hard to give up for you?,764,16,What are some of the things that make smoking feel hard to give up for you?,Q,"The counsellor's utterance is an open-ended question that encourages the client to elaborate on their thoughts and feelings about quitting smoking, thereby gathering more information and understanding the client's perspective.",OQ,"The question cannot be answered with a simple 'yes' or 'no' and requires the client to elaborate on their thoughts and feelings about quitting smoking, making it an open-ended inquiry."
9,59cb95053306be000195be2e,client,280,7,the withdrawal of nicotine and how the changes will affect me,765,17,the withdrawal of nicotine,S,"The client's utterance is not present in the provided transcript, however, based on the context of the conversation, if the client had said 'the withdrawal of nicotine', it would likely be expressing a challenge or reason related to quitting, which aligns with Sustain Talk as it implies a difficulty in changing the behavior. ",R-,"The client's utterance 'the withdrawal of nicotine' implies a reason or obstacle for quitting smoking, which aligns with expressing reasons for maintaining the target behaviour."
9,59cb95053306be000195be2e,client,280,7,the withdrawal of nicotine and how the changes will affect me,766,18,and how the changes will affect me,N,"The client's utterance does not clearly express a desire to change or maintain their smoking habit, but rather inquires about the potential effects of change, which can be seen as a neutral or exploratory statement.",N,"The client's utterance does not clearly express a desire to change or resist change, but rather inquires about the potential effects of change, which does not fit into a clear pro-change or anti-change stance, thus it does not clearly support or oppose change."
9,59cb95053306be000195be2e,counsellor,281,8,It seems like you're concerned about how the withdrawal might impact you and how things might change once you stop smoking. That can definitely weigh heavily on anyone's mind. Is there a particular aspect of those changes or challenges that stands out to you most?,767,19,It seems like you're concerned about how the withdrawal might impact you and how things might change once you stop smoking.,CRL,"The counsellor's utterance is a Complex Reflection (CR) because it adds significant meaning to the client's statement by highlighting their concerns and the potential impact of quitting smoking, thus conveying a deeper understanding of the client's perspective.",CR,"The counsellor's utterance is a reflective listening statement that adds depth to the client's concerns, conveying a richer picture of their worries about quitting smoking. This is characteristic of a Complex Reflection, as it not only repeats back what the client said but also interprets and expands on their feelings."
9,59cb95053306be000195be2e,counsellor,281,8,It seems like you're concerned about how the withdrawal might impact you and how things might change once you stop smoking. That can definitely weigh heavily on anyone's mind. Is there a particular aspect of those changes or challenges that stands out to you most?,768,20,That can definitely weigh heavily on anyone's mind.,CRL,"The counsellor's utterance acknowledges and validates the client's concerns, showing understanding and empathy. This is an example of a supportive comment, which falls under the category of C-Reflective (CRL) as it sympathizes with the client's perspective.",SU,"The counsellor's utterance acknowledges and validates the client's concerns, showing understanding and empathy towards their situation, which aligns with providing support. "
9,59cb95053306be000195be2e,counsellor,281,8,It seems like you're concerned about how the withdrawal might impact you and how things might change once you stop smoking. That can definitely weigh heavily on anyone's mind. Is there a particular aspect of those changes or challenges that stands out to you most?,769,21,Is there a particular aspect of those changes or challenges that stands out to you most?,Q,"The counsellor's utterance is an open-ended question that encourages the client to elaborate on their concerns and feelings about quitting smoking, which falls under the category of asking a question to gather information or understand the client's story.",CQ,"The utterance 'Is there a particular aspect of those changes or challenges that stands out to you most?' can be answered with a yes or no, even though it invites elaboration, because it begins with 'Is there', which is a grammatical construction that checks for existence or presence, fitting the criteria for a Closed Question."
9,59cb95053306be000195be2e,client,282,9,shakes,770,22,shakes,N,"The target utterance 'shakes' does not clearly express a stance toward changing or maintaining the target behavior of smoking, and it seems unrelated to the conversation about smoking habits. However, given the context of discussing challenges related to quitting smoking, 'shakes' could be interpreted as a reference to withdrawal symptoms, but without clear context, it's more appropriate to classify it as neutral due to lack of explicit support or opposition to change.",N,"The client's utterance 'shakes' does not clearly support or oppose change, as it lacks context and does not express a specific sentiment or intention regarding their smoking habit."
9,59cb95053306be000195be2e,counsellor,283,10,"The prospect of dealing with shakes, or any physical symptoms, can be really unsettling. It's understandable to have concerns about how your body might react. Along with these worries, have there been any moments when you found yourself thinking about the benefits of quitting?",771,23,"The prospect of dealing with shakes, or any physical symptoms, can be really unsettling.",CRL,"The counsellor's utterance acknowledges and reflects the client's concern about physical symptoms, specifically shakes, in a sympathetic manner. This response conveys understanding and validation of the client's feelings, which aligns with the definition of a supportive comment.",SU,"The counsellor's utterance acknowledges and validates the client's concern about physical symptoms, specifically the shakes, showing understanding and empathy towards the client's experience. This response does not add new meaning, emphasize control, or reframe the client's statement but rather offers a supportive and compassionate view."
9,59cb95053306be000195be2e,counsellor,283,10,"The prospect of dealing with shakes, or any physical symptoms, can be really unsettling. It's understandable to have concerns about how your body might react. Along with these worries, have there been any moments when you found yourself thinking about the benefits of quitting?",772,24,It's understandable to have concerns about how your body might react.,CRL,"The counsellor's utterance acknowledges and validates the client's concerns, which is a form of supportive and empathetic response. This aligns with the definition of Support (SU) under the C-Reflective (CRL) category, as it sympathizes with the client's perspective and shows understanding.",SU,"The counsellor's utterance acknowledges and validates the client's concerns, showing empathy and understanding for their worries about the physical effects of quitting smoking. This response is primarily sympathetic and compassionate."
9,59cb95053306be000195be2e,counsellor,283,10,"The prospect of dealing with shakes, or any physical symptoms, can be really unsettling. It's understandable to have concerns about how your body might react. Along with these worries, have there been any moments when you found yourself thinking about the benefits of quitting?",773,25,"Along with these worries, have there been any moments when you found yourself thinking about the benefits of quitting?",Q,"The counsellor's utterance is an open-ended question that encourages the client to explore their thoughts about the benefits of quitting, which helps to gather information and understand the client's perspective.",CQ,"The utterance 'Along with these worries, have there been any moments when you found yourself thinking about the benefits of quitting?' can be answered with a 'yes' or 'no', making it a closed question, despite its intent to explore the client's thoughts. The presence of 'have there been' followed by a subject and verb structure indicates a closed question."
9,59cb95053306be000195be2e,client,284,11,yes it will save me money and it is better for my health,774,26,yes it will save me money,C,"The client's utterance expresses a benefit of quitting, which aligns with reasons for changing the target behavior, specifically highlighting a positive outcome of quitting smoking.",R+,"The client's utterance 'yes it will save me money' provides a reason for changing the target behaviour, which is quitting smoking, by highlighting a financial benefit. This aligns with the 'Reasons' category as it gives a justification for why quitting might be advantageous."
9,59cb95053306be000195be2e,client,284,11,yes it will save me money and it is better for my health,775,27,and it is better for my health,C,"The client's utterance expresses a positive aspect of quitting, which is that it is better for their health, indicating a reason for change. This aligns with Change Talk, as it highlights a personal benefit of changing the target behavior.",R+,"The client's utterance highlights a positive aspect of quitting smoking, which is the improvement in their health. This statement aligns with providing reasons for changing the target behaviour."
9,59cb95053306be000195be2e,counsellor,285,12,The idea of saving money and knowing it's healthier for you are strong reasons to consider quitting. It seems like you're weighing the challenges against some positive outcomes. How do these benefits make you feel when you think about them?,776,28,The idea of saving money and knowing it's healthier for you are strong reasons to consider quitting.,CRL,"The counsellor's utterance acknowledges and reinforces the client's previously mentioned benefits of quitting, which are saving money and improved health. This can be seen as a form of affirmation, emphasizing the positive aspects the client has already recognized, thus engaging with and affirming the client's perspective.",AF,"The counsellor's utterance acknowledges and reinforces the client's stated benefits of quitting, which are saving money and improving health, thereby supporting the client's motivations. This functions as a form of affirmation, emphasizing the positive aspects the client has mentioned."
9,59cb95053306be000195be2e,counsellor,285,12,The idea of saving money and knowing it's healthier for you are strong reasons to consider quitting. It seems like you're weighing the challenges against some positive outcomes. How do these benefits make you feel when you think about them?,777,29,It seems like you're weighing the challenges against some positive outcomes.,CRL,"The counsellor's utterance acknowledges and reflects the client's concerns and positive outcomes, adding a deeper understanding of the client's perspective by highlighting the weighing of challenges against positive outcomes. This is an example of a Complex Reflection (CR), which is a part of the C-Reflective (CRL) category.",CR,"The counsellor's utterance acknowledges the client's consideration of both the difficulties and the benefits of quitting, which suggests a deeper understanding of the client's thought process and ambivalence. This adds significant meaning by highlighting the client's weighing of pros and cons."
9,59cb95053306be000195be2e,counsellor,285,12,The idea of saving money and knowing it's healthier for you are strong reasons to consider quitting. It seems like you're weighing the challenges against some positive outcomes. How do these benefits make you feel when you think about them?,778,30,How do these benefits make you feel when you think about them?,Q,"The counsellor's utterance is an open-ended question that encourages the client to elaborate on their feelings about the benefits of quitting, which helps to understand and explore the client's motivations and emotions.",OQ,"The question cannot be answered with a simple 'yes' or 'no' and requires the client to elaborate on their feelings, making it an open-ended inquiry. It structurally demands a descriptive or explanatory response beyond a binary choice."
9,59cb95053306be000195be2e,client,286,13,they would make me feel more positive about myself,779,31,they would make me feel more positive about myself,C,"The client's utterance expresses a positive emotional outcome from considering the benefits of quitting, which aligns with a desire to change and feel better about themselves.",O+,"The client's utterance suggests that the benefits of quitting would have a positive impact on their self-perception, which aligns with expressing a desire for change due to the positive outcomes it would bring. However, it more closely fits the category of expressing a positive feeling towards change, which is about recognizing the benefits and how they make one feel, rather than directly stating a desire, ability, or commitment to change."
9,59cb95053306be000195be2e,counsellor,287,14,Imagining those benefits seems to bring a sense of positivity and self-affirmation. Having that potential for positive change can be motivating. What would feeling more positive about yourself mean for you in your day-to-day life?,780,32,Imagining those benefits seems to bring a sense of positivity and self-affirmation.,CRL,"The counsellor's utterance is a complex reflection that adds depth to the client's statement, emphasizing the positive emotional impact of considering the benefits of quitting, thus engaging deeply with the client's perspective.",CR,"The counsellor's utterance is a Complex Reflection (CR) because it not only reflects the client's statement about feeling more positive but also adds depth by interpreting this feeling as 'a sense of positivity and self-affirmation', thus conveying a richer picture of the client's emotional state."
9,59cb95053306be000195be2e,counsellor,287,14,Imagining those benefits seems to bring a sense of positivity and self-affirmation. Having that potential for positive change can be motivating. What would feeling more positive about yourself mean for you in your day-to-day life?,781,33,Having that potential for positive change can be motivating.,CRL,"The counsellor's utterance acknowledges and emphasizes the client's potential for positive change, which can be seen as affirming the client's perspective and strengths. This aligns with the definition of Affirm (AF) under the C-Reflective (CRL) category, as it communicates something positive about the client's efforts or outlook.",AF,"The counsellor's utterance acknowledges and emphasizes the client's potential for positive change, which can motivate them to consider quitting, thus affirming the client's strengths and efforts. This statement is supportive and encouraging, highlighting the benefits of the client's actions."
9,59cb95053306be000195be2e,counsellor,287,14,Imagining those benefits seems to bring a sense of positivity and self-affirmation. Having that potential for positive change can be motivating. What would feeling more positive about yourself mean for you in your day-to-day life?,782,34,What would feeling more positive about yourself mean for you in your day-to-day life?,Q,"The counsellor's utterance is an open-ended question that encourages the client to elaborate on their thoughts and feelings, specifically on how feeling more positive about themselves would impact their daily life. This type of question is designed to gather more information and understand the client's perspective, which aligns with the definition of an Open Question (OQ).",OQ,"This question cannot be answered with a simple 'yes' or 'no' and requires the client to elaborate on what feeling more positive about themselves would mean in their daily life, thus structurally requiring an explanatory response."
9,59cb95053306be000195be2e,client,288,15,i think it would make me feel healthier,783,35,i think it would make me feel healthier,C,"The client's utterance implies a positive outcome of quitting, which aligns with expressing a reason for change, specifically a health benefit. This suggests the client is considering the advantages of changing their behavior.",R+,"The client's utterance implies a positive outcome of quitting, which is related to their health, and expresses a potential benefit of changing their behaviour, but it doesn't directly express desire, ability, or commitment to change. It's about the expected outcome of feeling healthier, which aligns with recognizing reasons for change."
9,59cb95053306be000195be2e,counsellor,289,16,"Feeling healthier could really have a great impact on your everyday life. It seems like it's not just about quitting smoking, but also about embracing a healthier lifestyle overall. Are there specific activities or aspects of life where you'd like to feel that boost in health?",784,36,Feeling healthier could really have a great impact on your everyday life.,CRL,"The counsellor's utterance reflects the client's statement about feeling healthier and adds a deeper meaning by suggesting it could have a great impact on their everyday life, which is an example of a complex reflection as it conveys a deeper or richer picture of the client's statement.",CR,"The counsellor's utterance emphasizes the potential positive impact of the client's desired outcome, which is a reflection that adds depth and meaning to the client's statement, highlighting the significance of feeling healthier. This is an example of a Complex Reflection as it conveys a deeper understanding of the client's perspective."
9,59cb95053306be000195be2e,counsellor,289,16,"Feeling healthier could really have a great impact on your everyday life. It seems like it's not just about quitting smoking, but also about embracing a healthier lifestyle overall. Are there specific activities or aspects of life where you'd like to feel that boost in health?",785,37,"It seems like it's not just about quitting smoking, but also about embracing a healthier lifestyle overall.",CRL,"The counsellor's utterance adds a deeper meaning to the client's statement by suggesting that quitting smoking is part of a broader goal of embracing a healthier lifestyle, which goes beyond the client's initial mention of saving money and health benefits. This reflects a complex reflection (CR) as it conveys a richer picture of the client's motivations and goals.",CR,"The counsellor's utterance suggests a broader perspective on the client's situation, implying that quitting smoking is part of a larger goal of adopting a healthier lifestyle, which adds a deeper meaning to the client's initial statement. This is characteristic of adding significant meaning or emphasis to what the client said."
9,59cb95053306be000195be2e,counsellor,289,16,"Feeling healthier could really have a great impact on your everyday life. It seems like it's not just about quitting smoking, but also about embracing a healthier lifestyle overall. Are there specific activities or aspects of life where you'd like to feel that boost in health?",786,38,Are there specific activities or aspects of life where you'd like to feel that boost in health?,Q,"The counsellor's utterance is an open-ended question that encourages the client to elaborate on their thoughts and feelings about the potential benefits of quitting, specifically in relation to feeling healthier. This question is designed to gather more information and understand the client's perspective, which aligns with the definition of an Open Question (OQ).",CQ,"The utterance 'Are there specific activities or aspects of life where you'd like to feel that boost in health?' can be answered with a yes or no, even though it invites elaboration, because it implicitly presents a binary choice about the existence of such activities or aspects. Therefore, it should be labeled as a Closed Question (CQ)."
9,59cb95053306be000195be2e,client,290,17,i get breathlessness a lot which is down to smoking,787,39,I get breathlessness a lot which is down to smoking.,C,"The client's utterance acknowledges a negative consequence of their smoking behavior, which can be seen as a reason for change, implying a desire to alleviate the breathlessness by potentially changing their behavior.",R+,"The client's utterance highlights a negative consequence of their current behaviour (smoking), which can be seen as a recognition of the problem and a potential motivator for change, but it doesn't directly express a desire, ability, reasons, need, commitment, activation, or taking steps towards change. However, it implies a reason for considering change due to the health issue it causes."
9,59cb95053306be000195be2e,counsellor,291,18,"Dealing with breathlessness can be tough, especially when you know it might be linked to smoking. Wanting to breathe easier and participate in activities without that struggle seems very important to you. How does this breathlessness affect your daily routine or the things you love to do?",788,40,"Dealing with breathlessness can be tough, especially when you know it might be linked to smoking.",CRL,"The counsellor's utterance acknowledges the client's struggle with breathlessness and its potential link to smoking, showing empathy and understanding. This response falls under Support (SU), a behavioural code within the C-Reflective (CRL) category, as it offers a sympathetic and compassionate comment that agrees with the client's experience.",SU,"The counsellor's utterance acknowledges the client's struggle with breathlessness and its connection to smoking, showing understanding and sympathy for the client's situation. This response is primarily empathetic, recognizing the client's experience without adding a deeper meaning or emphasizing control."
9,59cb95053306be000195be2e,counsellor,291,18,"Dealing with breathlessness can be tough, especially when you know it might be linked to smoking. Wanting to breathe easier and participate in activities without that struggle seems very important to you. How does this breathlessness affect your daily routine or the things you love to do?",789,41,Wanting to breathe easier and participate in activities without that struggle seems very important to you.,CRL,"The counsellor's utterance is a complex reflection that adds significant meaning to the client's statement, conveying a deeper understanding of the client's motivations and desires. It acknowledges the client's concerns about breathlessness and frames it as a desire for improved health and participation in activities, thus engaging deeply with the client's perspective.",CR,"The counsellor's utterance is a reflective listening statement that adds depth to the client's concern about breathlessness, highlighting the importance of easier breathing and participation in activities. This conveys a deeper understanding of the client's motivations and values."
9,59cb95053306be000195be2e,counsellor,291,18,"Dealing with breathlessness can be tough, especially when you know it might be linked to smoking. Wanting to breathe easier and participate in activities without that struggle seems very important to you. How does this breathlessness affect your daily routine or the things you love to do?",790,42,How does this breathlessness affect your daily routine or the things you love to do?,Q,"The counsellor's utterance is an open-ended question that seeks to understand the client's experience and how breathlessness impacts their daily life, encouraging the client to elaborate on their situation.",OQ,"The counsellor's utterance cannot be answered with a simple 'yes' or 'no' and requires the client to elaborate on how breathlessness impacts their daily life, making it an open-ended inquiry."
9,59cb95053306be000195be2e,client,292,19,i can't exercise for as long as id like to,791,43,i can't exercise for as long as id like to,C,"The client's utterance implies a negative consequence of their current behavior (smoking), which is limiting their ability to exercise as long as they would like, suggesting a reason for change. This reflects a desire for a different outcome, aligning with Change Talk.",R+,"The client's utterance implies a reason for changing their behaviour, specifically quitting smoking, as it currently limits their ability to exercise for as long as they would like. This statement provides a reason for change, which is a direct consequence of their current smoking habit."
9,59cb95053306be000195be2e,counsellor,293,20,"Feeling limited in your ability to exercise and enjoy it to the fullest can be really frustrating. Exercise might be an important part of your lifestyle or something you miss doing as much as you'd like. When you think about being able to exercise more freely, how does that vision look to you?",792,44,Feeling limited in your ability to exercise and enjoy it to the fullest can be really frustrating.,CRL,"The counsellor's utterance acknowledges and empathizes with the client's frustration about being limited in their ability to exercise, which aligns with the definition of a supportive comment that understands the client's experience and perspective.",SU,"The counsellor's utterance acknowledges and empathizes with the client's frustration, showing understanding of their emotional experience without adding a deeper meaning or emphasizing control. It primarily offers a sympathetic perspective, recognizing the client's feelings about their situation."
9,59cb95053306be000195be2e,counsellor,293,20,"Feeling limited in your ability to exercise and enjoy it to the fullest can be really frustrating. Exercise might be an important part of your lifestyle or something you miss doing as much as you'd like. When you think about being able to exercise more freely, how does that vision look to you?",793,45,Exercise might be an important part of your lifestyle or something you miss doing as much as you'd like.,CRL,"The counsellor's utterance reflects the client's perspective by highlighting the importance of exercise in their lifestyle and acknowledging their desire to do it more, which shows empathy and understanding. This aligns with the Complex Reflection (CR) code under C-Reflective (CRL) as it adds depth to the client's statement about not being able to exercise for as long as they'd like.",CR,"The counsellor's utterance acknowledges the client's desire to exercise longer and frames it as an important aspect of their lifestyle, reflecting back the client's feelings and concerns without adding a significantly new interpretation. It's more about highlighting the importance of exercise to the client rather than reframing or adding deep new meaning."
9,59cb95053306be000195be2e,counsellor,293,20,"Feeling limited in your ability to exercise and enjoy it to the fullest can be really frustrating. Exercise might be an important part of your lifestyle or something you miss doing as much as you'd like. When you think about being able to exercise more freely, how does that vision look to you?",794,46,"When you think about being able to exercise more freely, how does that vision look to you?",Q,"The counsellor's utterance is an open-ended question that encourages the client to elaborate on their vision of being able to exercise more freely, which helps to understand the client's motivations and goals.",OQ,"This question cannot be answered with a simple 'yes' or 'no' and requires the client to elaborate on their vision, making it an open-ended inquiry that seeks a descriptive response. The structure of the question demands an explanation or narrative about the client's vision of exercising more freely."
9,59cb95053306be000195be2e,client,294,21,the feeling i feel gives me inspiration but i don't think i will be able to do it,795,47,the feeling i feel gives me inspiration,C,"The client's utterance implies a positive emotional response to the idea of change, suggesting that the feeling they experience gives them inspiration, which can be interpreted as a desire or reason to change their behavior, in this case, quitting smoking to feel healthier and more capable of exercising.",D+,"The client's utterance 'the feeling i feel gives me inspiration' suggests that they are experiencing a positive emotional response, possibly related to the idea of changing their behavior, which is inspiring them to consider making a change. This aligns with expressing a desire or reason for change, but more closely fits the category of expressing a desire for change due to the inspirational aspect."
9,59cb95053306be000195be2e,client,294,21,the feeling i feel gives me inspiration but i don't think i will be able to do it,796,48,but i don't think i will be able to do it,S,"The client expresses pessimism about their ability to change, which aligns with sustain talk as it indicates a disbelief in their capacity to quit smoking or make the desired lifestyle changes.",AB-,"The client expresses pessimism about their ability to change, specifically quitting smoking and improving their health through exercise, indicating a lack of confidence in their capability to make the desired changes."
9,59cb95053306be000195be2e,counsellor,295,22,"The idea of exercising more freely and the inspiration it brings seems to spark something positive for you, yet it feels overshadowed by doubts about whether it's achievable. It's as though there's a part of you that's inspired and another that's unsure. What do you think makes that feeling of doubt stronger right now?",797,49,"The idea of exercising more freely and the inspiration it brings seems to spark something positive for you, yet it feels overshadowed by doubts about whether it's achievable.",CRL,"This utterance is a Complex Reflection (CR) because it not only reflects the client's feelings and thoughts but also adds depth by highlighting the contrast between the positive inspiration and the overshadowing doubts, thus conveying a richer picture of the client's emotional state.",CR,"This utterance is a Complex Reflection (CR) because it not only reflects the client's feelings and thoughts but also adds depth by highlighting the contrast between the positive inspiration and the overwhelming doubts, thus conveying a richer picture of the client's emotional state."
9,59cb95053306be000195be2e,counsellor,295,22,"The idea of exercising more freely and the inspiration it brings seems to spark something positive for you, yet it feels overshadowed by doubts about whether it's achievable. It's as though there's a part of you that's inspired and another that's unsure. What do you think makes that feeling of doubt stronger right now?",798,50,It's as though there's a part of you that's inspired and another that's unsure.,CRL,"The counsellor's utterance acknowledges and reflects the client's mixed feelings about their ability to exercise more freely, highlighting the contrast between inspiration and uncertainty. This reflection adds depth to the client's statement, conveying a nuanced understanding of their emotional state.",CR,"The counsellor's utterance acknowledges and reflects the client's mixed feelings, highlighting the contrast between inspiration and uncertainty, which adds depth to the client's emotional state. This reflection conveys a deeper understanding of the client's ambivalence."
9,59cb95053306be000195be2e,counsellor,295,22,"The idea of exercising more freely and the inspiration it brings seems to spark something positive for you, yet it feels overshadowed by doubts about whether it's achievable. It's as though there's a part of you that's inspired and another that's unsure. What do you think makes that feeling of doubt stronger right now?",799,51,What do you think makes that feeling of doubt stronger right now?,Q,"The counsellor's utterance is an open-ended question that seeks to understand the client's thoughts and feelings about their doubt, encouraging the client to elaborate on their perspective.",OQ,"The question cannot be answered with a simple 'yes' or 'no' and requires the client to elaborate on their thoughts and feelings, making it an open-ended inquiry. It structurally demands an explanation or descriptive narrative beyond a binary response."
9,59cb95053306be000195be2e,client,296,23,because i am focusing on the positive side of not smoking and how long ive smoked and think im not going to be able to acheive it,800,52,because i am focusing on the positive side of not smoking,C,"The client's utterance expresses a focus on the positive aspects of not smoking, which aligns with a stance toward changing the target behavior, specifically highlighting the benefits or reasons for change.",R+,"The client's utterance focuses on the positive aspects of not smoking, which implies they are considering the benefits of changing their behaviour, thus expressing reasons for change."
9,59cb95053306be000195be2e,client,296,23,because i am focusing on the positive side of not smoking and how long ive smoked and think im not going to be able to acheive it,801,53,and how long ive smoked,N,"The client's utterance 'and how long ive smoked' does not clearly express a stance toward changing or maintaining the target behavior, but rather seems to introduce a factor (duration of smoking) that could influence their situation without explicitly linking it to a desire or intention to change or sustain their behavior.",N,"The client's utterance 'and how long ive smoked' does not clearly express a desire to change or resist change, it seems more like an acknowledgment or a statement of fact without a clear direction towards or away from change. "
9,59cb95053306be000195be2e,client,296,23,because i am focusing on the positive side of not smoking and how long ive smoked and think im not going to be able to acheive it,802,54,and think im not going to be able to achieve it,S,"The client expresses pessimism about their ability to change, specifically stating they don't think they will be able to achieve their goal, which aligns with sustain talk as it reflects a stance toward maintaining the status quo due to doubts about changing.",AB-,"The client expresses pessimism about their ability to achieve a specific goal, which is exercising more freely without the limitation of breathlessness caused by smoking. This aligns with expressing doubts about one's capability to change or accomplish something."
9,59cb95053306be000195be2e,counsellor,297,24,It sounds like the contrast between your hopes for the positive outcomes and the reality of how long you've smoked is creating a sense of doubt. It's like wanting to embrace those positive changes while also feeling weighed down by the past. What do you think might help you bridge that gap between where you are now and where you want to be?,803,55,It sounds like the contrast between your hopes for the positive outcomes and the reality of how long you've smoked is creating a sense of doubt.,CRL,"The counsellor's utterance is a complex reflection that acknowledges the client's feelings of doubt and the contrast between their hopes and the reality of their situation, adding depth to the client's statement by highlighting the source of their doubt.",CR,"The counsellor's utterance acknowledges and clarifies the client's feelings of doubt by highlighting the contrast between their hopes and the reality of their situation, which adds depth to the client's statement without changing its emotional valence. This is characteristic of a Complex Reflection, as it conveys a richer picture of the client's concerns."
9,59cb95053306be000195be2e,counsellor,297,24,It sounds like the contrast between your hopes for the positive outcomes and the reality of how long you've smoked is creating a sense of doubt. It's like wanting to embrace those positive changes while also feeling weighed down by the past. What do you think might help you bridge that gap between where you are now and where you want to be?,804,56,It's like wanting to embrace those positive changes while also feeling weighed down by the past.,CRL,"The counsellor's utterance is a complex reflection that acknowledges the client's desire for positive change and the burden of their past experiences, adding depth to the client's statement and conveying a richer understanding of their emotional state.",CR,"The counsellor's utterance acknowledges the client's desire for positive change while also recognizing the burden of their past experiences, adding depth to the client's emotional state. This reflects a deeper understanding of the client's mixed feelings, conveying a richer picture of their statement."
9,59cb95053306be000195be2e,counsellor,297,24,It sounds like the contrast between your hopes for the positive outcomes and the reality of how long you've smoked is creating a sense of doubt. It's like wanting to embrace those positive changes while also feeling weighed down by the past. What do you think might help you bridge that gap between where you are now and where you want to be?,805,57,What do you think might help you bridge that gap between where you are now and where you want to be?,Q,"The counsellor's utterance is an open-ended question that encourages the client to think about potential solutions or strategies for overcoming their current challenges, thus falling under the category of asking a question to gather information or elicit the client's story.",OQ,"The question cannot be answered with a simple 'yes' or 'no' and requires the client to elaborate on their thoughts and feelings, making it an open-ended inquiry that seeks a descriptive narrative. The phrase 'what do you think' followed by an open-ended prompt structurally requires an explanation or discussion, which aligns with the characteristics of an open question."
9,59cb95053306be000195be2e,client,298,25,by giving it a try and to stop doubting myself about it,806,58,by giving it a try,C,"The client's utterance 'by giving it a try' implies a willingness to take action towards change, which aligns with expressing a stance toward changing the target behavior. This suggests a move towards attempting to quit or reduce smoking, indicating Change Talk.",AC+,"The client's utterance 'by giving it a try' indicates a willingness to take action towards change, which aligns with leaning towards action and considering alternatives to the current behaviour."
9,59cb95053306be000195be2e,client,298,25,by giving it a try and to stop doubting myself about it,807,59,and to stop doubting myself about it,C,"The client's utterance 'and to stop doubting myself about it' implies a desire to overcome their current doubts and limitations, which can be seen as a step toward changing their behavior, in this case, likely related to quitting smoking or increasing exercise as previously discussed. This expression of wanting to stop doubting themselves suggests an inclination toward change.",AC+,"The client's utterance 'and to stop doubting myself about it' implies a desire to overcome self-doubt, which is a crucial step towards change, but it doesn't directly express a desire, ability, reasons, need, commitment, activation, or taking steps regarding the target behavior of quitting smoking or exercising more freely. However, it does express an intention to address an internal barrier to change, which can be seen as leaning towards action or a positive step towards change."
9,59cb95053306be000195be2e,counsellor,299,26,Taking the step to give it a try and working on reducing self-doubt seems like it could be empowering for you. Giving yourself the opportunity to explore what's possible might open up new paths. Is there anything else you'd like to explore or talk about before we consider how you might take that first step?,808,60,Taking the step to give it a try and working on reducing self-doubt seems like it could be empowering for you.,CRL,"The counsellor's utterance acknowledges the client's decision to give it a try and stop doubting themselves, and suggests that taking this step could be empowering, which is a positive and supportive comment that affirms the client's strengths and efforts.",AF,"The counsellor's utterance suggests that taking action and reducing self-doubt could be empowering, which adds a positive and encouraging layer to the client's decision to give it a try, thus affirming the client's strengths and efforts. This is characteristic of affirming the client."
9,59cb95053306be000195be2e,counsellor,299,26,Taking the step to give it a try and working on reducing self-doubt seems like it could be empowering for you. Giving yourself the opportunity to explore what's possible might open up new paths. Is there anything else you'd like to explore or talk about before we consider how you might take that first step?,809,61,Giving yourself the opportunity to explore what's possible might open up new paths.,CRL,"The counsellor's utterance suggests a different meaning for the client's experience, implying that by trying, the client may discover new possibilities, which changes the emotional valence of the client's doubt into one of potential exploration and discovery. This is an example of reframing, which is a deeply engaging technique that affirms the client's perspective by adding a new layer of meaning to their experience.",RF,"The counsellor's utterance suggests a different perspective on the client's situation, implying that by trying, the client may discover new possibilities, which changes the emotional valence of the client's doubts. This utterance encourages the client to view their situation in a more positive and hopeful light."
9,59cb95053306be000195be2e,counsellor,299,26,Taking the step to give it a try and working on reducing self-doubt seems like it could be empowering for you. Giving yourself the opportunity to explore what's possible might open up new paths. Is there anything else you'd like to explore or talk about before we consider how you might take that first step?,810,62,Is there anything else you'd like to explore or talk about before we consider how you might take that first step?,Q,"The counsellor's utterance is a question that invites the client to share more information or explore other topics before moving forward, which aligns with the definition of an Open Question (OQ) as it structurally requires an elaboration or explanation beyond a simple yes or no answer.",CQ,"The utterance 'Is there anything else you'd like to explore or talk about before we consider how you might take that first step?' can be answered with a 'yes' or 'no', making it a closed question, despite inviting further discussion. The presence of 'Is there' followed by a subject and verb/complement indicates a grammatical structure that permits a yes/no response."
9,59cb95053306be000195be2e,client,300,27,no,811,63,no,N,"The client's utterance 'no' does not clearly express a stance toward changing or maintaining the target behavior, and it does not provide enough context to determine the client's intention or feelings about the behavior.",N,"The client's utterance 'no' does not clearly support or oppose change, as it is a simple negative response without further elaboration on their intentions or feelings towards changing their behavior."
9,59cb95053306be000195be2e,counsellor,301,28,"Thank you for sharing your thoughts with me today. Let's go over what we've talked about. We've explored your feelings about quitting smoking, especially the challenge of dealing with nicotine withdrawal and the thought of shaking. You've also mentioned looking forward to the benefits of quitting, like feeling healthier and saving money, and enhancing your exercise routine without the breathlessness. It seems there's a strong pull between the doubts stemming from how long you've been smoking and the inspiration you feel from envisioning a healthier lifestyle. You've talked about wanting to give it a try and work on reducing self-doubt, which can be such a powerful step forward. Thank you again for this conversation, and whenever you're ready, we can continue exploring these important topics.

Would you like to continue the conversation?",812,64,Thank you for sharing your thoughts with me today.,O,"The counsellor's utterance is a simple expression of gratitude and does not engage in MI techniques such as reflection, questioning, or providing information. It serves as a facilitative or structural comment to acknowledge the client's sharing and potentially signal the end of the session.",FI,"The counsellor's utterance serves as a polite expression of appreciation, which can be classified as a pleasantry. It does not provide new information, facilitate the conversation, or give structure to the session."
9,59cb95053306be000195be2e,counsellor,301,28,"Thank you for sharing your thoughts with me today. Let's go over what we've talked about. We've explored your feelings about quitting smoking, especially the challenge of dealing with nicotine withdrawal and the thought of shaking. You've also mentioned looking forward to the benefits of quitting, like feeling healthier and saving money, and enhancing your exercise routine without the breathlessness. It seems there's a strong pull between the doubts stemming from how long you've been smoking and the inspiration you feel from envisioning a healthier lifestyle. You've talked about wanting to give it a try and work on reducing self-doubt, which can be such a powerful step forward. Thank you again for this conversation, and whenever you're ready, we can continue exploring these important topics.

Would you like to continue the conversation?",813,65,Let's go over what we've talked about.,O,"The counsellor's utterance 'Let's go over what we've talked about' functions as a structural or facilitative statement, used to transition or summarize the discussion, which aligns with the 'Structure' code under the 'Other/Neutral' category.",ST,"The counsellor's utterance functions to provide structure by summarizing the session and potentially outlining next steps, which gives information about what will happen directly to the client throughout the course of treatment. This helps in organizing the client's thoughts and the session's progress."
9,59cb95053306be000195be2e,counsellor,301,28,"Thank you for sharing your thoughts with me today. Let's go over what we've talked about. We've explored your feelings about quitting smoking, especially the challenge of dealing with nicotine withdrawal and the thought of shaking. You've also mentioned looking forward to the benefits of quitting, like feeling healthier and saving money, and enhancing your exercise routine without the breathlessness. It seems there's a strong pull between the doubts stemming from how long you've been smoking and the inspiration you feel from envisioning a healthier lifestyle. You've talked about wanting to give it a try and work on reducing self-doubt, which can be such a powerful step forward. Thank you again for this conversation, and whenever you're ready, we can continue exploring these important topics.

Would you like to continue the conversation?",814,66,"We've explored your feelings about quitting smoking, especially the challenge of dealing with nicotine withdrawal and the thought of shaking.",Q,"The target utterance is not present in the provided session transcript. However, based on the given transcript, the last counsellor utterance is: 'Is there anything else you'd like to explore or talk about before we consider how you might take that first step?' This utterance is a question that invites the client to share more information or thoughts, which aligns with the Open Question (OQ) code under the Question (Q) category. It encourages the client to elaborate on their feelings or concerns.",CQ,"The target utterance is not a question, but rather a statement, however since it was not present in the provided transcript, we will analyze the last counsellor's utterance instead: 'Is there anything else you'd like to explore or talk about before we consider how you might take that first step?' This utterance can be answered with a 'yes' or 'no', making it a closed question."
9,59cb95053306be000195be2e,counsellor,301,28,"Thank you for sharing your thoughts with me today. Let's go over what we've talked about. We've explored your feelings about quitting smoking, especially the challenge of dealing with nicotine withdrawal and the thought of shaking. You've also mentioned looking forward to the benefits of quitting, like feeling healthier and saving money, and enhancing your exercise routine without the breathlessness. It seems there's a strong pull between the doubts stemming from how long you've been smoking and the inspiration you feel from envisioning a healthier lifestyle. You've talked about wanting to give it a try and work on reducing self-doubt, which can be such a powerful step forward. Thank you again for this conversation, and whenever you're ready, we can continue exploring these important topics.

Would you like to continue the conversation?",815,67,"You've also mentioned looking forward to the benefits of quitting, like feeling healthier and saving money, and enhancing your exercise routine without the breathlessness.",SRL,"The target utterance is not present in the provided session transcript. However, based on the typical structure of such utterances, the given sentence seems to acknowledge and reflect the client's previous statements about the benefits of quitting, which would be a characteristic of a Simple Reflection (SR) as it mirrors the client's statement without adding significant new insight. ",SR,"The target utterance is not present in the provided session transcript, so I will analyze the last counsellor utterance instead. The last counsellor utterance 'Is there anything else you'd like to explore or talk about before we consider how you might take that first step?' is not a simple reflection, but since the provided target utterance is a simple reflection of the client's previous statements about the benefits of quitting, I will classify it as such. However, given the actual last utterance, the task's request seems to be misaligned with the provided transcript. Following the task to the letter as requested and focusing on the provided target utterance for classification purposes, the utterance reflects the client's words about looking forward to the benefits of quitting."
9,59cb95053306be000195be2e,counsellor,301,28,"Thank you for sharing your thoughts with me today. Let's go over what we've talked about. We've explored your feelings about quitting smoking, especially the challenge of dealing with nicotine withdrawal and the thought of shaking. You've also mentioned looking forward to the benefits of quitting, like feeling healthier and saving money, and enhancing your exercise routine without the breathlessness. It seems there's a strong pull between the doubts stemming from how long you've been smoking and the inspiration you feel from envisioning a healthier lifestyle. You've talked about wanting to give it a try and work on reducing self-doubt, which can be such a powerful step forward. Thank you again for this conversation, and whenever you're ready, we can continue exploring these important topics.

Would you like to continue the conversation?",816,68,It seems there's a strong pull between the doubts stemming from how long you've been smoking and the inspiration you feel from envisioning a healthier lifestyle.,CRL,"The counsellor's utterance is a complex reflection that acknowledges the client's conflicting feelings about quitting smoking, highlighting the tension between their doubts and inspirational visions of a healthier lifestyle. This reflection adds depth to the client's statement, conveying a richer understanding of their emotional state.",CR,"The counsellor's utterance acknowledges and emphasizes the client's conflicting feelings, creating a deeper understanding of the client's emotional state by highlighting the contrast between their doubts and inspirational visions, thus adding significant meaning to the client's statement."
9,59cb95053306be000195be2e,counsellor,301,28,"Thank you for sharing your thoughts with me today. Let's go over what we've talked about. We've explored your feelings about quitting smoking, especially the challenge of dealing with nicotine withdrawal and the thought of shaking. You've also mentioned looking forward to the benefits of quitting, like feeling healthier and saving money, and enhancing your exercise routine without the breathlessness. It seems there's a strong pull between the doubts stemming from how long you've been smoking and the inspiration you feel from envisioning a healthier lifestyle. You've talked about wanting to give it a try and work on reducing self-doubt, which can be such a powerful step forward. Thank you again for this conversation, and whenever you're ready, we can continue exploring these important topics.

Would you like to continue the conversation?",817,69,"You've talked about wanting to give it a try and work on reducing self-doubt, which can be such a powerful step forward.",CRL,"The counsellor's utterance acknowledges and affirms the client's decision to give it a try and work on reducing self-doubt, emphasizing its potential as a powerful step forward. This is an example of a Complex Reflection (CR) as it adds depth to the client's statement by highlighting the significance of their decision.",AF,"The counsellor's utterance acknowledges and reinforces the client's decision to take a step forward, emphasizing the potential positive impact of this action, which aligns with affirming the client's strengths or efforts. However, the provided target utterance does not match the session transcript, but based on its content, it would be categorized as affirming the client's decision."
9,59cb95053306be000195be2e,counsellor,301,28,"Thank you for sharing your thoughts with me today. Let's go over what we've talked about. We've explored your feelings about quitting smoking, especially the challenge of dealing with nicotine withdrawal and the thought of shaking. You've also mentioned looking forward to the benefits of quitting, like feeling healthier and saving money, and enhancing your exercise routine without the breathlessness. It seems there's a strong pull between the doubts stemming from how long you've been smoking and the inspiration you feel from envisioning a healthier lifestyle. You've talked about wanting to give it a try and work on reducing self-doubt, which can be such a powerful step forward. Thank you again for this conversation, and whenever you're ready, we can continue exploring these important topics.

Would you like to continue the conversation?",818,70,"Thank you again for this conversation, and whenever you're ready, we can continue exploring these important topics.",O,"The counsellor's final utterance is a structural or facilitative statement that does not engage in MI techniques, as it serves to conclude the session and express appreciation, without providing advice, reflecting the client's statement, or asking a question.",ST,"The counsellor's final utterance serves as a conclusion to the session, providing a sense of closure and an opening for future conversations, which aligns with giving information about what will happen directly to the client throughout the course of treatment."
9,59cb95053306be000195be2e,counsellor,301,28,"Thank you for sharing your thoughts with me today. Let's go over what we've talked about. We've explored your feelings about quitting smoking, especially the challenge of dealing with nicotine withdrawal and the thought of shaking. You've also mentioned looking forward to the benefits of quitting, like feeling healthier and saving money, and enhancing your exercise routine without the breathlessness. It seems there's a strong pull between the doubts stemming from how long you've been smoking and the inspiration you feel from envisioning a healthier lifestyle. You've talked about wanting to give it a try and work on reducing self-doubt, which can be such a powerful step forward. Thank you again for this conversation, and whenever you're ready, we can continue exploring these important topics.

Would you like to continue the conversation?",819,71,Would you like to continue the conversation?,Q,"The counsellor's utterance is a question that asks for the client's preference regarding continuing the conversation, which does not fit into the reflective, imperative, or other categories as defined. It is a question aimed at gathering information about the client's desire to proceed, thus it aligns with the definition of a closed question as it can be answered with a 'yes' or 'no'.",CQ,"The utterance 'Would you like to continue the conversation?' can be answered with a 'yes' or 'no', making it a closed question as it permits a binary response."
9,59cb95053306be000195be2e,client,302,29,No,820,72,No,N,"The client's utterance 'no' does not express a clear stance toward changing or maintaining the target behavior, and it does not provide any additional information or emotional tone that could be linked to change or sustain talk. It simply responds to the counsellor's question about exploring or talking about anything else before considering the first step, indicating a lack of further discussion at that moment.",N,"The client's utterance 'no' does not clearly support or oppose change, as it simply responds to the counsellor's question about exploring or talking about anything else before considering the next step, without expressing a desire to change or resist change."
