corp_conv_idx,conv_id,speaker,corp_vol_idx,conv_vol_idx,vol_text,corp_utt_idx,conv_utt_idx,utt_text,t1_label_auto,t1_expl_auto,t2_label_auto,t2_expl_auto
0,663fd7ca84b7978432d6070b,counsellor,0,0,Hello there! I'm glad you're here today. How have you been doing recently?,0,0,Hello there!,,,,
0,663fd7ca84b7978432d6070b,counsellor,0,0,Hello there! I'm glad you're here today. How have you been doing recently?,1,1,I'm glad you're here today.,,,,
0,663fd7ca84b7978432d6070b,counsellor,0,0,Hello there! I'm glad you're here today. How have you been doing recently?,2,2,How have you been doing recently?,,,,
0,663fd7ca84b7978432d6070b,client,1,1,Ive been fine,3,3,I've been fine,N,The client is providing a general update on their well-being and is not expressing any stance toward changing or maintaining a target behavior.,N,"The client's response is a neutral statement about their current state and does not express a desire, need, or resistance regarding a specific behavioral change."
0,663fd7ca84b7978432d6070b,counsellor,2,2,I'm glad to hear that. How's everything going for you with your smoking habits?,4,4,I'm glad to hear that.,,,,
0,663fd7ca84b7978432d6070b,counsellor,2,2,I'm glad to hear that. How's everything going for you with your smoking habits?,5,5,How's everything going for you with your smoking habits?,,,,
0,663fd7ca84b7978432d6070b,client,3,3,same old routine,6,6,same old routine,N,"The client is providing a factual update that their behavior has not changed, but they are not expressing a desire to maintain it or a commitment to change it.",N,The client's response is a neutral statement describing their current situation without expressing a desire to change or a reason to maintain the status quo.
0,663fd7ca84b7978432d6070b,counsellor,4,4,It sounds like smoking is a regular part of your routine. How do you feel about that routine? Are there moments when you feel differently about it?,7,7,It sounds like smoking is a regular part of your routine.,,,,
0,663fd7ca84b7978432d6070b,counsellor,4,4,It sounds like smoking is a regular part of your routine. How do you feel about that routine? Are there moments when you feel differently about it?,8,8,How do you feel about that routine?,,,,
0,663fd7ca84b7978432d6070b,counsellor,4,4,It sounds like smoking is a regular part of your routine. How do you feel about that routine? Are there moments when you feel differently about it?,9,9,Are there moments when you feel differently about it?,,,,
0,663fd7ca84b7978432d6070b,client,5,5,"i feel great, it works for me",10,10,"i feel great,",S,"The client expresses a positive feeling ('feel great') regarding their current routine, which includes smoking, thereby indicating a desire to maintain the behavior.",D-,"The client expresses a positive feeling toward their current routine of smoking, indicating a desire to maintain the behavior."
0,663fd7ca84b7978432d6070b,client,5,5,"i feel great, it works for me",11,11,it works for me,S,"The client is expressing a reason for maintaining the behavior by stating that it 'works' for them, which indicates a stance toward continuing the current routine.",R-,"The client is providing a reason why they maintain the behavior, stating that the current routine is effective or beneficial for them."
0,663fd7ca84b7978432d6070b,counsellor,6,6,It's important that it feels like it works for you. I imagine there could be aspects of smoking that make it appealing. What are some of the things that you enjoy about it the most?,12,12,It's important that it feels like it works for you.,,,,
0,663fd7ca84b7978432d6070b,counsellor,6,6,It's important that it feels like it works for you. I imagine there could be aspects of smoking that make it appealing. What are some of the things that you enjoy about it the most?,13,13,I imagine there could be aspects of smoking that make it appealing.,,,,
0,663fd7ca84b7978432d6070b,counsellor,6,6,It's important that it feels like it works for you. I imagine there could be aspects of smoking that make it appealing. What are some of the things that you enjoy about it the most?,14,14,What are some of the things that you enjoy about it the most?,,,,
0,663fd7ca84b7978432d6070b,client,7,7,meditative moments and stress relief,15,15,meditative moments and stress relief,S,"The client is identifying the positive benefits of smoking (stress relief and meditation), which serves as a reason for maintaining the behavior.",R-,"The client is identifying the specific benefits they derive from smoking (stress relief and meditation), which serves as a reason for maintaining the behavior."
0,663fd7ca84b7978432d6070b,counsellor,8,8,It sounds like smoking provides a sense of calm and a way to manage stress for you. Those moments of meditation can be really important. Do you ever have times when you feel differently about smoking or have any concerns about it?,16,16,It sounds like smoking provides a sense of calm and a way to manage stress for you.,,,,
0,663fd7ca84b7978432d6070b,counsellor,8,8,It sounds like smoking provides a sense of calm and a way to manage stress for you. Those moments of meditation can be really important. Do you ever have times when you feel differently about smoking or have any concerns about it?,17,17,Those moments of meditation can be really important.,,,,
0,663fd7ca84b7978432d6070b,counsellor,8,8,It sounds like smoking provides a sense of calm and a way to manage stress for you. Those moments of meditation can be really important. Do you ever have times when you feel differently about smoking or have any concerns about it?,18,18,Do you ever have times when you feel differently about smoking or have any concerns about it?,,,,
0,663fd7ca84b7978432d6070b,client,9,9,no,19,19,no,S,"The client's response 'no' is a direct answer to the counselor's question about having concerns or feeling differently about smoking, effectively denying any desire or reason to change.",AC-,"The client's response 'no' directly denies having any concerns or feelings that would lead to change, thereby leaning towards inaction and maintaining the current behavior."
0,663fd7ca84b7978432d6070b,counsellor,10,10,"It sounds like you're feeling quite settled with your smoking routine right now. If there's anything else on your mind or anything you'd like to explore further today, feel free to let me know.",20,20,It sounds like you're feeling quite settled with your smoking routine right now.,,,,
0,663fd7ca84b7978432d6070b,counsellor,10,10,"It sounds like you're feeling quite settled with your smoking routine right now. If there's anything else on your mind or anything you'd like to explore further today, feel free to let me know.",21,21,"If there's anything else on your mind or anything you'd like to explore further today, feel free to let me know.",,,,
0,663fd7ca84b7978432d6070b,client,11,11,okay will do,22,22,okay will do,N,"The client is simply acknowledging the counsellor's statement and agreeing to let them know if something comes up, without expressing any stance for or against changing their behavior.",N,"The client's response is a simple acknowledgement of the counsellor's statement and does not express a desire, reluctance, or commitment regarding change."
0,663fd7ca84b7978432d6070b,counsellor,12,12,"Great! I'm here whenever you're ready to talk about anything else or if you feel like diving deeper into any particular aspect. Just let me know, and we'll take it step by step.",23,23,Great!,,,,
0,663fd7ca84b7978432d6070b,counsellor,12,12,"Great! I'm here whenever you're ready to talk about anything else or if you feel like diving deeper into any particular aspect. Just let me know, and we'll take it step by step.",24,24,I'm here whenever you're ready to talk about anything else or if you feel like diving deeper into any particular aspect.,,,,
0,663fd7ca84b7978432d6070b,counsellor,12,12,"Great! I'm here whenever you're ready to talk about anything else or if you feel like diving deeper into any particular aspect. Just let me know, and we'll take it step by step.",25,25,"Just let me know, and we'll take it step by step.",,,,
0,663fd7ca84b7978432d6070b,client,13,13,"thanks for the chat, goodbye",26,26,"thanks for the chat,",N,"The client is simply expressing gratitude for the conversation, which does not indicate a stance toward changing or maintaining the target behavior.",N,"The client is expressing gratitude for the conversation, which is a social politeness and does not indicate a desire or resistance toward behavioral change."
0,663fd7ca84b7978432d6070b,client,13,13,"thanks for the chat, goodbye",27,27,goodbye,N,"The client is simply ending the conversation with a parting greeting, which does not express a stance toward changing or maintaining the target behavior.",N,"The utterance is a standard closing greeting and does not express any desire, reluctance, or commitment regarding a change in behavior."
0,663fd7ca84b7978432d6070b,counsellor,14,14,"Thank you for the conversation today. Let's go over what we've discussed so far. You've shared that smoking has become a routine for you and that you find it brings meditative moments and relief from stress, which you appreciate. It's great to know what works for you, and it's important to understand the role smoking plays in your life. If anything comes up or if you'd like to explore more in future conversations, I'm here to support you. Take care, and feel free to reach out whenever you're ready. Goodbye!

Would you like to continue the conversation?",28,28,Thank you for the conversation today.,,,,
0,663fd7ca84b7978432d6070b,counsellor,14,14,"Thank you for the conversation today. Let's go over what we've discussed so far. You've shared that smoking has become a routine for you and that you find it brings meditative moments and relief from stress, which you appreciate. It's great to know what works for you, and it's important to understand the role smoking plays in your life. If anything comes up or if you'd like to explore more in future conversations, I'm here to support you. Take care, and feel free to reach out whenever you're ready. Goodbye!

Would you like to continue the conversation?",29,29,Let's go over what we've discussed so far.,,,,
0,663fd7ca84b7978432d6070b,counsellor,14,14,"Thank you for the conversation today. Let's go over what we've discussed so far. You've shared that smoking has become a routine for you and that you find it brings meditative moments and relief from stress, which you appreciate. It's great to know what works for you, and it's important to understand the role smoking plays in your life. If anything comes up or if you'd like to explore more in future conversations, I'm here to support you. Take care, and feel free to reach out whenever you're ready. Goodbye!

Would you like to continue the conversation?",30,30,"You've shared that smoking has become a routine for you and that you find it brings meditative moments and relief from stress, which you appreciate.",,,,
0,663fd7ca84b7978432d6070b,counsellor,14,14,"Thank you for the conversation today. Let's go over what we've discussed so far. You've shared that smoking has become a routine for you and that you find it brings meditative moments and relief from stress, which you appreciate. It's great to know what works for you, and it's important to understand the role smoking plays in your life. If anything comes up or if you'd like to explore more in future conversations, I'm here to support you. Take care, and feel free to reach out whenever you're ready. Goodbye!

Would you like to continue the conversation?",31,31,"It's great to know what works for you, and it's important to understand the role smoking plays in your life.",,,,
0,663fd7ca84b7978432d6070b,counsellor,14,14,"Thank you for the conversation today. Let's go over what we've discussed so far. You've shared that smoking has become a routine for you and that you find it brings meditative moments and relief from stress, which you appreciate. It's great to know what works for you, and it's important to understand the role smoking plays in your life. If anything comes up or if you'd like to explore more in future conversations, I'm here to support you. Take care, and feel free to reach out whenever you're ready. Goodbye!

Would you like to continue the conversation?",32,32,"If anything comes up or if you'd like to explore more in future conversations, I'm here to support you.",,,,
0,663fd7ca84b7978432d6070b,counsellor,14,14,"Thank you for the conversation today. Let's go over what we've discussed so far. You've shared that smoking has become a routine for you and that you find it brings meditative moments and relief from stress, which you appreciate. It's great to know what works for you, and it's important to understand the role smoking plays in your life. If anything comes up or if you'd like to explore more in future conversations, I'm here to support you. Take care, and feel free to reach out whenever you're ready. Goodbye!

Would you like to continue the conversation?",33,33,"Take care, and feel free to reach out whenever you're ready.",,,,
0,663fd7ca84b7978432d6070b,counsellor,14,14,"Thank you for the conversation today. Let's go over what we've discussed so far. You've shared that smoking has become a routine for you and that you find it brings meditative moments and relief from stress, which you appreciate. It's great to know what works for you, and it's important to understand the role smoking plays in your life. If anything comes up or if you'd like to explore more in future conversations, I'm here to support you. Take care, and feel free to reach out whenever you're ready. Goodbye!

Would you like to continue the conversation?",34,34,Goodbye!,,,,
0,663fd7ca84b7978432d6070b,counsellor,14,14,"Thank you for the conversation today. Let's go over what we've discussed so far. You've shared that smoking has become a routine for you and that you find it brings meditative moments and relief from stress, which you appreciate. It's great to know what works for you, and it's important to understand the role smoking plays in your life. If anything comes up or if you'd like to explore more in future conversations, I'm here to support you. Take care, and feel free to reach out whenever you're ready. Goodbye!

Would you like to continue the conversation?",35,35,Would you like to continue the conversation?,,,,
0,663fd7ca84b7978432d6070b,client,15,15,No,36,36,No,N,"The client is simply answering a logistical question about whether they wish to continue the session, without expressing any stance toward changing or maintaining the target behavior.",N,The client's response 'No' is a direct answer to a logistical question about continuing the session and does not express a desire or reluctance regarding the behavioral change (smoking).
1,671fff4fced93c3e5a17f230,counsellor,16,0,Hi there! It's nice to meet you. How are you doing today?,37,0,Hi there!,,,,
1,671fff4fced93c3e5a17f230,counsellor,16,0,Hi there! It's nice to meet you. How are you doing today?,38,1,It's nice to meet you.,,,,
1,671fff4fced93c3e5a17f230,counsellor,16,0,Hi there! It's nice to meet you. How are you doing today?,39,2,How are you doing today?,,,,
1,671fff4fced93c3e5a17f230,client,17,1,I'm doing good and you?,40,3,I'm doing good,N,The client is providing a general social response to a greeting and is not expressing any stance regarding the target behavior.,N,"The client is providing a polite social response to a greeting, which does not express a desire, reluctance, or commitment regarding a behavioral change."
1,671fff4fced93c3e5a17f230,client,17,1,I'm doing good and you?,41,4,and you?,N,"The client is simply returning a social greeting and asking a question back to the counsellor, without expressing any stance toward changing or maintaining a behavior.",N,"The client is simply returning a social greeting and asking about the counsellor's well-being, which does not express a desire or resistance toward behavioral change."
1,671fff4fced93c3e5a17f230,counsellor,18,2,"I'm doing well, thank you! I appreciate you asking. So, what brought you in today?",42,5,"I'm doing well, thank you!",,,,
1,671fff4fced93c3e5a17f230,counsellor,18,2,"I'm doing well, thank you! I appreciate you asking. So, what brought you in today?",43,6,I appreciate you asking.,,,,
1,671fff4fced93c3e5a17f230,counsellor,18,2,"I'm doing well, thank you! I appreciate you asking. So, what brought you in today?",44,7,"So, what brought you in today?",,,,
1,671fff4fced93c3e5a17f230,client,19,3,Concerning my smoking habit,45,8,Concerning my smoking habit,N,"The client is identifying the topic of the conversation but is not yet expressing a desire, need, or commitment to either change or maintain the behavior.",N,"The client is stating the topic of the session but is not expressing a desire, need, or commitment to change, nor are they resisting it."
1,671fff4fced93c3e5a17f230,counsellor,20,4,Thank you for sharing that with me. What’s going on with your smoking habit that you’d like to explore today?,46,9,Thank you for sharing that with me.,,,,
1,671fff4fced93c3e5a17f230,counsellor,20,4,Thank you for sharing that with me. What’s going on with your smoking habit that you’d like to explore today?,47,10,What’s going on with your smoking habit that you’d like to explore today?,,,,
1,671fff4fced93c3e5a17f230,client,21,5,I've been trying to quit,48,11,I've been trying to quit,C,"The client mentions they have been 'trying to quit,' which indicates recent steps toward change and a desire to stop the behavior.",TS+,The client mentions a recent effort or action they have already taken toward changing their behavior.
1,671fff4fced93c3e5a17f230,counsellor,22,6,It sounds like quitting smoking is something that's important to you. What's been motivating that desire to quit?,49,12,It sounds like quitting smoking is something that's important to you.,,,,
1,671fff4fced93c3e5a17f230,counsellor,22,6,It sounds like quitting smoking is something that's important to you. What's been motivating that desire to quit?,50,13,What's been motivating that desire to quit?,,,,
1,671fff4fced93c3e5a17f230,client,23,7,I don't want to get sick. Because of my health,51,14,I don't want to get sick.,C,"The client is providing a personal health-related reason for wanting to quit smoking, which constitutes 'Reasons for change'.",R+,The client is providing a specific reason (avoiding illness) why they want to change their behavior.
1,671fff4fced93c3e5a17f230,client,23,7,I don't want to get sick. Because of my health,52,15,Because of my health.,C,"The client is providing a personal health-related reason for wanting to quit smoking, which constitutes 'Reasons for change'.",R+,The client is providing a specific reason (health) why they want to change their behavior in response to the counsellor's question about motivation.
1,671fff4fced93c3e5a17f230,counsellor,24,8,Your health is really important to you. It's understandable that you want to protect it. What are some other things that are pushing you towards quitting?,53,16,Your health is really important to you.,,,,
1,671fff4fced93c3e5a17f230,counsellor,24,8,Your health is really important to you. It's understandable that you want to protect it. What are some other things that are pushing you towards quitting?,54,17,It's understandable that you want to protect it.,,,,
1,671fff4fced93c3e5a17f230,counsellor,24,8,Your health is really important to you. It's understandable that you want to protect it. What are some other things that are pushing you towards quitting?,55,18,What are some other things that are pushing you towards quitting?,,,,
1,671fff4fced93c3e5a17f230,client,25,9,My wife,56,19,My wife,C,The client identifies their wife as a reason for quitting in response to the counsellor's question about things pushing them towards change.,R+,"The client is responding to the counsellor's question about what is 'pushing' them to quit, identifying their wife as a motivating factor or reason for change."
1,671fff4fced93c3e5a17f230,counsellor,26,10,"Your wife plays an important role in your life, and it seems that her feelings or thoughts may be influencing your decision. How does she feel about your smoking, and how does that affect you?",57,20,"Your wife plays an important role in your life, and it seems that her feelings or thoughts may be influencing your decision.",,,,
1,671fff4fced93c3e5a17f230,counsellor,26,10,"Your wife plays an important role in your life, and it seems that her feelings or thoughts may be influencing your decision. How does she feel about your smoking, and how does that affect you?",58,21,"How does she feel about your smoking, and how does that affect you?",,,,
1,671fff4fced93c3e5a17f230,client,27,11,She's not feeling too good about it,59,22,She's not feeling too good about it,N,"The client is providing a factual statement about his wife's opinion without expressing his own desire, commitment, or resistance regarding changing his smoking behavior.",N,"The client is reporting their wife's negative feelings about their smoking, but they are not expressing a personal desire, commitment, or resistance regarding their own change behavior."
1,671fff4fced93c3e5a17f230,counsellor,28,12,I can see how that could be challenging. It seems like her feelings about your smoking might be adding to your motivation to quit. Can you share more about how that impacts your relationship with her?,60,23,I can see how that could be challenging.,,,,
1,671fff4fced93c3e5a17f230,counsellor,28,12,I can see how that could be challenging. It seems like her feelings about your smoking might be adding to your motivation to quit. Can you share more about how that impacts your relationship with her?,61,24,It seems like her feelings about your smoking might be adding to your motivation to quit.,,,,
1,671fff4fced93c3e5a17f230,counsellor,28,12,I can see how that could be challenging. It seems like her feelings about your smoking might be adding to your motivation to quit. Can you share more about how that impacts your relationship with her?,62,25,Can you share more about how that impacts your relationship with her?,,,,
1,671fff4fced93c3e5a17f230,client,29,13,I love her so much and I don't want to do anything to hurt her,63,26,I love her so much,N,"The client is expressing affection for their partner, but this statement on its own does not express a stance toward changing or maintaining the target behavior.",N,"The client is expressing affection for another person, which does not explicitly state a desire to change or a reason to resist change regarding their behavior."
1,671fff4fced93c3e5a17f230,client,29,13,I love her so much and I don't want to do anything to hurt her,64,27,I don't want to do anything to hurt her,C,"The client expresses a desire to avoid hurting someone else, which serves as a personal reason and motivation to change their smoking behavior.",R+,The client is providing a reason for wanting to change their behavior (smoking) by highlighting the desire to avoid causing harm to another person.
1,671fff4fced93c3e5a17f230,counsellor,30,14,"It shows a lot about how much you care for her, and it's clear that her well-being is a priority for you. In thinking about quitting, you're considering not only your own health but also the impact on her. Are there specific ways in which quitting might improve things for both of you?",65,28,"It shows a lot about how much you care for her, and it's clear that her well-being is a priority for you.",,,,
1,671fff4fced93c3e5a17f230,counsellor,30,14,"It shows a lot about how much you care for her, and it's clear that her well-being is a priority for you. In thinking about quitting, you're considering not only your own health but also the impact on her. Are there specific ways in which quitting might improve things for both of you?",66,29,"In thinking about quitting, you're considering not only your own health but also the impact on her.",,,,
1,671fff4fced93c3e5a17f230,counsellor,30,14,"It shows a lot about how much you care for her, and it's clear that her well-being is a priority for you. In thinking about quitting, you're considering not only your own health but also the impact on her. Are there specific ways in which quitting might improve things for both of you?",67,30,Are there specific ways in which quitting might improve things for both of you?,,,,
1,671fff4fced93c3e5a17f230,client,31,15,Not really. Any ideas,68,31,Not really.,N,The client's response is a brief negation that does not express a desire to change or a desire to maintain the behavior; it simply indicates a lack of specific ideas in response to the counselor's question.,N,The client's response is a brief negation that does not express a desire to change or a reason to avoid change; it simply answers the counselor's specific question.
1,671fff4fced93c3e5a17f230,client,31,15,Not really. Any ideas,69,32,Any ideas?,N,"The client is asking the counsellor for suggestions rather than expressing a personal stance, desire, or commitment regarding changing or maintaining the behavior.",N,"The client is asking the counsellor for suggestions rather than expressing a desire, commitment, or resistance toward changing their behavior."
1,671fff4fced93c3e5a17f230,counsellor,32,16,"I’m happy to explore that with you if you’d like. Before I do, could you share any thoughts or ideas you have about what life might look like for you and your wife if you were to quit smoking?",70,33,I’m happy to explore that with you if you’d like.,,,,
1,671fff4fced93c3e5a17f230,counsellor,32,16,"I’m happy to explore that with you if you’d like. Before I do, could you share any thoughts or ideas you have about what life might look like for you and your wife if you were to quit smoking?",71,34,"Before I do, could you share any thoughts or ideas you have about what life might look like for you and your wife if you were to quit smoking?",,,,
1,671fff4fced93c3e5a17f230,client,33,17,Quite boring but better,72,35,Quite boring but better,C,"The client acknowledges that while life might be 'boring' without smoking, it would be 'better,' which indicates a positive valuation of the outcome of quitting.",O+,"The client is responding to a hypothetical question about life after quitting smoking. By stating it would be 'better', they are recognizing the positive outcome of change, which fits the 'Other' category for problem recognition or hypotheticals."
1,671fff4fced93c3e5a17f230,counsellor,34,18,"It sounds like you see a picture of improvement in your lives, yet there's a concern about life becoming duller without smoking. Can you tell me more about what you mean by ""boring,"" and what ""better"" could look like for you both?",73,36,"It sounds like you see a picture of improvement in your lives, yet there's a concern about life becoming duller without smoking.",,,,
1,671fff4fced93c3e5a17f230,counsellor,34,18,"It sounds like you see a picture of improvement in your lives, yet there's a concern about life becoming duller without smoking. Can you tell me more about what you mean by ""boring,"" and what ""better"" could look like for you both?",74,37,"Can you tell me more about what you mean by 'boring,' and what 'better' could look like for you both?",,,,
1,671fff4fced93c3e5a17f230,client,35,19,"I love smoking, and I've been smoking since I was young, so its fun. But I'm going to live a better life. Good health",75,38,"I love smoking, and I've been smoking since I was young, so it's fun.",S,"The client expresses a desire to maintain the behavior by stating they 'love smoking' and describing it as 'fun,' which serves as a reason for continuing.",D-,"The client explicitly states 'I love smoking' and describes it as 'fun,' which expresses a personal desire to continue the behavior."
1,671fff4fced93c3e5a17f230,client,35,19,"I love smoking, and I've been smoking since I was young, so its fun. But I'm going to live a better life. Good health",76,39,But I'm going to live a better life.,C,"The client expresses a commitment to a positive outcome ('live a better life') associated with the change process, indicating a stance toward changing the target behavior.",C+,"The client uses the phrase 'I'm going to', which indicates a firm intention and a pledge to achieve a positive outcome (a better life) as a result of change."
1,671fff4fced93c3e5a17f230,client,35,19,"I love smoking, and I've been smoking since I was young, so its fun. But I'm going to live a better life. Good health",77,40,Good health.,C,"The client is describing what 'better' would look like, identifying 'good health' as a positive outcome and a reason for changing their behavior.",R+,"The client is responding to the counsellor's question about what 'better' would look like, identifying 'good health' as a positive outcome/reason for changing their behavior."
1,671fff4fced93c3e5a17f230,counsellor,36,20,"You've got a lot of history with smoking, and it brings some enjoyment to your life. At the same time, you've got a vision of living a healthier, better life without it. Balancing those feelings must be tough. What do you imagine might replace that fun if you were to quit smoking?",78,41,"You've got a lot of history with smoking, and it brings some enjoyment to your life.",,,,
1,671fff4fced93c3e5a17f230,counsellor,36,20,"You've got a lot of history with smoking, and it brings some enjoyment to your life. At the same time, you've got a vision of living a healthier, better life without it. Balancing those feelings must be tough. What do you imagine might replace that fun if you were to quit smoking?",79,42,"At the same time, you've got a vision of living a healthier, better life without it.",,,,
1,671fff4fced93c3e5a17f230,counsellor,36,20,"You've got a lot of history with smoking, and it brings some enjoyment to your life. At the same time, you've got a vision of living a healthier, better life without it. Balancing those feelings must be tough. What do you imagine might replace that fun if you were to quit smoking?",80,43,Balancing those feelings must be tough.,,,,
1,671fff4fced93c3e5a17f230,counsellor,36,20,"You've got a lot of history with smoking, and it brings some enjoyment to your life. At the same time, you've got a vision of living a healthier, better life without it. Balancing those feelings must be tough. What do you imagine might replace that fun if you were to quit smoking?",81,44,What do you imagine might replace that fun if you were to quit smoking?,,,,
1,671fff4fced93c3e5a17f230,client,37,21,My wife attention,82,45,My wife attention,C,"The client is identifying a positive alternative (his wife's attention) that could replace the enjoyment of smoking, which indicates a consideration of alternatives and a movement toward change.",AC+,"The client is suggesting an alternative (spending time with his wife) to replace the enjoyment of smoking, which indicates a lean towards action/change."
1,671fff4fced93c3e5a17f230,counsellor,38,22,It sounds like gaining your wife's attention and enjoying a deeper connection with her is something meaningful for you. That could be a powerful source of motivation and fulfillment if you were to quit smoking. How do you think your relationship might change if you succeeded in quitting?,83,46,It sounds like gaining your wife's attention and enjoying a deeper connection with her is something meaningful for you.,,,,
1,671fff4fced93c3e5a17f230,counsellor,38,22,It sounds like gaining your wife's attention and enjoying a deeper connection with her is something meaningful for you. That could be a powerful source of motivation and fulfillment if you were to quit smoking. How do you think your relationship might change if you succeeded in quitting?,84,47,That could be a powerful source of motivation and fulfillment if you were to quit smoking.,,,,
1,671fff4fced93c3e5a17f230,counsellor,38,22,It sounds like gaining your wife's attention and enjoying a deeper connection with her is something meaningful for you. That could be a powerful source of motivation and fulfillment if you were to quit smoking. How do you think your relationship might change if you succeeded in quitting?,85,48,How do you think your relationship might change if you succeeded in quitting?,,,,
1,671fff4fced93c3e5a17f230,client,39,23,It will be good one,86,49,It will be good one,C,"The client is expressing a positive outcome (optimism/desire) regarding the result of quitting smoking, which indicates a stance toward change.",O+,"The client is responding to a hypothetical question about how their relationship would change if they quit smoking, recognizing the positive outcome of the change."
1,671fff4fced93c3e5a17f230,counsellor,40,24,"You envision a positive change in your relationship, making things even better between you two. That seems like a hopeful and motivating prospect. Knowing that possibility, what do you think your next steps might be?",87,50,"You envision a positive change in your relationship, making things even better between you two.",,,,
1,671fff4fced93c3e5a17f230,counsellor,40,24,"You envision a positive change in your relationship, making things even better between you two. That seems like a hopeful and motivating prospect. Knowing that possibility, what do you think your next steps might be?",88,51,That seems like a hopeful and motivating prospect.,,,,
1,671fff4fced93c3e5a17f230,counsellor,40,24,"You envision a positive change in your relationship, making things even better between you two. That seems like a hopeful and motivating prospect. Knowing that possibility, what do you think your next steps might be?",89,52,"Knowing that possibility, what do you think your next steps might be?",,,,
1,671fff4fced93c3e5a17f230,client,41,25,Give me some ideas,90,53,Give me some ideas,N,"The client is asking the counsellor for suggestions rather than expressing a personal desire, commitment, or reason to either change or maintain their behavior.",N,"The client is asking for suggestions rather than expressing a desire, ability, reason, or need to change, nor are they resisting change."
1,671fff4fced93c3e5a17f230,counsellor,42,26,"Before we explore some ideas, is there anything else you'd like to discuss? We can also recap what we've talked about so far. Would you like a summary before we move forward?",91,54,"Before we explore some ideas, is there anything else you'd like to discuss?",,,,
1,671fff4fced93c3e5a17f230,counsellor,42,26,"Before we explore some ideas, is there anything else you'd like to discuss? We can also recap what we've talked about so far. Would you like a summary before we move forward?",92,55,We can also recap what we've talked about so far.,,,,
1,671fff4fced93c3e5a17f230,counsellor,42,26,"Before we explore some ideas, is there anything else you'd like to discuss? We can also recap what we've talked about so far. Would you like a summary before we move forward?",93,56,Would you like a summary before we move forward?,,,,
1,671fff4fced93c3e5a17f230,client,43,27,No,94,57,No,N,"The client is simply responding to a procedural question from the counsellor regarding whether they want a summary, without expressing any stance toward changing or maintaining the target behavior.",N,The client is simply answering a logistical question about whether they want a summary; they are not expressing a desire or reluctance regarding the behavioral change itself.
1,671fff4fced93c3e5a17f230,counsellor,44,28,"All right. With your interest in improving your health and relationship, there are a few options to consider as steps forward. Would you like some suggestions on different approaches to quitting that others have found helpful?",95,58,All right.,,,,
1,671fff4fced93c3e5a17f230,counsellor,44,28,"All right. With your interest in improving your health and relationship, there are a few options to consider as steps forward. Would you like some suggestions on different approaches to quitting that others have found helpful?",96,59,"With your interest in improving your health and relationship, there are a few options to consider as steps forward.",,,,
1,671fff4fced93c3e5a17f230,counsellor,44,28,"All right. With your interest in improving your health and relationship, there are a few options to consider as steps forward. Would you like some suggestions on different approaches to quitting that others have found helpful?",97,60,Would you like some suggestions on different approaches to quitting that others have found helpful?,,,,
1,671fff4fced93c3e5a17f230,client,45,29,yes,98,61,yes,N,"The client is simply agreeing to receive suggestions from the counsellor without expressing a personal stance, desire, or commitment toward changing or maintaining the behavior.",N,"The client's response 'yes' is a simple agreement to receive suggestions, but it does not express a specific desire, reason, or commitment to change their behavior."
1,671fff4fced93c3e5a17f230,counsellor,46,30,Great! One approach could be setting a quit date as a commitment to yourself and your goals. Another option is looking into support groups or counseling to connect with others on a similar journey. There are also nicotine replacement therapies or medications available that might help ease the transition. How do any of these ideas resonate with you?,99,62,Great!,,,,
1,671fff4fced93c3e5a17f230,counsellor,46,30,Great! One approach could be setting a quit date as a commitment to yourself and your goals. Another option is looking into support groups or counseling to connect with others on a similar journey. There are also nicotine replacement therapies or medications available that might help ease the transition. How do any of these ideas resonate with you?,100,63,One approach could be setting a quit date as a commitment to yourself and your goals.,,,,
1,671fff4fced93c3e5a17f230,counsellor,46,30,Great! One approach could be setting a quit date as a commitment to yourself and your goals. Another option is looking into support groups or counseling to connect with others on a similar journey. There are also nicotine replacement therapies or medications available that might help ease the transition. How do any of these ideas resonate with you?,101,64,Another option is looking into support groups or counseling to connect with others on a similar journey.,,,,
1,671fff4fced93c3e5a17f230,counsellor,46,30,Great! One approach could be setting a quit date as a commitment to yourself and your goals. Another option is looking into support groups or counseling to connect with others on a similar journey. There are also nicotine replacement therapies or medications available that might help ease the transition. How do any of these ideas resonate with you?,102,65,There are also nicotine replacement therapies or medications available that might help ease the transition.,,,,
1,671fff4fced93c3e5a17f230,counsellor,46,30,Great! One approach could be setting a quit date as a commitment to yourself and your goals. Another option is looking into support groups or counseling to connect with others on a similar journey. There are also nicotine replacement therapies or medications available that might help ease the transition. How do any of these ideas resonate with you?,103,66,How do any of these ideas resonate with you?,,,,
1,671fff4fced93c3e5a17f230,client,47,31,A great one,104,67,A great one,C,"The client is responding positively to the counselor's suggestions for change, indicating a preference or agreement with one of the options provided, which reflects a desire or openness to change.",AC+,"The client is responding positively to the options provided by the counsellor, indicating a willingness to consider or engage with the suggested actions."
1,671fff4fced93c3e5a17f230,counsellor,48,32,That's wonderful to hear! It sounds like one or more of these options might be a good fit for you. Is there a particular approach you'd like to explore further or try first?,105,68,That's wonderful to hear!,,,,
1,671fff4fced93c3e5a17f230,counsellor,48,32,That's wonderful to hear! It sounds like one or more of these options might be a good fit for you. Is there a particular approach you'd like to explore further or try first?,106,69,It sounds like one or more of these options might be a good fit for you.,,,,
1,671fff4fced93c3e5a17f230,counsellor,48,32,That's wonderful to hear! It sounds like one or more of these options might be a good fit for you. Is there a particular approach you'd like to explore further or try first?,107,70,Is there a particular approach you'd like to explore further or try first?,,,,
1,671fff4fced93c3e5a17f230,client,49,33,none,108,71,none,N,"The target utterance is 'none', meaning there is no client response provided to analyze.",N,There is no client utterance provided to analyze.
1,671fff4fced93c3e5a17f230,counsellor,50,34,"That's completely okay. You know yourself best, and this is your journey. Whenever you're ready or if you have any questions later on, I'm here to support you. Is there anything else you'd like to talk about today?",109,72,That's completely okay.,,,,
1,671fff4fced93c3e5a17f230,counsellor,50,34,"That's completely okay. You know yourself best, and this is your journey. Whenever you're ready or if you have any questions later on, I'm here to support you. Is there anything else you'd like to talk about today?",110,73,"You know yourself best, and this is your journey.",,,,
1,671fff4fced93c3e5a17f230,counsellor,50,34,"That's completely okay. You know yourself best, and this is your journey. Whenever you're ready or if you have any questions later on, I'm here to support you. Is there anything else you'd like to talk about today?",111,74,"Whenever you're ready or if you have any questions later on, I'm here to support you.",,,,
1,671fff4fced93c3e5a17f230,counsellor,50,34,"That's completely okay. You know yourself best, and this is your journey. Whenever you're ready or if you have any questions later on, I'm here to support you. Is there anything else you'd like to talk about today?",112,75,Is there anything else you'd like to talk about today?,,,,
1,671fff4fced93c3e5a17f230,client,51,35,No,113,76,No,N,"The client is providing a simple negative response to a closing question from the counsellor, which does not express a stance toward changing or maintaining the target behavior.",N,"The client's response is a simple negative answer to a closing question and does not express any desire, reluctance, or commitment regarding a behavioral change."
1,671fff4fced93c3e5a17f230,counsellor,52,36,"Thank you for our conversation today. To summarize, we talked about your desire to quit smoking for health reasons and the importance of your wife's feelings, which adds motivation to your journey. Although you've enjoyed the fun aspects of smoking from a young age, you envision a healthier, better life with a deeper connection with your wife. We explored some potential approaches, like setting a quit date, support groups, and treatments, though you're not ready to choose one yet. I'm here to support you whenever you're ready to explore these options further or talk about anything else.

Would you like to continue the conversation?",114,77,Thank you for our conversation today.,,,,
1,671fff4fced93c3e5a17f230,counsellor,52,36,"Thank you for our conversation today. To summarize, we talked about your desire to quit smoking for health reasons and the importance of your wife's feelings, which adds motivation to your journey. Although you've enjoyed the fun aspects of smoking from a young age, you envision a healthier, better life with a deeper connection with your wife. We explored some potential approaches, like setting a quit date, support groups, and treatments, though you're not ready to choose one yet. I'm here to support you whenever you're ready to explore these options further or talk about anything else.

Would you like to continue the conversation?",115,78,"To summarize, we talked about your desire to quit smoking for health reasons and the importance of your wife's feelings, which adds motivation to your journey.",,,,
1,671fff4fced93c3e5a17f230,counsellor,52,36,"Thank you for our conversation today. To summarize, we talked about your desire to quit smoking for health reasons and the importance of your wife's feelings, which adds motivation to your journey. Although you've enjoyed the fun aspects of smoking from a young age, you envision a healthier, better life with a deeper connection with your wife. We explored some potential approaches, like setting a quit date, support groups, and treatments, though you're not ready to choose one yet. I'm here to support you whenever you're ready to explore these options further or talk about anything else.

Would you like to continue the conversation?",116,79,"Although you've enjoyed the fun aspects of smoking from a young age, you envision a healthier, better life with a deeper connection with your wife.",,,,
1,671fff4fced93c3e5a17f230,counsellor,52,36,"Thank you for our conversation today. To summarize, we talked about your desire to quit smoking for health reasons and the importance of your wife's feelings, which adds motivation to your journey. Although you've enjoyed the fun aspects of smoking from a young age, you envision a healthier, better life with a deeper connection with your wife. We explored some potential approaches, like setting a quit date, support groups, and treatments, though you're not ready to choose one yet. I'm here to support you whenever you're ready to explore these options further or talk about anything else.

Would you like to continue the conversation?",117,80,"We explored some potential approaches, like setting a quit date, support groups, and treatments, though you're not ready to choose one yet.",,,,
1,671fff4fced93c3e5a17f230,counsellor,52,36,"Thank you for our conversation today. To summarize, we talked about your desire to quit smoking for health reasons and the importance of your wife's feelings, which adds motivation to your journey. Although you've enjoyed the fun aspects of smoking from a young age, you envision a healthier, better life with a deeper connection with your wife. We explored some potential approaches, like setting a quit date, support groups, and treatments, though you're not ready to choose one yet. I'm here to support you whenever you're ready to explore these options further or talk about anything else.

Would you like to continue the conversation?",118,81,I'm here to support you whenever you're ready to explore these options further or talk about anything else.,,,,
1,671fff4fced93c3e5a17f230,counsellor,52,36,"Thank you for our conversation today. To summarize, we talked about your desire to quit smoking for health reasons and the importance of your wife's feelings, which adds motivation to your journey. Although you've enjoyed the fun aspects of smoking from a young age, you envision a healthier, better life with a deeper connection with your wife. We explored some potential approaches, like setting a quit date, support groups, and treatments, though you're not ready to choose one yet. I'm here to support you whenever you're ready to explore these options further or talk about anything else.

Would you like to continue the conversation?",119,82,Would you like to continue the conversation?,,,,
1,671fff4fced93c3e5a17f230,client,53,37,No,120,83,No,N,"The client is simply answering a closing question about whether they wish to continue the conversation, which does not express a stance toward changing or maintaining the target behavior.",N,"The client's response 'No' is a direct answer to a logistical question about continuing the session and does not express a desire, reluctance, or commitment regarding the behavior change itself."
2,6735337bd46a0b33a2bcf429,counsellor,54,0,Hello! It’s great to have you here today. How has your day been so far?,121,0,Hello!,,,,
2,6735337bd46a0b33a2bcf429,counsellor,54,0,Hello! It’s great to have you here today. How has your day been so far?,122,1,It’s great to have you here today.,,,,
2,6735337bd46a0b33a2bcf429,counsellor,54,0,Hello! It’s great to have you here today. How has your day been so far?,123,2,How has your day been so far?,,,,
2,6735337bd46a0b33a2bcf429,client,55,1,Not bad. I just got up about an hour ago.,124,3,Not bad.,N,The client is responding to a general greeting about their day and is not expressing any stance regarding the target behavior.,N,"The client is providing a neutral response to a social greeting, which does not express a desire or reluctance regarding a behavioral change."
2,6735337bd46a0b33a2bcf429,client,55,1,Not bad. I just got up about an hour ago.,125,4,I just got up about an hour ago.,N,The client is providing a factual response to a general greeting and is not expressing any stance toward changing or maintaining a target behavior.,N,"The client is providing a factual response to a social greeting and is not expressing any desire, reluctance, or commitment regarding a behavioral change."
2,6735337bd46a0b33a2bcf429,counsellor,56,2,I hope you managed to get some good rest. Mornings can really set the tone for the day. How are you feeling about being here today?,126,5,I hope you managed to get some good rest.,,,,
2,6735337bd46a0b33a2bcf429,counsellor,56,2,I hope you managed to get some good rest. Mornings can really set the tone for the day. How are you feeling about being here today?,127,6,Mornings can really set the tone for the day.,,,,
2,6735337bd46a0b33a2bcf429,counsellor,56,2,I hope you managed to get some good rest. Mornings can really set the tone for the day. How are you feeling about being here today?,128,7,How are you feeling about being here today?,,,,
2,6735337bd46a0b33a2bcf429,client,57,3,"I'm actually feeling a bit hungry, and I might go make breakfast soon. Anyway, I feel good.",129,8,"I'm actually feeling a bit hungry, and I might go make breakfast soon.",N,"The client is discussing their immediate physical state and plans for breakfast, which is unrelated to the target behavior of the counseling session.",N,"The client is discussing their immediate physical needs (hunger and breakfast), which does not express a desire, need, or commitment to change a specific behavior, nor does it express resistance to change."
2,6735337bd46a0b33a2bcf429,client,57,3,"I'm actually feeling a bit hungry, and I might go make breakfast soon. Anyway, I feel good.",130,9,"Anyway, I feel good.",N,"The client is reporting their current mood/emotional state, which does not express a stance for or against changing the target behavior.",N,"The client is expressing a general positive mood, but this does not indicate a desire, commitment, or resistance regarding a specific behavioral change."
2,6735337bd46a0b33a2bcf429,counsellor,58,4,"I'm glad to hear you feel good about being here. And breakfast is always a great idea! Before you head to the kitchen, is there anything on your mind that you'd like to talk about today?",131,10,I'm glad to hear you feel good about being here.,,,,
2,6735337bd46a0b33a2bcf429,counsellor,58,4,"I'm glad to hear you feel good about being here. And breakfast is always a great idea! Before you head to the kitchen, is there anything on your mind that you'd like to talk about today?",132,11,And breakfast is always a great idea!,,,,
2,6735337bd46a0b33a2bcf429,counsellor,58,4,"I'm glad to hear you feel good about being here. And breakfast is always a great idea! Before you head to the kitchen, is there anything on your mind that you'd like to talk about today?",133,12,"Before you head to the kitchen, is there anything on your mind that you'd like to talk about today?",,,,
2,6735337bd46a0b33a2bcf429,client,59,5,"Nothing in particular, how about you?",134,13,"Nothing in particular,",N,"The client is simply responding to the counselor's question without expressing any desire, need, or commitment to either change or maintain a behavior.",N,"The client's response is a neutral statement indicating they have nothing specific to discuss, which does not express a desire or resistance toward change."
2,6735337bd46a0b33a2bcf429,client,59,5,"Nothing in particular, how about you?",135,14,how about you?,N,"The client is asking a reciprocal question to the counsellor and is not expressing any stance, desire, or commitment regarding the target behavior.",N,"The client is asking a reciprocal social question to the counsellor, which does not express a desire, need, or resistance regarding a behavioral change."
2,6735337bd46a0b33a2bcf429,counsellor,60,6,"I’m honestly here to listen to what’s on your mind. Sometimes talking about things can bring a lot of clarity, even if nothing specific is pressing. Do you feel like there are any habits or routines in your life that you're curious to explore during our time together?",136,15,I’m honestly here to listen to what’s on your mind.,,,,
2,6735337bd46a0b33a2bcf429,counsellor,60,6,"I’m honestly here to listen to what’s on your mind. Sometimes talking about things can bring a lot of clarity, even if nothing specific is pressing. Do you feel like there are any habits or routines in your life that you're curious to explore during our time together?",137,16,"Sometimes talking about things can bring a lot of clarity, even if nothing specific is pressing.",,,,
2,6735337bd46a0b33a2bcf429,counsellor,60,6,"I’m honestly here to listen to what’s on your mind. Sometimes talking about things can bring a lot of clarity, even if nothing specific is pressing. Do you feel like there are any habits or routines in your life that you're curious to explore during our time together?",138,17,Do you feel like there are any habits or routines in your life that you're curious to explore during our time together?,,,,
2,6735337bd46a0b33a2bcf429,client,61,7,give me some ideas...,139,18,give me some ideas...,N,"The client is asking the counsellor for suggestions rather than expressing a desire, need, or commitment to either change or maintain a specific behavior.",N,"The client is asking for suggestions rather than expressing a desire, commitment, or resistance toward a specific change."
2,6735337bd46a0b33a2bcf429,counsellor,62,8,"Sure, we can delve into various aspects of life like your daily routines, any goals or changes you've been considering, or even habits like smoking that you might have mixed feelings about. Is there anything among these that catches your interest?",140,19,"Sure, we can delve into various aspects of life like your daily routines, any goals or changes you've been considering, or even habits like smoking that you might have mixed feelings about.",,,,
2,6735337bd46a0b33a2bcf429,counsellor,62,8,"Sure, we can delve into various aspects of life like your daily routines, any goals or changes you've been considering, or even habits like smoking that you might have mixed feelings about. Is there anything among these that catches your interest?",141,20,Is there anything among these that catches your interest?,,,,
2,6735337bd46a0b33a2bcf429,client,63,9,"Well I would like to quit smoking, and have tried in the past, but obviously my success rate after 3+ attempts is low.",142,21,"Well I would like to quit smoking,",C,The client explicitly expresses a desire to change their behavior by stating they 'would like to quit smoking'.,D+,The client explicitly states a wish or preference to change their behavior using the phrase 'I would like to'.
2,6735337bd46a0b33a2bcf429,client,63,9,"Well I would like to quit smoking, and have tried in the past, but obviously my success rate after 3+ attempts is low.",143,22,"and have tried in the past,",C,"The client mentions having tried to change in the past, which constitutes 'recent steps' or previous attempts toward change, indicating a stance in favor of changing the behavior.",TS+,"The client mentions that they have 'tried in the past,' which indicates they have previously taken actions or steps toward changing the behavior."
2,6735337bd46a0b33a2bcf429,client,63,9,"Well I would like to quit smoking, and have tried in the past, but obviously my success rate after 3+ attempts is low.",144,23,but obviously my success rate after 3+ attempts is low.,S,"The client is expressing pessimism about their ability to change based on previous failed attempts, which is a characteristic of sustain talk.",AB-,The client is expressing doubt and pessimism regarding their capacity to successfully change their behavior based on their history of failed attempts.
2,6735337bd46a0b33a2bcf429,counsellor,64,10,"Quitting smoking can be a challenging journey, especially after putting in so much effort. You’ve shown a lot of determination by trying multiple times, which is really commendable. What do you think kept you going even after facing those challenges?",145,24,"Quitting smoking can be a challenging journey, especially after putting in so much effort.",,,,
2,6735337bd46a0b33a2bcf429,counsellor,64,10,"Quitting smoking can be a challenging journey, especially after putting in so much effort. You’ve shown a lot of determination by trying multiple times, which is really commendable. What do you think kept you going even after facing those challenges?",146,25,"You’ve shown a lot of determination by trying multiple times, which is really commendable.",,,,
2,6735337bd46a0b33a2bcf429,counsellor,64,10,"Quitting smoking can be a challenging journey, especially after putting in so much effort. You’ve shown a lot of determination by trying multiple times, which is really commendable. What do you think kept you going even after facing those challenges?",147,26,What do you think kept you going even after facing those challenges?,,,,
2,6735337bd46a0b33a2bcf429,client,65,11,"What do you mean, why did I start again?",148,27,"What do you mean, why did I start again?",N,The client is asking for clarification regarding the counsellor's question and is not expressing a stance for or against changing their behavior.,N,"The client is asking for clarification regarding the counsellor's question and is not expressing a desire, commitment, or resistance toward changing their behavior."
2,6735337bd46a0b33a2bcf429,counsellor,66,12,I meant to reflect on the motivation behind your desire to quit and what gave you the push to try multiple times. Sometimes understanding what drives us can be inspiring. What do you think was behind your decision to quit those times?,149,28,I meant to reflect on the motivation behind your desire to quit and what gave you the push to try multiple times.,,,,
2,6735337bd46a0b33a2bcf429,counsellor,66,12,I meant to reflect on the motivation behind your desire to quit and what gave you the push to try multiple times. Sometimes understanding what drives us can be inspiring. What do you think was behind your decision to quit those times?,150,29,Sometimes understanding what drives us can be inspiring.,,,,
2,6735337bd46a0b33a2bcf429,counsellor,66,12,I meant to reflect on the motivation behind your desire to quit and what gave you the push to try multiple times. Sometimes understanding what drives us can be inspiring. What do you think was behind your decision to quit those times?,151,30,What do you think was behind your decision to quit those times?,,,,
2,6735337bd46a0b33a2bcf429,client,67,13,"Ah... Well, mostly for health reasons. You know what congizant dissonance is like? Knowing something is bad, and still doing it? Also, the alleged chemical dependency aspect of it all.",152,31,"Ah... Well, mostly for health reasons.",C,"The client identifies 'health reasons' as the motivation for their previous attempts to quit, which constitutes providing reasons for change.",R+,"The client is identifying the specific motivation (health reasons) that drives the desire to change their behavior, which constitutes a reason for change."
2,6735337bd46a0b33a2bcf429,client,67,13,"Ah... Well, mostly for health reasons. You know what congizant dissonance is like? Knowing something is bad, and still doing it? Also, the alleged chemical dependency aspect of it all.",153,32,You know what congizant dissonance is like?,N,"The client is asking a question about a psychological concept rather than expressing a desire, need, commitment, or reason to either change or maintain their behavior.",N,"The client is asking a question about a psychological concept rather than expressing a desire, need, or resistance regarding their own behavior change."
2,6735337bd46a0b33a2bcf429,client,67,13,"Ah... Well, mostly for health reasons. You know what congizant dissonance is like? Knowing something is bad, and still doing it? Also, the alleged chemical dependency aspect of it all.",154,33,"Knowing something is bad, and still doing it?",N,"The client is reflecting on the contradiction of their behavior, but they are not expressing a current commitment, desire, or reason to change, nor a commitment to maintain the behavior. It is a reflective question/statement about their past patterns.",N,"The client is posing a rhetorical or reflective question about the contradiction of their behavior, but they are not expressing a clear desire to change or a reason to avoid change."
2,6735337bd46a0b33a2bcf429,client,67,13,"Ah... Well, mostly for health reasons. You know what congizant dissonance is like? Knowing something is bad, and still doing it? Also, the alleged chemical dependency aspect of it all.",155,34,"Also, the alleged chemical dependency aspect of it all.",C,"The client is providing a factual reason or a contributing factor (chemical dependency) for their previous attempts to quit, which aligns with identifying 'reasons for change'.",O+,"The client is identifying a factor (chemical dependency) that contributes to the problem or the need for change, which serves as a recognition of the problem without expressing a specific desire, ability, or commitment."
2,6735337bd46a0b33a2bcf429,counsellor,68,14,"It sounds like you're caught in that challenging space where you’re aware of the health risks yet feeling the pull of both habit and dependency. It's a tough spot to be in, recognizing the harm and still finding yourself drawn to it. How does this inner conflict affect your daily life?",156,35,It sounds like you're caught in that challenging space where you’re aware of the health risks yet feeling the pull of both habit and dependency.,,,,
2,6735337bd46a0b33a2bcf429,counsellor,68,14,"It sounds like you're caught in that challenging space where you’re aware of the health risks yet feeling the pull of both habit and dependency. It's a tough spot to be in, recognizing the harm and still finding yourself drawn to it. How does this inner conflict affect your daily life?",157,36,"It's a tough spot to be in, recognizing the harm and still finding yourself drawn to it.",,,,
2,6735337bd46a0b33a2bcf429,counsellor,68,14,"It sounds like you're caught in that challenging space where you’re aware of the health risks yet feeling the pull of both habit and dependency. It's a tough spot to be in, recognizing the harm and still finding yourself drawn to it. How does this inner conflict affect your daily life?",158,37,How does this inner conflict affect your daily life?,,,,
2,6735337bd46a0b33a2bcf429,client,69,15,"Well, money is tight right now so it affects my anxiety levels when I'mhoping I won't have to make a choice between something important, or another pack of cigarettes. But then when I buy a fresh pack",159,38,"Well, money is tight right now so it affects my anxiety levels when I'm hoping I won't have to make a choice between something important, or another pack of cigarettes.",C,"The client identifies a financial burden and increased anxiety caused by the cost of cigarettes, which serves as a personal reason for wanting to change the behavior.",R+,"The client identifies a negative consequence of their behavior (financial strain and anxiety), which serves as a reason why changing the behavior would be beneficial."
2,6735337bd46a0b33a2bcf429,client,69,15,"Well, money is tight right now so it affects my anxiety levels when I'mhoping I won't have to make a choice between something important, or another pack of cigarettes. But then when I buy a fresh pack",160,39,But then when I buy a fresh pack,N,The utterance is an incomplete thought that describes a routine action (buying cigarettes) without expressing a desire to change or a specific reason for maintaining the habit.,N,"The utterance is an incomplete thought and does not express a desire, commitment, reason, or barrier regarding change."
2,6735337bd46a0b33a2bcf429,counsellor,70,16,"It must be really challenging to feel that pressure between financial constraints and the urge to buy cigarettes. Anxiety around finances can make things even harder. When you do buy a pack, how do you feel in those moments?",161,40,It must be really challenging to feel that pressure between financial constraints and the urge to buy cigarettes.,,,,
2,6735337bd46a0b33a2bcf429,counsellor,70,16,"It must be really challenging to feel that pressure between financial constraints and the urge to buy cigarettes. Anxiety around finances can make things even harder. When you do buy a pack, how do you feel in those moments?",162,41,Anxiety around finances can make things even harder.,,,,
2,6735337bd46a0b33a2bcf429,counsellor,70,16,"It must be really challenging to feel that pressure between financial constraints and the urge to buy cigarettes. Anxiety around finances can make things even harder. When you do buy a pack, how do you feel in those moments?",163,42,"When you do buy a pack, how do you feel in those moments?",,,,
2,6735337bd46a0b33a2bcf429,client,71,17,"It's like all those worries go away, but at the same time kind of lying to myself saying I'll quit after this one or ""soon"". It's mostly towards the end of a pack where the mini panic sets in.",164,43,"It's like all those worries go away, but at the same time kind of lying to myself saying I'll quit after this one or ""soon"".",S,"The client describes the positive reinforcement of the behavior ('worries go away') and acknowledges a pattern of delaying change ('lying to myself saying I'll quit... soon'), which reflects a desire to maintain the current habit.",R-,"The client explains that smoking makes their worries 'go away,' which serves as a justification or reason for continuing the behavior."
2,6735337bd46a0b33a2bcf429,client,71,17,"It's like all those worries go away, but at the same time kind of lying to myself saying I'll quit after this one or ""soon"". It's mostly towards the end of a pack where the mini panic sets in.",165,44,It's mostly towards the end of a pack where the mini panic sets in.,N,The client is providing a factual description of their experience and the timing of their anxiety without expressing a desire to change or a commitment to maintain the behavior.,N,"The client is describing the emotional experience of running out of cigarettes, but they are not expressing a desire to change their behavior or a reason to maintain it."
2,6735337bd46a0b33a2bcf429,counsellor,72,18,"There's a sense of relief in the moment, almost like a temporary escape from the anxiety, and yet there’s also this underlying awareness and push to quit. It's understandable how that cycle can be tiring. What do you think makes the end of the pack bring up that mini panic for you?",166,45,"There's a sense of relief in the moment, almost like a temporary escape from the anxiety, and yet there’s also this underlying awareness and push to quit.",,,,
2,6735337bd46a0b33a2bcf429,counsellor,72,18,"There's a sense of relief in the moment, almost like a temporary escape from the anxiety, and yet there’s also this underlying awareness and push to quit. It's understandable how that cycle can be tiring. What do you think makes the end of the pack bring up that mini panic for you?",167,46,It's understandable how that cycle can be tiring.,,,,
2,6735337bd46a0b33a2bcf429,counsellor,72,18,"There's a sense of relief in the moment, almost like a temporary escape from the anxiety, and yet there’s also this underlying awareness and push to quit. It's understandable how that cycle can be tiring. What do you think makes the end of the pack bring up that mini panic for you?",168,47,What do you think makes the end of the pack bring up that mini panic for you?,,,,
2,6735337bd46a0b33a2bcf429,client,73,19,"I'd hate to have to go through an extended period of time without a cigarette, and really craving one.",169,48,"I'd hate to have to go through an extended period of time without a cigarette,",S,"The client expresses a desire to avoid the discomfort of being without cigarettes, which serves as a reason for maintaining the behavior.",D-,"The client expresses a negative feeling ('I'd hate to') regarding the prospect of abstaining from cigarettes, which reflects a desire to maintain the current behavior to avoid discomfort."
2,6735337bd46a0b33a2bcf429,client,73,19,"I'd hate to have to go through an extended period of time without a cigarette, and really craving one.",170,49,and really craving one.,S,"The client is expressing a strong desire to continue the behavior (craving a cigarette), which aligns with the 'Desire' aspect of Sustain Talk.",D-,The client is expressing a strong urge or desire to engage in the target behavior (smoking) in the current moment.
2,6735337bd46a0b33a2bcf429,counsellor,74,20,The idea of facing that period without cigarettes—and the cravings that could come with it—sounds daunting. It's understandable to feel apprehensive about that discomfort. Have you noticed any moments or situations where the cravings aren’t as strong or are more manageable for you?,171,50,The idea of facing that period without cigarettes—and the cravings that could come with it—sounds daunting.,,,,
2,6735337bd46a0b33a2bcf429,counsellor,74,20,The idea of facing that period without cigarettes—and the cravings that could come with it—sounds daunting. It's understandable to feel apprehensive about that discomfort. Have you noticed any moments or situations where the cravings aren’t as strong or are more manageable for you?,172,51,It's understandable to feel apprehensive about that discomfort.,,,,
2,6735337bd46a0b33a2bcf429,counsellor,74,20,The idea of facing that period without cigarettes—and the cravings that could come with it—sounds daunting. It's understandable to feel apprehensive about that discomfort. Have you noticed any moments or situations where the cravings aren’t as strong or are more manageable for you?,173,52,Have you noticed any moments or situations where the cravings aren’t as strong or are more manageable for you?,,,,
2,6735337bd46a0b33a2bcf429,client,75,21,"hmmm, good question. I can't say for sure... Maybe when I'm really sick or something. Smoking when I have a sore throat and a dry mouth isn't the most pleasant.",174,53,"hmmm, good question.",N,"The client is acknowledging the counselor's question without expressing any stance, desire, or commitment regarding changing or maintaining their behavior.",N,"The client's response is a neutral acknowledgement of the counsellor's question and does not express a desire, commitment, or resistance regarding change."
2,6735337bd46a0b33a2bcf429,client,75,21,"hmmm, good question. I can't say for sure... Maybe when I'm really sick or something. Smoking when I have a sore throat and a dry mouth isn't the most pleasant.",175,54,I can't say for sure...,N,"The client is providing a non-committal response to the counselor's question, neither expressing a desire to change nor a desire to maintain the behavior.",N,"The client's response is uncertain and does not express a desire, commitment, or reason to change, nor does it express a reason to remain the same."
2,6735337bd46a0b33a2bcf429,client,75,21,"hmmm, good question. I can't say for sure... Maybe when I'm really sick or something. Smoking when I have a sore throat and a dry mouth isn't the most pleasant.",176,55,Maybe when I'm really sick or something.,N,"The client is providing a factual answer to the counselor's question about when cravings are manageable, without expressing a desire, commitment, or reason to change or maintain their behavior.",N,"The client's response identifies a specific circumstance where cravings are manageable, but it does not express a desire, commitment, or reason to change their behavior."
2,6735337bd46a0b33a2bcf429,client,75,21,"hmmm, good question. I can't say for sure... Maybe when I'm really sick or something. Smoking when I have a sore throat and a dry mouth isn't the most pleasant.",177,56,Smoking when I have a sore throat and a dry mouth isn't the most pleasant.,C,"The client is identifying a negative aspect of the behavior (discomfort), which serves as a reason for change.",R+,"The client is identifying a negative aspect of the current behavior (smoking) and a reason why it is unpleasant, which serves as a reason for changing the behavior."
2,6735337bd46a0b33a2bcf429,counsellor,76,22,"Thank you for sharing your time and thoughts today. We've reached the end of our session, and I’d like to take a moment to reflect on what we’ve discussed. You expressed a strong desire to quit smoking, driven by health concerns and financial strain. There’s this conflict of understanding the risks while still feeling the pull of habit and dependency, especially facing the anxiety of choosing between a new pack and other important needs. You've noted that cravings are less intense when you're not feeling well, which is interesting. These insights could be valuable stepping stones as you continue to explore reasons to quit. I appreciate your openness today, and whenever you’re ready to talk more, I’m here to support you on this journey. Take care, and I hope you have a good day ahead.",178,57,Thank you for sharing your time and thoughts today.,,,,
2,6735337bd46a0b33a2bcf429,counsellor,76,22,"Thank you for sharing your time and thoughts today. We've reached the end of our session, and I’d like to take a moment to reflect on what we’ve discussed. You expressed a strong desire to quit smoking, driven by health concerns and financial strain. There’s this conflict of understanding the risks while still feeling the pull of habit and dependency, especially facing the anxiety of choosing between a new pack and other important needs. You've noted that cravings are less intense when you're not feeling well, which is interesting. These insights could be valuable stepping stones as you continue to explore reasons to quit. I appreciate your openness today, and whenever you’re ready to talk more, I’m here to support you on this journey. Take care, and I hope you have a good day ahead.",179,58,"We've reached the end of our session, and I’d like to take a moment to reflect on what we’ve discussed.",,,,
2,6735337bd46a0b33a2bcf429,counsellor,76,22,"Thank you for sharing your time and thoughts today. We've reached the end of our session, and I’d like to take a moment to reflect on what we’ve discussed. You expressed a strong desire to quit smoking, driven by health concerns and financial strain. There’s this conflict of understanding the risks while still feeling the pull of habit and dependency, especially facing the anxiety of choosing between a new pack and other important needs. You've noted that cravings are less intense when you're not feeling well, which is interesting. These insights could be valuable stepping stones as you continue to explore reasons to quit. I appreciate your openness today, and whenever you’re ready to talk more, I’m here to support you on this journey. Take care, and I hope you have a good day ahead.",180,59,"You expressed a strong desire to quit smoking, driven by health concerns and financial strain.",,,,
2,6735337bd46a0b33a2bcf429,counsellor,76,22,"Thank you for sharing your time and thoughts today. We've reached the end of our session, and I’d like to take a moment to reflect on what we’ve discussed. You expressed a strong desire to quit smoking, driven by health concerns and financial strain. There’s this conflict of understanding the risks while still feeling the pull of habit and dependency, especially facing the anxiety of choosing between a new pack and other important needs. You've noted that cravings are less intense when you're not feeling well, which is interesting. These insights could be valuable stepping stones as you continue to explore reasons to quit. I appreciate your openness today, and whenever you’re ready to talk more, I’m here to support you on this journey. Take care, and I hope you have a good day ahead.",181,60,"There’s this conflict of understanding the risks while still feeling the pull of habit and dependency, especially facing the anxiety of choosing between a new pack and other important needs.",,,,
2,6735337bd46a0b33a2bcf429,counsellor,76,22,"Thank you for sharing your time and thoughts today. We've reached the end of our session, and I’d like to take a moment to reflect on what we’ve discussed. You expressed a strong desire to quit smoking, driven by health concerns and financial strain. There’s this conflict of understanding the risks while still feeling the pull of habit and dependency, especially facing the anxiety of choosing between a new pack and other important needs. You've noted that cravings are less intense when you're not feeling well, which is interesting. These insights could be valuable stepping stones as you continue to explore reasons to quit. I appreciate your openness today, and whenever you’re ready to talk more, I’m here to support you on this journey. Take care, and I hope you have a good day ahead.",182,61,"You've noted that cravings are less intense when you're not feeling well, which is interesting.",,,,
2,6735337bd46a0b33a2bcf429,counsellor,76,22,"Thank you for sharing your time and thoughts today. We've reached the end of our session, and I’d like to take a moment to reflect on what we’ve discussed. You expressed a strong desire to quit smoking, driven by health concerns and financial strain. There’s this conflict of understanding the risks while still feeling the pull of habit and dependency, especially facing the anxiety of choosing between a new pack and other important needs. You've noted that cravings are less intense when you're not feeling well, which is interesting. These insights could be valuable stepping stones as you continue to explore reasons to quit. I appreciate your openness today, and whenever you’re ready to talk more, I’m here to support you on this journey. Take care, and I hope you have a good day ahead.",183,62,These insights could be valuable stepping stones as you continue to explore reasons to quit.,,,,
2,6735337bd46a0b33a2bcf429,counsellor,76,22,"Thank you for sharing your time and thoughts today. We've reached the end of our session, and I’d like to take a moment to reflect on what we’ve discussed. You expressed a strong desire to quit smoking, driven by health concerns and financial strain. There’s this conflict of understanding the risks while still feeling the pull of habit and dependency, especially facing the anxiety of choosing between a new pack and other important needs. You've noted that cravings are less intense when you're not feeling well, which is interesting. These insights could be valuable stepping stones as you continue to explore reasons to quit. I appreciate your openness today, and whenever you’re ready to talk more, I’m here to support you on this journey. Take care, and I hope you have a good day ahead.",184,63,"I appreciate your openness today, and whenever you’re ready to talk more, I’m here to support you on this journey.",,,,
2,6735337bd46a0b33a2bcf429,counsellor,76,22,"Thank you for sharing your time and thoughts today. We've reached the end of our session, and I’d like to take a moment to reflect on what we’ve discussed. You expressed a strong desire to quit smoking, driven by health concerns and financial strain. There’s this conflict of understanding the risks while still feeling the pull of habit and dependency, especially facing the anxiety of choosing between a new pack and other important needs. You've noted that cravings are less intense when you're not feeling well, which is interesting. These insights could be valuable stepping stones as you continue to explore reasons to quit. I appreciate your openness today, and whenever you’re ready to talk more, I’m here to support you on this journey. Take care, and I hope you have a good day ahead.",185,64,"Take care, and I hope you have a good day ahead.",,,,
3,6481e7756969fcd48ea9c634,counsellor,77,0,Hi there! I'm glad you could join me today. How are you doing? Anything on your mind that you'd like to talk about?,186,0,Hi there!,,,,
3,6481e7756969fcd48ea9c634,counsellor,77,0,Hi there! I'm glad you could join me today. How are you doing? Anything on your mind that you'd like to talk about?,187,1,I'm glad you could join me today.,,,,
3,6481e7756969fcd48ea9c634,counsellor,77,0,Hi there! I'm glad you could join me today. How are you doing? Anything on your mind that you'd like to talk about?,188,2,How are you doing?,,,,
3,6481e7756969fcd48ea9c634,counsellor,77,0,Hi there! I'm glad you could join me today. How are you doing? Anything on your mind that you'd like to talk about?,189,3,Anything on your mind that you'd like to talk about?,,,,
3,6481e7756969fcd48ea9c634,client,78,1,"Hello, I am feeling great right now!",190,4,"Hello, I am feeling great right now!",N,"The client is responding to a general greeting and expressing their current mood, which does not indicate a stance toward changing or maintaining a target behavior.",N,"The client is simply responding to a greeting and stating their current mood, which does not express a desire, reluctance, or commitment regarding a specific behavioral change."
3,6481e7756969fcd48ea9c634,counsellor,79,2,That's great to hear! I'm glad you're feeling good. Is there anything you'd like to explore or talk about during our time together today?,191,5,That's great to hear!,,,,
3,6481e7756969fcd48ea9c634,counsellor,79,2,That's great to hear! I'm glad you're feeling good. Is there anything you'd like to explore or talk about during our time together today?,192,6,I'm glad you're feeling good.,,,,
3,6481e7756969fcd48ea9c634,counsellor,79,2,That's great to hear! I'm glad you're feeling good. Is there anything you'd like to explore or talk about during our time together today?,193,7,Is there anything you'd like to explore or talk about during our time together today?,,,,
3,6481e7756969fcd48ea9c634,client,80,3,I would like to talk about ways you  can help me to reduce the amount of cigarettes I smoke each day.,194,8,I would like to talk about ways you can help me to reduce the amount of cigarettes I smoke each day.,C,"The client is expressing a desire to change their behavior and is actively seeking strategies to reduce their cigarette consumption, which constitutes Change Talk.",D+,"The client explicitly states a wish to find ways to reduce their smoking, which expresses a desire for change."
3,6481e7756969fcd48ea9c634,counsellor,81,4,"Of course, I'd be glad to help with that. It's great that you want to reduce your smoking. What has motivated you to think about cutting down on cigarettes?",195,9,"Of course, I'd be glad to help with that.",,,,
3,6481e7756969fcd48ea9c634,counsellor,81,4,"Of course, I'd be glad to help with that. It's great that you want to reduce your smoking. What has motivated you to think about cutting down on cigarettes?",196,10,It's great that you want to reduce your smoking.,,,,
3,6481e7756969fcd48ea9c634,counsellor,81,4,"Of course, I'd be glad to help with that. It's great that you want to reduce your smoking. What has motivated you to think about cutting down on cigarettes?",197,11,What has motivated you to think about cutting down on cigarettes?,,,,
3,6481e7756969fcd48ea9c634,client,82,5,My age has triggered me to reduce the amount. I also cough alot.,198,12,My age has triggered me to reduce the amount.,C,"The client identifies their age as a motivation for reducing smoking, which constitutes a 'Reason' for change.",R+,The client is providing a specific reason (their age) as the motivation for wanting to reduce their smoking behavior.
3,6481e7756969fcd48ea9c634,client,82,5,My age has triggered me to reduce the amount. I also cough alot.,199,13,I also cough a lot.,C,"The client is providing a health-related reason (coughing) as motivation for reducing their smoking, which constitutes 'Reasons for change'.",R+,The client is identifying a negative health symptom (coughing) as a reason why they should reduce or stop smoking.
3,6481e7756969fcd48ea9c634,counsellor,83,6,"You're noticing the impact smoking is having on your body, especially with the coughing, and you're considering your age as an important factor in wanting to make a change. It sounds like you're starting to weigh the benefits of reducing smoking for your health. What would you hope to gain from cutting back on cigarettes?",200,14,"You're noticing the impact smoking is having on your body, especially with the coughing, and you're considering your age as an important factor in wanting to make a change.",,,,
3,6481e7756969fcd48ea9c634,counsellor,83,6,"You're noticing the impact smoking is having on your body, especially with the coughing, and you're considering your age as an important factor in wanting to make a change. It sounds like you're starting to weigh the benefits of reducing smoking for your health. What would you hope to gain from cutting back on cigarettes?",201,15,It sounds like you're starting to weigh the benefits of reducing smoking for your health.,,,,
3,6481e7756969fcd48ea9c634,counsellor,83,6,"You're noticing the impact smoking is having on your body, especially with the coughing, and you're considering your age as an important factor in wanting to make a change. It sounds like you're starting to weigh the benefits of reducing smoking for your health. What would you hope to gain from cutting back on cigarettes?",202,16,What would you hope to gain from cutting back on cigarettes?,,,,
3,6481e7756969fcd48ea9c634,client,84,7,I am hoping for better health overall.,203,17,I am hoping for better health overall.,C,"The client is expressing a desire for better health, which serves as a personal reason and motivation for changing their smoking behavior.",D+,The client is expressing a desire for a positive outcome (better health) as a result of changing their behavior.
3,6481e7756969fcd48ea9c634,counsellor,85,8,"Improving your health can have such a positive impact on your life. You're envisioning a healthier future for yourself, which is really motivating. What are some changes in your health you'd like to see as you start reducing smoking?",204,18,Improving your health can have such a positive impact on your life.,,,,
3,6481e7756969fcd48ea9c634,counsellor,85,8,"Improving your health can have such a positive impact on your life. You're envisioning a healthier future for yourself, which is really motivating. What are some changes in your health you'd like to see as you start reducing smoking?",205,19,"You're envisioning a healthier future for yourself, which is really motivating.",,,,
3,6481e7756969fcd48ea9c634,counsellor,85,8,"Improving your health can have such a positive impact on your life. You're envisioning a healthier future for yourself, which is really motivating. What are some changes in your health you'd like to see as you start reducing smoking?",206,20,What are some changes in your health you'd like to see as you start reducing smoking?,,,,
3,6481e7756969fcd48ea9c634,client,86,9,I would like to see me more motivated to eat healthier and exercise more often.,207,21,I would like to see me more motivated to eat healthier and exercise more often.,C,"The client expresses a desire to improve their health habits (eating healthier and exercising more), which represents a stance toward positive change.",D+,"The client explicitly states what they 'would like to see' regarding their health behaviors, which is a clear expression of a wish or desire for change."
3,6481e7756969fcd48ea9c634,counsellor,87,10,"It sounds like you're hoping that by smoking less, it could lead to a domino effect of positive changes in your life, like better nutrition and increased exercise. You're imagining a healthier, more active version of yourself. How do you think smoking less might influence those other areas of your life?",208,22,"It sounds like you're hoping that by smoking less, it could lead to a domino effect of positive changes in your life, like better nutrition and increased exercise.",,,,
3,6481e7756969fcd48ea9c634,counsellor,87,10,"It sounds like you're hoping that by smoking less, it could lead to a domino effect of positive changes in your life, like better nutrition and increased exercise. You're imagining a healthier, more active version of yourself. How do you think smoking less might influence those other areas of your life?",209,23,"You're imagining a healthier, more active version of yourself.",,,,
3,6481e7756969fcd48ea9c634,counsellor,87,10,"It sounds like you're hoping that by smoking less, it could lead to a domino effect of positive changes in your life, like better nutrition and increased exercise. You're imagining a healthier, more active version of yourself. How do you think smoking less might influence those other areas of your life?",210,24,How do you think smoking less might influence those other areas of your life?,,,,
3,6481e7756969fcd48ea9c634,client,88,11,Smoking less will help with breathing when I start to do more exercising like going for long walks up and down slopes or hills.,211,25,Smoking less will help with breathing when I start to do more exercising like going for long walks up and down slopes or hills.,C,"The client is identifying a specific reason why reducing their smoking would be beneficial, linking the change to an improvement in their physical ability to exercise.",R+,"The client is providing a specific reason why reducing smoking would be beneficial (improved breathing for exercise), which serves as a justification for changing the behavior."
3,6481e7756969fcd48ea9c634,counsellor,89,12,Being able to breathe more easily during physical activities like walking up hills could make the experience more enjoyable and encourage you to be more active. You're connecting how reducing smoking could directly improve how you feel during exercise. What do you think might be some first steps you could take towards reducing your smoking?,212,26,Being able to breathe more easily during physical activities like walking up hills could make the experience more enjoyable and encourage you to be more active.,,,,
3,6481e7756969fcd48ea9c634,counsellor,89,12,Being able to breathe more easily during physical activities like walking up hills could make the experience more enjoyable and encourage you to be more active. You're connecting how reducing smoking could directly improve how you feel during exercise. What do you think might be some first steps you could take towards reducing your smoking?,213,27,You're connecting how reducing smoking could directly improve how you feel during exercise.,,,,
3,6481e7756969fcd48ea9c634,counsellor,89,12,Being able to breathe more easily during physical activities like walking up hills could make the experience more enjoyable and encourage you to be more active. You're connecting how reducing smoking could directly improve how you feel during exercise. What do you think might be some first steps you could take towards reducing your smoking?,214,28,What do you think might be some first steps you could take towards reducing your smoking?,,,,
3,6481e7756969fcd48ea9c634,client,90,13,"I could cut back on the amount of cigarettes I smoke each day. Possible reducing the number by 2 at first then as the weeks go on, I can reduce it by one more.",215,29,I could cut back on the amount of cigarettes I smoke each day.,C,"The client is identifying a specific plan or alternative to their current behavior, which constitutes commitment/planning language toward change.",AC+,The client is suggesting a specific alternative or a way to begin the process of change in response to the counsellor's question about first steps.
3,6481e7756969fcd48ea9c634,client,90,13,"I could cut back on the amount of cigarettes I smoke each day. Possible reducing the number by 2 at first then as the weeks go on, I can reduce it by one more.",216,30,"Possible reducing the number by 2 at first then as the weeks go on, I can reduce it by one more.",C,"The client is proposing a specific plan and making a commitment to reduce their smoking over time, which is a clear expression of change talk.",AC+,"The client is suggesting a specific plan or alternative approach to reduce their smoking in response to the counsellor's question about first steps, which indicates a leaning towards action."
3,6481e7756969fcd48ea9c634,counsellor,91,14,"Starting by cutting back a couple of cigarettes each day sounds like a thoughtful and manageable approach. You're making a realistic plan that allows for gradual change, which could make the process more sustainable for you. Are there specific times or situations where you feel most comfortable reducing those cigarettes?",217,31,Starting by cutting back a couple of cigarettes each day sounds like a thoughtful and manageable approach.,,,,
3,6481e7756969fcd48ea9c634,counsellor,91,14,"Starting by cutting back a couple of cigarettes each day sounds like a thoughtful and manageable approach. You're making a realistic plan that allows for gradual change, which could make the process more sustainable for you. Are there specific times or situations where you feel most comfortable reducing those cigarettes?",218,32,"You're making a realistic plan that allows for gradual change, which could make the process more sustainable for you.",,,,
3,6481e7756969fcd48ea9c634,counsellor,91,14,"Starting by cutting back a couple of cigarettes each day sounds like a thoughtful and manageable approach. You're making a realistic plan that allows for gradual change, which could make the process more sustainable for you. Are there specific times or situations where you feel most comfortable reducing those cigarettes?",219,33,Are there specific times or situations where you feel most comfortable reducing those cigarettes?,,,,
3,6481e7756969fcd48ea9c634,client,92,15,I feel that when I am less stressed I can manage the amount I smoke each day. It's when I get into stressful situations I tend to smoke more often.,220,34,I feel that when I am less stressed I can manage the amount I smoke each day.,C,"The client is expressing a belief in their ability to manage and reduce their smoking under certain conditions, which indicates optimism and a perceived path toward change.",AB+,"The client is expressing a belief in their capacity to manage their smoking behavior under certain conditions, which reflects their perceived ability to change."
3,6481e7756969fcd48ea9c634,client,92,15,I feel that when I am less stressed I can manage the amount I smoke each day. It's when I get into stressful situations I tend to smoke more often.,221,35,It's when I get into stressful situations I tend to smoke more often.,N,The client is providing a factual statement about their smoking patterns and triggers without expressing a desire to change or a commitment to maintain the behavior.,N,The client is providing information about their smoking triggers (stress) without expressing a desire to change or a reason to maintain the behavior.
3,6481e7756969fcd48ea9c634,counsellor,93,16,"Stressful situations seem to be closely tied to when you smoke more. You've noticed that when you're feeling relaxed, it's easier for you to manage your smoking. Understanding this pattern can really help as you look to cut back. How do you typically handle stress, and are there other strategies you might consider trying, in place of smoking, when stress arises?",222,36,Stressful situations seem to be closely tied to when you smoke more.,,,,
3,6481e7756969fcd48ea9c634,counsellor,93,16,"Stressful situations seem to be closely tied to when you smoke more. You've noticed that when you're feeling relaxed, it's easier for you to manage your smoking. Understanding this pattern can really help as you look to cut back. How do you typically handle stress, and are there other strategies you might consider trying, in place of smoking, when stress arises?",223,37,"You've noticed that when you're feeling relaxed, it's easier for you to manage your smoking.",,,,
3,6481e7756969fcd48ea9c634,counsellor,93,16,"Stressful situations seem to be closely tied to when you smoke more. You've noticed that when you're feeling relaxed, it's easier for you to manage your smoking. Understanding this pattern can really help as you look to cut back. How do you typically handle stress, and are there other strategies you might consider trying, in place of smoking, when stress arises?",224,38,Understanding this pattern can really help as you look to cut back.,,,,
3,6481e7756969fcd48ea9c634,counsellor,93,16,"Stressful situations seem to be closely tied to when you smoke more. You've noticed that when you're feeling relaxed, it's easier for you to manage your smoking. Understanding this pattern can really help as you look to cut back. How do you typically handle stress, and are there other strategies you might consider trying, in place of smoking, when stress arises?",225,39,"How do you typically handle stress, and are there other strategies you might consider trying, in place of smoking, when stress arises?",,,,
3,6481e7756969fcd48ea9c634,client,94,17,I manage stress by smoking. I also use breathing techniques and go for walks.,226,40,I manage stress by smoking.,S,"The client is stating that they use smoking as their primary method for managing stress, which serves as a reason for maintaining the behavior.",R-,"The client is providing a reason why they continue to smoke, specifically identifying it as their primary method for managing stress."
3,6481e7756969fcd48ea9c634,client,94,17,I manage stress by smoking. I also use breathing techniques and go for walks.,227,41,I also use breathing techniques and go for walks.,C,"The client is identifying alternative coping strategies (breathing techniques and walking) that they already use, which serves as a 'recent step' or a resource for reducing the target behavior.",AC+,"The client is identifying specific alternative strategies they already use to manage stress instead of smoking, which demonstrates a lean towards action and the use of alternatives."
3,6481e7756969fcd48ea9c634,counsellor,95,18,"You have a couple of healthy strategies like breathing techniques and going for walks that help you manage stress, in addition to smoking. These are great tools you already have in place. How might you leverage them even more to support your goal of reducing smoking, especially in stressful times?",228,42,"You have a couple of healthy strategies like breathing techniques and going for walks that help you manage stress, in addition to smoking.",,,,
3,6481e7756969fcd48ea9c634,counsellor,95,18,"You have a couple of healthy strategies like breathing techniques and going for walks that help you manage stress, in addition to smoking. These are great tools you already have in place. How might you leverage them even more to support your goal of reducing smoking, especially in stressful times?",229,43,These are great tools you already have in place.,,,,
3,6481e7756969fcd48ea9c634,counsellor,95,18,"You have a couple of healthy strategies like breathing techniques and going for walks that help you manage stress, in addition to smoking. These are great tools you already have in place. How might you leverage them even more to support your goal of reducing smoking, especially in stressful times?",230,44,"How might you leverage them even more to support your goal of reducing smoking, especially in stressful times?",,,,
3,6481e7756969fcd48ea9c634,client,96,19,I could set a regular schedule for myself to exercise maybe 3 to 4 days a weeks.,231,45,I could set a regular schedule for myself to exercise maybe 3 to 4 days a week.,C,"The client is proposing a specific plan (setting an exercise schedule) to support their goal of reducing smoking, which constitutes commitment/planning for change.",AC+,"The client is suggesting a specific alternative strategy (regular exercise) to help manage stress and reduce smoking, which indicates a leaning towards action."
3,6481e7756969fcd48ea9c634,counsellor,97,20,Setting a regular exercise schedule sounds like a strong step towards managing stress and supporting your goal to reduce smoking. Committing to a routine could offer consistency and a healthy outlet for stress. Is there anything else you'd like to discuss or explore on this journey before we talk about any next steps?,232,46,Setting a regular exercise schedule sounds like a strong step towards managing stress and supporting your goal to reduce smoking.,,,,
3,6481e7756969fcd48ea9c634,counsellor,97,20,Setting a regular exercise schedule sounds like a strong step towards managing stress and supporting your goal to reduce smoking. Committing to a routine could offer consistency and a healthy outlet for stress. Is there anything else you'd like to discuss or explore on this journey before we talk about any next steps?,233,47,Committing to a routine could offer consistency and a healthy outlet for stress.,,,,
3,6481e7756969fcd48ea9c634,counsellor,97,20,Setting a regular exercise schedule sounds like a strong step towards managing stress and supporting your goal to reduce smoking. Committing to a routine could offer consistency and a healthy outlet for stress. Is there anything else you'd like to discuss or explore on this journey before we talk about any next steps?,234,48,Is there anything else you'd like to discuss or explore on this journey before we talk about any next steps?,,,,
3,6481e7756969fcd48ea9c634,client,98,21,no nothing,235,49,no,N,"The client's response is a simple negative answer to a closing question, which does not express a stance for or against changing the target behavior.",N,"The client's response is a simple negative answer to a closing question and does not express a desire, need, or commitment to change, nor does it express resistance to change."
3,6481e7756969fcd48ea9c634,client,98,21,no nothing,236,50,nothing,N,"The client's response is a brief acknowledgement that they have nothing further to add, which does not express a stance for or against changing their behavior.",N,"The client's response 'nothing' is a neutral statement indicating they have no further topics to discuss; it does not express a desire, commitment, or resistance regarding change."
3,6481e7756969fcd48ea9c634,counsellor,99,22,"Thank you for our conversation today. We've talked about your motivation to reduce smoking due to concerns about your health and age, and how you're experiencing frequent coughing as a result of smoking. You expressed a desire for better overall health and hope for more motivation to eat healthier and exercise more. You linked cutting down on smoking with easier breathing during walks, especially up hills. You've considered a gradual reduction in smoking, by a couple of cigarettes each day, as a practical first step. We also discussed how smoking is a response to stress for you, yet you also use breathing techniques and walks to manage stress. Committing to a regular exercise schedule, perhaps three to four days a week, could support both stress relief and your goal of smoking less. If there's anything else you'd like to explore or if you're ready to talk about next steps when the time is right, I'm here for you.

Would you like to continue the conversation?",237,51,Thank you for our conversation today.,,,,
3,6481e7756969fcd48ea9c634,counsellor,99,22,"Thank you for our conversation today. We've talked about your motivation to reduce smoking due to concerns about your health and age, and how you're experiencing frequent coughing as a result of smoking. You expressed a desire for better overall health and hope for more motivation to eat healthier and exercise more. You linked cutting down on smoking with easier breathing during walks, especially up hills. You've considered a gradual reduction in smoking, by a couple of cigarettes each day, as a practical first step. We also discussed how smoking is a response to stress for you, yet you also use breathing techniques and walks to manage stress. Committing to a regular exercise schedule, perhaps three to four days a week, could support both stress relief and your goal of smoking less. If there's anything else you'd like to explore or if you're ready to talk about next steps when the time is right, I'm here for you.

Would you like to continue the conversation?",238,52,"We've talked about your motivation to reduce smoking due to concerns about your health and age, and how you're experiencing frequent coughing as a result of smoking.",,,,
3,6481e7756969fcd48ea9c634,counsellor,99,22,"Thank you for our conversation today. We've talked about your motivation to reduce smoking due to concerns about your health and age, and how you're experiencing frequent coughing as a result of smoking. You expressed a desire for better overall health and hope for more motivation to eat healthier and exercise more. You linked cutting down on smoking with easier breathing during walks, especially up hills. You've considered a gradual reduction in smoking, by a couple of cigarettes each day, as a practical first step. We also discussed how smoking is a response to stress for you, yet you also use breathing techniques and walks to manage stress. Committing to a regular exercise schedule, perhaps three to four days a week, could support both stress relief and your goal of smoking less. If there's anything else you'd like to explore or if you're ready to talk about next steps when the time is right, I'm here for you.

Would you like to continue the conversation?",239,53,You expressed a desire for better overall health and hope for more motivation to eat healthier and exercise more.,,,,
3,6481e7756969fcd48ea9c634,counsellor,99,22,"Thank you for our conversation today. We've talked about your motivation to reduce smoking due to concerns about your health and age, and how you're experiencing frequent coughing as a result of smoking. You expressed a desire for better overall health and hope for more motivation to eat healthier and exercise more. You linked cutting down on smoking with easier breathing during walks, especially up hills. You've considered a gradual reduction in smoking, by a couple of cigarettes each day, as a practical first step. We also discussed how smoking is a response to stress for you, yet you also use breathing techniques and walks to manage stress. Committing to a regular exercise schedule, perhaps three to four days a week, could support both stress relief and your goal of smoking less. If there's anything else you'd like to explore or if you're ready to talk about next steps when the time is right, I'm here for you.

Would you like to continue the conversation?",240,54,"You linked cutting down on smoking with easier breathing during walks, especially up hills.",,,,
3,6481e7756969fcd48ea9c634,counsellor,99,22,"Thank you for our conversation today. We've talked about your motivation to reduce smoking due to concerns about your health and age, and how you're experiencing frequent coughing as a result of smoking. You expressed a desire for better overall health and hope for more motivation to eat healthier and exercise more. You linked cutting down on smoking with easier breathing during walks, especially up hills. You've considered a gradual reduction in smoking, by a couple of cigarettes each day, as a practical first step. We also discussed how smoking is a response to stress for you, yet you also use breathing techniques and walks to manage stress. Committing to a regular exercise schedule, perhaps three to four days a week, could support both stress relief and your goal of smoking less. If there's anything else you'd like to explore or if you're ready to talk about next steps when the time is right, I'm here for you.

Would you like to continue the conversation?",241,55,"You've considered a gradual reduction in smoking, by a couple of cigarettes each day, as a practical first step.",,,,
3,6481e7756969fcd48ea9c634,counsellor,99,22,"Thank you for our conversation today. We've talked about your motivation to reduce smoking due to concerns about your health and age, and how you're experiencing frequent coughing as a result of smoking. You expressed a desire for better overall health and hope for more motivation to eat healthier and exercise more. You linked cutting down on smoking with easier breathing during walks, especially up hills. You've considered a gradual reduction in smoking, by a couple of cigarettes each day, as a practical first step. We also discussed how smoking is a response to stress for you, yet you also use breathing techniques and walks to manage stress. Committing to a regular exercise schedule, perhaps three to four days a week, could support both stress relief and your goal of smoking less. If there's anything else you'd like to explore or if you're ready to talk about next steps when the time is right, I'm here for you.

Would you like to continue the conversation?",242,56,"We also discussed how smoking is a response to stress for you, yet you also use breathing techniques and walks to manage stress.",,,,
3,6481e7756969fcd48ea9c634,counsellor,99,22,"Thank you for our conversation today. We've talked about your motivation to reduce smoking due to concerns about your health and age, and how you're experiencing frequent coughing as a result of smoking. You expressed a desire for better overall health and hope for more motivation to eat healthier and exercise more. You linked cutting down on smoking with easier breathing during walks, especially up hills. You've considered a gradual reduction in smoking, by a couple of cigarettes each day, as a practical first step. We also discussed how smoking is a response to stress for you, yet you also use breathing techniques and walks to manage stress. Committing to a regular exercise schedule, perhaps three to four days a week, could support both stress relief and your goal of smoking less. If there's anything else you'd like to explore or if you're ready to talk about next steps when the time is right, I'm here for you.

Would you like to continue the conversation?",243,57,"Committing to a regular exercise schedule, perhaps three to four days a week, could support both stress relief and your goal of smoking less.",,,,
3,6481e7756969fcd48ea9c634,counsellor,99,22,"Thank you for our conversation today. We've talked about your motivation to reduce smoking due to concerns about your health and age, and how you're experiencing frequent coughing as a result of smoking. You expressed a desire for better overall health and hope for more motivation to eat healthier and exercise more. You linked cutting down on smoking with easier breathing during walks, especially up hills. You've considered a gradual reduction in smoking, by a couple of cigarettes each day, as a practical first step. We also discussed how smoking is a response to stress for you, yet you also use breathing techniques and walks to manage stress. Committing to a regular exercise schedule, perhaps three to four days a week, could support both stress relief and your goal of smoking less. If there's anything else you'd like to explore or if you're ready to talk about next steps when the time is right, I'm here for you.

Would you like to continue the conversation?",244,58,"If there's anything else you'd like to explore or if you're ready to talk about next steps when the time is right, I'm here for you.",,,,
3,6481e7756969fcd48ea9c634,counsellor,99,22,"Thank you for our conversation today. We've talked about your motivation to reduce smoking due to concerns about your health and age, and how you're experiencing frequent coughing as a result of smoking. You expressed a desire for better overall health and hope for more motivation to eat healthier and exercise more. You linked cutting down on smoking with easier breathing during walks, especially up hills. You've considered a gradual reduction in smoking, by a couple of cigarettes each day, as a practical first step. We also discussed how smoking is a response to stress for you, yet you also use breathing techniques and walks to manage stress. Committing to a regular exercise schedule, perhaps three to four days a week, could support both stress relief and your goal of smoking less. If there's anything else you'd like to explore or if you're ready to talk about next steps when the time is right, I'm here for you.

Would you like to continue the conversation?",245,59,Would you like to continue the conversation?,,,,
3,6481e7756969fcd48ea9c634,client,100,23,No,246,60,No,N,The client is simply answering a closing question from the counsellor about whether they wish to continue the conversation. This is a neutral response that does not express a stance toward changing or maintaining the target behavior.,N,"The client's response 'No' is a direct answer to a procedural question about whether they wish to continue the conversation; it does not express a desire, reluctance, or commitment regarding the behavioral change of smoking."
4,6127b32b912465823dca1e4b,counsellor,101,0,Hello! It's lovely to have you here. How are you doing today?,247,0,Hello!,,,,
4,6127b32b912465823dca1e4b,counsellor,101,0,Hello! It's lovely to have you here. How are you doing today?,248,1,It's lovely to have you here.,,,,
4,6127b32b912465823dca1e4b,counsellor,101,0,Hello! It's lovely to have you here. How are you doing today?,249,2,How are you doing today?,,,,
4,6127b32b912465823dca1e4b,client,102,1,ok,250,3,ok,N,"The client is providing a brief, neutral response to the counsellor's greeting without expressing any stance toward changing or maintaining a behavior.",N,"The client's response is a simple acknowledgement and does not express any desire, need, or commitment to change, nor does it express resistance to change."
4,6127b32b912465823dca1e4b,counsellor,103,2,"It's good to hear you're okay. Thank you for being here today. I'm here to support you, especially with anything you might be feeling uncertain about right now. Is there anything about your smoking habits or anything else you'd like to discuss today?",251,4,It's good to hear you're okay.,,,,
4,6127b32b912465823dca1e4b,counsellor,103,2,"It's good to hear you're okay. Thank you for being here today. I'm here to support you, especially with anything you might be feeling uncertain about right now. Is there anything about your smoking habits or anything else you'd like to discuss today?",252,5,Thank you for being here today.,,,,
4,6127b32b912465823dca1e4b,counsellor,103,2,"It's good to hear you're okay. Thank you for being here today. I'm here to support you, especially with anything you might be feeling uncertain about right now. Is there anything about your smoking habits or anything else you'd like to discuss today?",253,6,"I'm here to support you, especially with anything you might be feeling uncertain about right now.",,,,
4,6127b32b912465823dca1e4b,counsellor,103,2,"It's good to hear you're okay. Thank you for being here today. I'm here to support you, especially with anything you might be feeling uncertain about right now. Is there anything about your smoking habits or anything else you'd like to discuss today?",254,7,Is there anything about your smoking habits or anything else you'd like to discuss today?,,,,
4,6127b32b912465823dca1e4b,client,104,3,not really,255,8,not really,N,"The client is providing a brief, neutral response to the counsellor's open-ended question, neither expressing a desire to change nor a desire to maintain their smoking habits.",N,The client's response is a neutral denial of having specific topics to discuss and does not express a desire to change or a resistance to change.
4,6127b32b912465823dca1e4b,counsellor,105,4,"That's perfectly fine. We can take things one step at a time. If there's anything on your mind, feel free to bring it up whenever you're ready. In the meantime, would you mind sharing a little about your experience with smoking? No pressure; just whatever you're comfortable with.",256,9,That's perfectly fine.,,,,
4,6127b32b912465823dca1e4b,counsellor,105,4,"That's perfectly fine. We can take things one step at a time. If there's anything on your mind, feel free to bring it up whenever you're ready. In the meantime, would you mind sharing a little about your experience with smoking? No pressure; just whatever you're comfortable with.",257,10,We can take things one step at a time.,,,,
4,6127b32b912465823dca1e4b,counsellor,105,4,"That's perfectly fine. We can take things one step at a time. If there's anything on your mind, feel free to bring it up whenever you're ready. In the meantime, would you mind sharing a little about your experience with smoking? No pressure; just whatever you're comfortable with.",258,11,"If there's anything on your mind, feel free to bring it up whenever you're ready.",,,,
4,6127b32b912465823dca1e4b,counsellor,105,4,"That's perfectly fine. We can take things one step at a time. If there's anything on your mind, feel free to bring it up whenever you're ready. In the meantime, would you mind sharing a little about your experience with smoking? No pressure; just whatever you're comfortable with.",259,12,"In the meantime, would you mind sharing a little about your experience with smoking?",,,,
4,6127b32b912465823dca1e4b,counsellor,105,4,"That's perfectly fine. We can take things one step at a time. If there's anything on your mind, feel free to bring it up whenever you're ready. In the meantime, would you mind sharing a little about your experience with smoking? No pressure; just whatever you're comfortable with.",260,13,No pressure; just whatever you're comfortable with.,,,,
4,6127b32b912465823dca1e4b,client,106,5,"ive smoked since 18 im 41 now, i like smoking",261,14,I've smoked since 18.,N,The client is providing a factual statement about their history with smoking without expressing a desire to change or a desire to continue.,N,The client is providing a factual piece of history regarding their smoking habit without expressing a desire to change or a reason to continue.
4,6127b32b912465823dca1e4b,client,106,5,"ive smoked since 18 im 41 now, i like smoking",262,15,I'm 41 now.,N,"The client is providing a factual statement about their age in response to the counselor's request for information, without expressing any stance toward changing or maintaining their smoking behavior.",N,"The client is providing a factual piece of demographic information (their age) which does not express a desire, reluctance, or commitment to change their behavior."
4,6127b32b912465823dca1e4b,client,106,5,"ive smoked since 18 im 41 now, i like smoking",263,16,I like smoking.,S,"The client explicitly expresses a positive feeling toward the target behavior, which indicates a desire to maintain the habit.",D-,"The client is expressing a positive feeling and a personal preference for continuing the behavior, which directly indicates a desire to maintain it."
4,6127b32b912465823dca1e4b,counsellor,107,6,That's quite a long journey with smoking. It sounds like it's something you find enjoyable. What is it about smoking that you like?,264,17,That's quite a long journey with smoking.,,,,
4,6127b32b912465823dca1e4b,counsellor,107,6,That's quite a long journey with smoking. It sounds like it's something you find enjoyable. What is it about smoking that you like?,265,18,It sounds like it's something you find enjoyable.,,,,
4,6127b32b912465823dca1e4b,counsellor,107,6,That's quite a long journey with smoking. It sounds like it's something you find enjoyable. What is it about smoking that you like?,266,19,What is it about smoking that you like?,,,,
4,6127b32b912465823dca1e4b,client,108,7,it relaxes me and theres nothing better than a smoke after eating or sex,267,20,it relaxes me,S,"The client is providing a reason for maintaining the target behavior (smoking), specifically citing stress relief/relaxation.",R-,"The client is providing a specific reason why they continue to smoke, highlighting the benefit of relaxation."
4,6127b32b912465823dca1e4b,client,108,7,it relaxes me and theres nothing better than a smoke after eating or sex,268,21,and theres nothing better than a smoke after eating or sex,S,"The client is providing specific reasons why they enjoy smoking, which expresses a desire to maintain the behavior.",R-,"The client is providing specific reasons why they maintain the behavior, highlighting the pleasure and satisfaction derived from smoking in particular contexts."
4,6127b32b912465823dca1e4b,counsellor,109,8,"It sounds like smoking has become a way for you to unwind, especially during those moments that you find satisfying. Smoking seems to be tied to some of your daily routines. Are there any other moments or situations where you notice smoking playing a role in your life?",269,22,"It sounds like smoking has become a way for you to unwind, especially during those moments that you find satisfying.",,,,
4,6127b32b912465823dca1e4b,counsellor,109,8,"It sounds like smoking has become a way for you to unwind, especially during those moments that you find satisfying. Smoking seems to be tied to some of your daily routines. Are there any other moments or situations where you notice smoking playing a role in your life?",270,23,Smoking seems to be tied to some of your daily routines.,,,,
4,6127b32b912465823dca1e4b,counsellor,109,8,"It sounds like smoking has become a way for you to unwind, especially during those moments that you find satisfying. Smoking seems to be tied to some of your daily routines. Are there any other moments or situations where you notice smoking playing a role in your life?",271,24,Are there any other moments or situations where you notice smoking playing a role in your life?,,,,
4,6127b32b912465823dca1e4b,client,110,9,stress,272,25,stress,S,"The client identifies 'stress' as a situation where smoking plays a role, which serves as a reason for maintaining the behavior (using smoking as a coping mechanism).",R-,"The client identifies 'stress' as a situation where smoking plays a role, providing a reason why they maintain the behavior (as a coping mechanism for stress)."
4,6127b32b912465823dca1e4b,counsellor,111,10,"It seems like smoking has become a tool for managing stress as well. It’s understandable how it could feel like a moment of calm amidst chaos. How do you feel about its role in helping you deal with stress? Do you find it effective, or are there any mixed feelings about it?",273,26,It seems like smoking has become a tool for managing stress as well.,,,,
4,6127b32b912465823dca1e4b,counsellor,111,10,"It seems like smoking has become a tool for managing stress as well. It’s understandable how it could feel like a moment of calm amidst chaos. How do you feel about its role in helping you deal with stress? Do you find it effective, or are there any mixed feelings about it?",274,27,It’s understandable how it could feel like a moment of calm amidst chaos.,,,,
4,6127b32b912465823dca1e4b,counsellor,111,10,"It seems like smoking has become a tool for managing stress as well. It’s understandable how it could feel like a moment of calm amidst chaos. How do you feel about its role in helping you deal with stress? Do you find it effective, or are there any mixed feelings about it?",275,28,How do you feel about its role in helping you deal with stress?,,,,
4,6127b32b912465823dca1e4b,counsellor,111,10,"It seems like smoking has become a tool for managing stress as well. It’s understandable how it could feel like a moment of calm amidst chaos. How do you feel about its role in helping you deal with stress? Do you find it effective, or are there any mixed feelings about it?",276,29,"Do you find it effective, or are there any mixed feelings about it?",,,,
4,6127b32b912465823dca1e4b,client,112,11,it helps,277,30,it helps,S,"The client is stating a reason why they continue the behavior, specifically that smoking is effective for stress management, which reinforces the maintenance of the habit.",R-,"The client is providing a reason why they continue the behavior, specifically stating that smoking is effective for managing stress."
4,6127b32b912465823dca1e4b,counsellor,113,12,"It seems that smoking is a reliable way for you to find some relief and cope with stress. That's really important. While it helps, are there any downsides or concerns you've noticed about smoking in your life?",278,31,It seems that smoking is a reliable way for you to find some relief and cope with stress.,,,,
4,6127b32b912465823dca1e4b,counsellor,113,12,"It seems that smoking is a reliable way for you to find some relief and cope with stress. That's really important. While it helps, are there any downsides or concerns you've noticed about smoking in your life?",279,32,That's really important.,,,,
4,6127b32b912465823dca1e4b,counsellor,113,12,"It seems that smoking is a reliable way for you to find some relief and cope with stress. That's really important. While it helps, are there any downsides or concerns you've noticed about smoking in your life?",280,33,"While it helps, are there any downsides or concerns you've noticed about smoking in your life?",,,,
4,6127b32b912465823dca1e4b,client,114,13,usual stuff smell etc,281,34,usual stuff,N,"The client's response is vague and does not express a specific desire, commitment, or reason to either change or maintain the behavior; it simply acknowledges the counselor's question without taking a stance.",N,"The client's response is vague and does not express a specific desire, ability, reason, or need to change, nor does it express a desire to maintain the status quo."
4,6127b32b912465823dca1e4b,client,114,13,usual stuff smell etc,282,35,smell,C,"The client identifies a downside of smoking (the smell), which serves as a reason for change.",R+,"The client identifies a negative consequence of smoking (the smell), which serves as a reason for wanting to change the behavior."
4,6127b32b912465823dca1e4b,client,114,13,usual stuff smell etc,283,36,etc,N,"The target utterance 'etc' is a fragmented response that does not express a desire, need, commitment, or reason to either change or maintain the behavior.",N,"The utterance 'etc' is a filler or a fragmented response that does not express a desire, need, or commitment to change, nor does it express a reason to maintain the status quo."
4,6127b32b912465823dca1e4b,counsellor,115,14,"It sounds like the common downsides like the smell are noticeable to you, even though smoking helps in other ways. Balancing these benefits and downsides can be difficult at times. Is there anything else about smoking that you'd like to talk about today?",284,37,"It sounds like the common downsides like the smell are noticeable to you, even though smoking helps in other ways.",,,,
4,6127b32b912465823dca1e4b,counsellor,115,14,"It sounds like the common downsides like the smell are noticeable to you, even though smoking helps in other ways. Balancing these benefits and downsides can be difficult at times. Is there anything else about smoking that you'd like to talk about today?",285,38,Balancing these benefits and downsides can be difficult at times.,,,,
4,6127b32b912465823dca1e4b,counsellor,115,14,"It sounds like the common downsides like the smell are noticeable to you, even though smoking helps in other ways. Balancing these benefits and downsides can be difficult at times. Is there anything else about smoking that you'd like to talk about today?",286,39,Is there anything else about smoking that you'd like to talk about today?,,,,
4,6127b32b912465823dca1e4b,client,116,15,arent u supposed to help me quit?,287,40,arent u supposed to help me quit?,N,"The client is asking a question about the counselor's role and the purpose of the session without expressing a personal desire, commitment, or reason to either change or maintain the behavior.",N,"The client is questioning the counsellor's role and asking for help, but they are not expressing a specific desire, reason, or commitment to change their behavior in this utterance."
4,6127b32b912465823dca1e4b,counsellor,117,16,"I'm here to support you in exploring your feelings about smoking and help you find your own path forward. If quitting is something you'd like to discuss, we can certainly talk about that together. How do you feel about the idea of quitting or cutting back on smoking right now?",288,41,I'm here to support you in exploring your feelings about smoking and help you find your own path forward.,,,,
4,6127b32b912465823dca1e4b,counsellor,117,16,"I'm here to support you in exploring your feelings about smoking and help you find your own path forward. If quitting is something you'd like to discuss, we can certainly talk about that together. How do you feel about the idea of quitting or cutting back on smoking right now?",289,42,"If quitting is something you'd like to discuss, we can certainly talk about that together.",,,,
4,6127b32b912465823dca1e4b,counsellor,117,16,"I'm here to support you in exploring your feelings about smoking and help you find your own path forward. If quitting is something you'd like to discuss, we can certainly talk about that together. How do you feel about the idea of quitting or cutting back on smoking right now?",290,43,How do you feel about the idea of quitting or cutting back on smoking right now?,,,,
4,6127b32b912465823dca1e4b,client,118,17,scared,291,44,scared,S,"The client's response 'scared' expresses an emotional barrier or apprehension regarding the process of quitting, which indicates pessimism or fear associated with change, thereby aligning with sustain talk.",AB-,"The client expresses a feeling of fear regarding the prospect of quitting, which indicates a lack of confidence or pessimism about their capacity to handle the change."
4,6127b32b912465823dca1e4b,counsellor,119,18,"Thank you for sharing that. Feeling scared is a very natural reaction, especially when thinking about making a change. It's understandable considering how smoking has been a part of your life for so long. What fears or concerns come up for you when you think about quitting or cutting back?",292,45,Thank you for sharing that.,,,,
4,6127b32b912465823dca1e4b,counsellor,119,18,"Thank you for sharing that. Feeling scared is a very natural reaction, especially when thinking about making a change. It's understandable considering how smoking has been a part of your life for so long. What fears or concerns come up for you when you think about quitting or cutting back?",293,46,"Feeling scared is a very natural reaction, especially when thinking about making a change.",,,,
4,6127b32b912465823dca1e4b,counsellor,119,18,"Thank you for sharing that. Feeling scared is a very natural reaction, especially when thinking about making a change. It's understandable considering how smoking has been a part of your life for so long. What fears or concerns come up for you when you think about quitting or cutting back?",294,47,It's understandable considering how smoking has been a part of your life for so long.,,,,
4,6127b32b912465823dca1e4b,counsellor,119,18,"Thank you for sharing that. Feeling scared is a very natural reaction, especially when thinking about making a change. It's understandable considering how smoking has been a part of your life for so long. What fears or concerns come up for you when you think about quitting or cutting back?",295,48,What fears or concerns come up for you when you think about quitting or cutting back?,,,,
4,6127b32b912465823dca1e4b,client,120,19,im a nervous person always have been,296,49,I'm a nervous person,N,"The client is providing a general factual statement about their personality/disposition, which does not express a specific stance toward changing or maintaining the target behavior.",N,"The client is stating a general personality trait ('I'm a nervous person') which does not express a desire, commitment, or resistance regarding the specific change of quitting smoking."
4,6127b32b912465823dca1e4b,client,120,19,im a nervous person always have been,297,50,always have been,N,"The client is providing a factual confirmation/agreement with the counsellor's observation that smoking has been a part of their life for a long time, without expressing a desire to change or a desire to continue.",N,The client's response is a brief confirmation of the counselor's statement and does not express a desire to change or a reason to remain the same.
4,6127b32b912465823dca1e4b,counsellor,121,20,"It seems like smoking has been a way to manage some of those nervous feelings over the years. That makes a lot of sense if it's been a source of comfort for you. When you think about change, what would reassure you or make it feel safer?",298,51,It seems like smoking has been a way to manage some of those nervous feelings over the years.,,,,
4,6127b32b912465823dca1e4b,counsellor,121,20,"It seems like smoking has been a way to manage some of those nervous feelings over the years. That makes a lot of sense if it's been a source of comfort for you. When you think about change, what would reassure you or make it feel safer?",299,52,That makes a lot of sense if it's been a source of comfort for you.,,,,
4,6127b32b912465823dca1e4b,counsellor,121,20,"It seems like smoking has been a way to manage some of those nervous feelings over the years. That makes a lot of sense if it's been a source of comfort for you. When you think about change, what would reassure you or make it feel safer?",300,53,"When you think about change, what would reassure you or make it feel safer?",,,,
4,6127b32b912465823dca1e4b,client,122,21,i dont know any suggestions?,301,54,i dont know,N,"The client's response is a non-committal statement that does not express a desire, need, or commitment to either change or maintain the behavior.",N,The client's response 'i dont know' is a neutral statement that does not express a desire to change or a resistance to change.
4,6127b32b912465823dca1e4b,client,122,21,i dont know any suggestions?,302,55,any suggestions?,N,"The client is asking the counsellor for input rather than expressing a personal desire, need, commitment, or reason to either change or maintain the behavior.",N,"The client is asking for suggestions rather than expressing a desire, ability, reason, or need to change, nor are they resisting change."
4,6127b32b912465823dca1e4b,counsellor,123,22,"We can explore some ideas together if you're open to it. Before we jump into that, is there anything else on your mind that you’d like to discuss first?",303,56,We can explore some ideas together if you're open to it.,,,,
4,6127b32b912465823dca1e4b,counsellor,123,22,"We can explore some ideas together if you're open to it. Before we jump into that, is there anything else on your mind that you’d like to discuss first?",304,57,"Before we jump into that, is there anything else on your mind that you’d like to discuss first?",,,,
4,6127b32b912465823dca1e4b,client,124,23,"no, id just like some ideas/suggestions",305,58,"no, id just like some ideas/suggestions",N,The client is simply responding to the counsellor's question and agreeing to move forward with the session without expressing a specific stance for or against changing their behavior.,N,"The client is not expressing a desire to change a specific behavior, nor are they resisting change; they are simply responding to a logistical question about the flow of the session."
4,6127b32b912465823dca1e4b,counsellor,125,24,"Great, I appreciate your openness to explore some ideas. From what we've talked about, smoking is closely tied to relaxation and managing stress. We could think about finding small ways to introduce other calming activities or routines that might give you that similar sense of relaxation. 

Would it be alright if we explore different options that have worked for others, and see if anything resonates with you?",306,59,"Great, I appreciate your openness to explore some ideas.",,,,
4,6127b32b912465823dca1e4b,counsellor,125,24,"Great, I appreciate your openness to explore some ideas. From what we've talked about, smoking is closely tied to relaxation and managing stress. We could think about finding small ways to introduce other calming activities or routines that might give you that similar sense of relaxation. 

Would it be alright if we explore different options that have worked for others, and see if anything resonates with you?",307,60,"From what we've talked about, smoking is closely tied to relaxation and managing stress.",,,,
4,6127b32b912465823dca1e4b,counsellor,125,24,"Great, I appreciate your openness to explore some ideas. From what we've talked about, smoking is closely tied to relaxation and managing stress. We could think about finding small ways to introduce other calming activities or routines that might give you that similar sense of relaxation. 

Would it be alright if we explore different options that have worked for others, and see if anything resonates with you?",308,61,We could think about finding small ways to introduce other calming activities or routines that might give you that similar sense of relaxation.,,,,
4,6127b32b912465823dca1e4b,counsellor,125,24,"Great, I appreciate your openness to explore some ideas. From what we've talked about, smoking is closely tied to relaxation and managing stress. We could think about finding small ways to introduce other calming activities or routines that might give you that similar sense of relaxation. 

Would it be alright if we explore different options that have worked for others, and see if anything resonates with you?",309,62,"Would it be alright if we explore different options that have worked for others, and see if anything resonates with you?",,,,
4,6127b32b912465823dca1e4b,client,126,25,yes please,310,63,yes please,N,"The client is agreeing to explore alternatives to smoking, which indicates a willingness to consider change, but the utterance itself is a simple agreement to the counselor's suggestion without expressing a personal stance or commitment to change.",N,"The client is agreeing to explore options for change, but the utterance itself is a simple affirmative response to a request for permission rather than a statement of change talk or resistance."
4,6127b32b912465823dca1e4b,counsellor,127,26,"Some people have found activities like deep breathing exercises, short walks, or even listening to music helpful for relaxation. Others enjoy finding a hobby that keeps their hands busy, like drawing or puzzles. Since you mentioned that you're a nervous person, setting up a calming routine or environment could also help. How do these ideas sound to you? Any that you think could potentially fit into your lifestyle?",311,64,"Some people have found activities like deep breathing exercises, short walks, or even listening to music helpful for relaxation.",,,,
4,6127b32b912465823dca1e4b,counsellor,127,26,"Some people have found activities like deep breathing exercises, short walks, or even listening to music helpful for relaxation. Others enjoy finding a hobby that keeps their hands busy, like drawing or puzzles. Since you mentioned that you're a nervous person, setting up a calming routine or environment could also help. How do these ideas sound to you? Any that you think could potentially fit into your lifestyle?",312,65,"Others enjoy finding a hobby that keeps their hands busy, like drawing or puzzles.",,,,
4,6127b32b912465823dca1e4b,counsellor,127,26,"Some people have found activities like deep breathing exercises, short walks, or even listening to music helpful for relaxation. Others enjoy finding a hobby that keeps their hands busy, like drawing or puzzles. Since you mentioned that you're a nervous person, setting up a calming routine or environment could also help. How do these ideas sound to you? Any that you think could potentially fit into your lifestyle?",313,66,"Since you mentioned that you're a nervous person, setting up a calming routine or environment could also help.",,,,
4,6127b32b912465823dca1e4b,counsellor,127,26,"Some people have found activities like deep breathing exercises, short walks, or even listening to music helpful for relaxation. Others enjoy finding a hobby that keeps their hands busy, like drawing or puzzles. Since you mentioned that you're a nervous person, setting up a calming routine or environment could also help. How do these ideas sound to you? Any that you think could potentially fit into your lifestyle?",314,67,How do these ideas sound to you?,,,,
4,6127b32b912465823dca1e4b,counsellor,127,26,"Some people have found activities like deep breathing exercises, short walks, or even listening to music helpful for relaxation. Others enjoy finding a hobby that keeps their hands busy, like drawing or puzzles. Since you mentioned that you're a nervous person, setting up a calming routine or environment could also help. How do these ideas sound to you? Any that you think could potentially fit into your lifestyle?",315,68,Any that you think could potentially fit into your lifestyle?,,,,
4,6127b32b912465823dca1e4b,client,128,27,i have a routine already,316,69,i have a routine already,N,"The client is providing a factual statement about their current situation without expressing a desire, need, or commitment to either change or maintain a specific target behavior.",N,"The client is stating a fact about their current situation without expressing a desire to change, a commitment to change, or a reason to resist the suggested changes."
4,6127b32b912465823dca1e4b,counsellor,129,28,"Having a routine is great. Sometimes weaving in small changes or additions can make a difference, especially if it aligns with what you're already used to. Is there any part of your current routine where you feel it might be easiest to try something new? If you could envision a small change, what might it look like for you?",317,70,Having a routine is great.,,,,
4,6127b32b912465823dca1e4b,counsellor,129,28,"Having a routine is great. Sometimes weaving in small changes or additions can make a difference, especially if it aligns with what you're already used to. Is there any part of your current routine where you feel it might be easiest to try something new? If you could envision a small change, what might it look like for you?",318,71,"Sometimes weaving in small changes or additions can make a difference, especially if it aligns with what you're already used to.",,,,
4,6127b32b912465823dca1e4b,counsellor,129,28,"Having a routine is great. Sometimes weaving in small changes or additions can make a difference, especially if it aligns with what you're already used to. Is there any part of your current routine where you feel it might be easiest to try something new? If you could envision a small change, what might it look like for you?",319,72,Is there any part of your current routine where you feel it might be easiest to try something new?,,,,
4,6127b32b912465823dca1e4b,counsellor,129,28,"Having a routine is great. Sometimes weaving in small changes or additions can make a difference, especially if it aligns with what you're already used to. Is there any part of your current routine where you feel it might be easiest to try something new? If you could envision a small change, what might it look like for you?",320,73,"If you could envision a small change, what might it look like for you?",,,,
4,6127b32b912465823dca1e4b,client,130,29,i was wondering about things that could help with withdrawel?,321,74,i was wondering about things that could help with withdrawel?,N,"The client is asking for information/resources to manage withdrawal, which is a request for help rather than a statement of commitment, desire, or reason for change.",N,"The client is asking for information/resources to manage withdrawal, which is a request for help but does not explicitly express a desire, commitment, or resistance toward changing their behavior."
4,6127b32b912465823dca1e4b,counsellor,131,30,"I appreciate you bringing that up. Withdrawal can indeed be challenging, and preparing for it is wise. Some people find that using nicotine replacement therapies such as patches or gum helps to ease the transition. These can provide nicotine in a safer way while you work on adjusting your habits.

Others find support groups or speaking with friends or family helpful during this time. What do you think about these options? Is there one that might make withdrawal feel a bit more manageable for you?",322,75,I appreciate you bringing that up.,,,,
4,6127b32b912465823dca1e4b,counsellor,131,30,"I appreciate you bringing that up. Withdrawal can indeed be challenging, and preparing for it is wise. Some people find that using nicotine replacement therapies such as patches or gum helps to ease the transition. These can provide nicotine in a safer way while you work on adjusting your habits.

Others find support groups or speaking with friends or family helpful during this time. What do you think about these options? Is there one that might make withdrawal feel a bit more manageable for you?",323,76,"Withdrawal can indeed be challenging, and preparing for it is wise.",,,,
4,6127b32b912465823dca1e4b,counsellor,131,30,"I appreciate you bringing that up. Withdrawal can indeed be challenging, and preparing for it is wise. Some people find that using nicotine replacement therapies such as patches or gum helps to ease the transition. These can provide nicotine in a safer way while you work on adjusting your habits.

Others find support groups or speaking with friends or family helpful during this time. What do you think about these options? Is there one that might make withdrawal feel a bit more manageable for you?",324,77,Some people find that using nicotine replacement therapies such as patches or gum helps to ease the transition.,,,,
4,6127b32b912465823dca1e4b,counsellor,131,30,"I appreciate you bringing that up. Withdrawal can indeed be challenging, and preparing for it is wise. Some people find that using nicotine replacement therapies such as patches or gum helps to ease the transition. These can provide nicotine in a safer way while you work on adjusting your habits.

Others find support groups or speaking with friends or family helpful during this time. What do you think about these options? Is there one that might make withdrawal feel a bit more manageable for you?",325,78,These can provide nicotine in a safer way while you work on adjusting your habits.,,,,
4,6127b32b912465823dca1e4b,counsellor,131,30,"I appreciate you bringing that up. Withdrawal can indeed be challenging, and preparing for it is wise. Some people find that using nicotine replacement therapies such as patches or gum helps to ease the transition. These can provide nicotine in a safer way while you work on adjusting your habits.

Others find support groups or speaking with friends or family helpful during this time. What do you think about these options? Is there one that might make withdrawal feel a bit more manageable for you?",326,79,Others find support groups or speaking with friends or family helpful during this time.,,,,
4,6127b32b912465823dca1e4b,counsellor,131,30,"I appreciate you bringing that up. Withdrawal can indeed be challenging, and preparing for it is wise. Some people find that using nicotine replacement therapies such as patches or gum helps to ease the transition. These can provide nicotine in a safer way while you work on adjusting your habits.

Others find support groups or speaking with friends or family helpful during this time. What do you think about these options? Is there one that might make withdrawal feel a bit more manageable for you?",327,80,What do you think about these options?,,,,
4,6127b32b912465823dca1e4b,counsellor,131,30,"I appreciate you bringing that up. Withdrawal can indeed be challenging, and preparing for it is wise. Some people find that using nicotine replacement therapies such as patches or gum helps to ease the transition. These can provide nicotine in a safer way while you work on adjusting your habits.

Others find support groups or speaking with friends or family helpful during this time. What do you think about these options? Is there one that might make withdrawal feel a bit more manageable for you?",328,81,Is there one that might make withdrawal feel a bit more manageable for you?,,,,
4,6127b32b912465823dca1e4b,client,132,31,nicotine replacement-whats the techniques used?,329,82,nicotine replacement-whats the techniques used?,N,"The client is asking a clarifying question about the techniques used in nicotine replacement therapy without expressing a desire, commitment, or resistance toward changing their behavior.",N,"The client is asking for more information about a specific option mentioned by the counsellor, which is a neutral request for clarification rather than an expression of desire, ability, reason, or need to change."
4,6127b32b912465823dca1e4b,counsellor,133,32,"Nicotine replacement therapies (NRTs) are designed to help by giving your body a lower dose of nicotine without the harmful chemicals found in cigarettes. They come in various forms like patches, gum, lozenges, or even inhalers and nasal sprays. These can be used to gradually reduce your nicotine intake, which can help with withdrawal symptoms.

Typically, people start with a higher dose matching their current nicotine levels and then slowly decrease it over time. Some combine NRT with behavioral changes or counseling for more support. It might be useful to discuss these options with a healthcare professional to determine what fits best for you.

Does this approach sound like something you'd consider exploring further?",330,83,Nicotine replacement therapies (NRTs) are designed to help by giving your body a lower dose of nicotine without the harmful chemicals found in cigarettes.,,,,
4,6127b32b912465823dca1e4b,counsellor,133,32,"Nicotine replacement therapies (NRTs) are designed to help by giving your body a lower dose of nicotine without the harmful chemicals found in cigarettes. They come in various forms like patches, gum, lozenges, or even inhalers and nasal sprays. These can be used to gradually reduce your nicotine intake, which can help with withdrawal symptoms.

Typically, people start with a higher dose matching their current nicotine levels and then slowly decrease it over time. Some combine NRT with behavioral changes or counseling for more support. It might be useful to discuss these options with a healthcare professional to determine what fits best for you.

Does this approach sound like something you'd consider exploring further?",331,84,"They come in various forms like patches, gum, lozenges, or even inhalers and nasal sprays.",,,,
4,6127b32b912465823dca1e4b,counsellor,133,32,"Nicotine replacement therapies (NRTs) are designed to help by giving your body a lower dose of nicotine without the harmful chemicals found in cigarettes. They come in various forms like patches, gum, lozenges, or even inhalers and nasal sprays. These can be used to gradually reduce your nicotine intake, which can help with withdrawal symptoms.

Typically, people start with a higher dose matching their current nicotine levels and then slowly decrease it over time. Some combine NRT with behavioral changes or counseling for more support. It might be useful to discuss these options with a healthcare professional to determine what fits best for you.

Does this approach sound like something you'd consider exploring further?",332,85,"These can be used to gradually reduce your nicotine intake, which can help with withdrawal symptoms.",,,,
4,6127b32b912465823dca1e4b,counsellor,133,32,"Nicotine replacement therapies (NRTs) are designed to help by giving your body a lower dose of nicotine without the harmful chemicals found in cigarettes. They come in various forms like patches, gum, lozenges, or even inhalers and nasal sprays. These can be used to gradually reduce your nicotine intake, which can help with withdrawal symptoms.

Typically, people start with a higher dose matching their current nicotine levels and then slowly decrease it over time. Some combine NRT with behavioral changes or counseling for more support. It might be useful to discuss these options with a healthcare professional to determine what fits best for you.

Does this approach sound like something you'd consider exploring further?",333,86,"Typically, people start with a higher dose matching their current nicotine levels and then slowly decrease it over time.",,,,
4,6127b32b912465823dca1e4b,counsellor,133,32,"Nicotine replacement therapies (NRTs) are designed to help by giving your body a lower dose of nicotine without the harmful chemicals found in cigarettes. They come in various forms like patches, gum, lozenges, or even inhalers and nasal sprays. These can be used to gradually reduce your nicotine intake, which can help with withdrawal symptoms.

Typically, people start with a higher dose matching their current nicotine levels and then slowly decrease it over time. Some combine NRT with behavioral changes or counseling for more support. It might be useful to discuss these options with a healthcare professional to determine what fits best for you.

Does this approach sound like something you'd consider exploring further?",334,87,Some combine NRT with behavioral changes or counseling for more support.,,,,
4,6127b32b912465823dca1e4b,counsellor,133,32,"Nicotine replacement therapies (NRTs) are designed to help by giving your body a lower dose of nicotine without the harmful chemicals found in cigarettes. They come in various forms like patches, gum, lozenges, or even inhalers and nasal sprays. These can be used to gradually reduce your nicotine intake, which can help with withdrawal symptoms.

Typically, people start with a higher dose matching their current nicotine levels and then slowly decrease it over time. Some combine NRT with behavioral changes or counseling for more support. It might be useful to discuss these options with a healthcare professional to determine what fits best for you.

Does this approach sound like something you'd consider exploring further?",335,88,It might be useful to discuss these options with a healthcare professional to determine what fits best for you.,,,,
4,6127b32b912465823dca1e4b,counsellor,133,32,"Nicotine replacement therapies (NRTs) are designed to help by giving your body a lower dose of nicotine without the harmful chemicals found in cigarettes. They come in various forms like patches, gum, lozenges, or even inhalers and nasal sprays. These can be used to gradually reduce your nicotine intake, which can help with withdrawal symptoms.

Typically, people start with a higher dose matching their current nicotine levels and then slowly decrease it over time. Some combine NRT with behavioral changes or counseling for more support. It might be useful to discuss these options with a healthcare professional to determine what fits best for you.

Does this approach sound like something you'd consider exploring further?",336,89,Does this approach sound like something you'd consider exploring further?,,,,
4,6127b32b912465823dca1e4b,client,134,33,yeah maybe,337,90,yeah maybe,C,"The client's response 'yeah maybe' indicates a tentative openness to exploring change options, which falls under considering alternatives or a mild expression of desire/intention to change.",AC+,"The client's response 'yeah maybe' indicates a tentative willingness to explore the suggested options, which aligns with leaning towards action without a firm commitment."
4,6127b32b912465823dca1e4b,counsellor,135,34,It’s great that considering nicotine replacement as a possibility feels okay for you. It's normal to take time to decide what feels right. Is there any other information or support you feel you might need as you think about next steps?,338,91,It’s great that considering nicotine replacement as a possibility feels okay for you.,,,,
4,6127b32b912465823dca1e4b,counsellor,135,34,It’s great that considering nicotine replacement as a possibility feels okay for you. It's normal to take time to decide what feels right. Is there any other information or support you feel you might need as you think about next steps?,339,92,It's normal to take time to decide what feels right.,,,,
4,6127b32b912465823dca1e4b,counsellor,135,34,It’s great that considering nicotine replacement as a possibility feels okay for you. It's normal to take time to decide what feels right. Is there any other information or support you feel you might need as you think about next steps?,340,93,Is there any other information or support you feel you might need as you think about next steps?,,,,
4,6127b32b912465823dca1e4b,client,136,35,"its the wobbly jitters i fear, would this help with that?",341,94,"its the wobbly jitters i fear,",S,"The client is expressing fear of withdrawal symptoms ('wobbly jitters'), which serves as a reason for maintaining the current behavior or a barrier to change (pessimism/concern about the process of quitting).",R-,"The client is expressing a fear of the withdrawal symptoms ('wobbly jitters'), which serves as a reason why they are hesitant to change and a justification for maintaining the current behavior."
4,6127b32b912465823dca1e4b,client,136,35,"its the wobbly jitters i fear, would this help with that?",342,95,would this help with that?,N,"The client is asking a clarifying question about the effectiveness of a potential tool/method without expressing a personal stance, desire, or commitment toward change or maintenance.",N,"The client is asking a clarifying question about a potential tool or method for change, but they are not expressing a specific desire, commitment, or resistance to change."
4,6127b32b912465823dca1e4b,counsellor,137,36,"Many people find that nicotine replacement can help reduce those jitters by providing a steadier, controlled amount of nicotine to the body. The idea is to minimize those intense withdrawal symptoms while you transition. Everyone's experience is unique, so finding the right type and dosage would be important. Does knowing that it could help with the jitters make you feel more at ease with considering it?",343,96,"Many people find that nicotine replacement can help reduce those jitters by providing a steadier, controlled amount of nicotine to the body.",,,,
4,6127b32b912465823dca1e4b,counsellor,137,36,"Many people find that nicotine replacement can help reduce those jitters by providing a steadier, controlled amount of nicotine to the body. The idea is to minimize those intense withdrawal symptoms while you transition. Everyone's experience is unique, so finding the right type and dosage would be important. Does knowing that it could help with the jitters make you feel more at ease with considering it?",344,97,The idea is to minimize those intense withdrawal symptoms while you transition.,,,,
4,6127b32b912465823dca1e4b,counsellor,137,36,"Many people find that nicotine replacement can help reduce those jitters by providing a steadier, controlled amount of nicotine to the body. The idea is to minimize those intense withdrawal symptoms while you transition. Everyone's experience is unique, so finding the right type and dosage would be important. Does knowing that it could help with the jitters make you feel more at ease with considering it?",345,98,"Everyone's experience is unique, so finding the right type and dosage would be important.",,,,
4,6127b32b912465823dca1e4b,counsellor,137,36,"Many people find that nicotine replacement can help reduce those jitters by providing a steadier, controlled amount of nicotine to the body. The idea is to minimize those intense withdrawal symptoms while you transition. Everyone's experience is unique, so finding the right type and dosage would be important. Does knowing that it could help with the jitters make you feel more at ease with considering it?",346,99,Does knowing that it could help with the jitters make you feel more at ease with considering it?,,,,
4,6127b32b912465823dca1e4b,client,138,37,oh yes,347,100,oh yes,C,The client is agreeing with the counselor's suggestion that nicotine replacement could help them feel more at ease with the process of changing their behavior.,AC+,"The client is expressing agreement and a positive openness to the counsellor's suggestion of nicotine replacement, indicating a willingness to consider the option."
4,6127b32b912465823dca1e4b,counsellor,139,38,I'm glad to hear that. Feeling a bit more at ease can certainly make the process less daunting. We've covered a lot today about your relationship with smoking and some potential paths forward. Is there anything else you'd like to discuss before we wrap up for now?,348,101,I'm glad to hear that.,,,,
4,6127b32b912465823dca1e4b,counsellor,139,38,I'm glad to hear that. Feeling a bit more at ease can certainly make the process less daunting. We've covered a lot today about your relationship with smoking and some potential paths forward. Is there anything else you'd like to discuss before we wrap up for now?,349,102,Feeling a bit more at ease can certainly make the process less daunting.,,,,
4,6127b32b912465823dca1e4b,counsellor,139,38,I'm glad to hear that. Feeling a bit more at ease can certainly make the process less daunting. We've covered a lot today about your relationship with smoking and some potential paths forward. Is there anything else you'd like to discuss before we wrap up for now?,350,103,We've covered a lot today about your relationship with smoking and some potential paths forward.,,,,
4,6127b32b912465823dca1e4b,counsellor,139,38,I'm glad to hear that. Feeling a bit more at ease can certainly make the process less daunting. We've covered a lot today about your relationship with smoking and some potential paths forward. Is there anything else you'd like to discuss before we wrap up for now?,351,104,Is there anything else you'd like to discuss before we wrap up for now?,,,,
4,6127b32b912465823dca1e4b,client,140,39,no youve helped a lot thanks,352,105,no,N,"The client is providing a simple negative response to a closing question, which does not express a stance toward changing or maintaining the behavior.",N,The client's response is a simple negative answer to a closing question and does not express a desire to change or a reason to resist change.
4,6127b32b912465823dca1e4b,client,140,39,no youve helped a lot thanks,353,106,you've helped a lot,N,"The client is expressing gratitude and acknowledging the counselor's help, but they are not expressing a stance toward changing or maintaining the target behavior.",N,"The client is expressing gratitude for the help received, which is a social pleasantry and does not express a desire, commitment, or resistance regarding a specific behavior change."
4,6127b32b912465823dca1e4b,client,140,39,no youve helped a lot thanks,354,107,thanks,N,"The client is simply expressing gratitude in response to the counsellor's closing remarks, which does not indicate a stance toward changing or maintaining the behavior.",N,"The utterance 'thanks' is a polite social closing and does not express a desire, commitment, or resistance regarding behavioral change."
4,6127b32b912465823dca1e4b,counsellor,141,40,"Thank you for the conversation today. I'd like to take a moment to summarize what we've discussed. 

You've shared that you've been smoking for quite some time, and it provides a sense of relaxation and stress relief for you, particularly in moments after meals and during stressful times. While you enjoy smoking, there are typical downsides like the smell that you're aware of. We explored your thoughts on quitting, and feelings of nervousness and fear you associate with change.

You expressed interest in nicotine replacement therapies as a potential way to manage withdrawal symptoms, especially the fear of feeling jittery, and we discussed how these therapies might provide relief by delivering a steady amount of nicotine. You mentioned that understanding this option more made you feel more at ease. 

I'm here to support you as you consider your next steps, and I'm glad that reflecting on these options has been helpful. If there's anything more you'd like to delve into another time, feel free to reach out.

Would you like to continue the conversation?",355,108,Thank you for the conversation today.,,,,
4,6127b32b912465823dca1e4b,counsellor,141,40,"Thank you for the conversation today. I'd like to take a moment to summarize what we've discussed. 

You've shared that you've been smoking for quite some time, and it provides a sense of relaxation and stress relief for you, particularly in moments after meals and during stressful times. While you enjoy smoking, there are typical downsides like the smell that you're aware of. We explored your thoughts on quitting, and feelings of nervousness and fear you associate with change.

You expressed interest in nicotine replacement therapies as a potential way to manage withdrawal symptoms, especially the fear of feeling jittery, and we discussed how these therapies might provide relief by delivering a steady amount of nicotine. You mentioned that understanding this option more made you feel more at ease. 

I'm here to support you as you consider your next steps, and I'm glad that reflecting on these options has been helpful. If there's anything more you'd like to delve into another time, feel free to reach out.

Would you like to continue the conversation?",356,109,I'd like to take a moment to summarize what we've discussed.,,,,
4,6127b32b912465823dca1e4b,counsellor,141,40,"Thank you for the conversation today. I'd like to take a moment to summarize what we've discussed. 

You've shared that you've been smoking for quite some time, and it provides a sense of relaxation and stress relief for you, particularly in moments after meals and during stressful times. While you enjoy smoking, there are typical downsides like the smell that you're aware of. We explored your thoughts on quitting, and feelings of nervousness and fear you associate with change.

You expressed interest in nicotine replacement therapies as a potential way to manage withdrawal symptoms, especially the fear of feeling jittery, and we discussed how these therapies might provide relief by delivering a steady amount of nicotine. You mentioned that understanding this option more made you feel more at ease. 

I'm here to support you as you consider your next steps, and I'm glad that reflecting on these options has been helpful. If there's anything more you'd like to delve into another time, feel free to reach out.

Would you like to continue the conversation?",357,110,"You've shared that you've been smoking for quite some time, and it provides a sense of relaxation and stress relief for you, particularly in moments after meals and during stressful times.",,,,
4,6127b32b912465823dca1e4b,counsellor,141,40,"Thank you for the conversation today. I'd like to take a moment to summarize what we've discussed. 

You've shared that you've been smoking for quite some time, and it provides a sense of relaxation and stress relief for you, particularly in moments after meals and during stressful times. While you enjoy smoking, there are typical downsides like the smell that you're aware of. We explored your thoughts on quitting, and feelings of nervousness and fear you associate with change.

You expressed interest in nicotine replacement therapies as a potential way to manage withdrawal symptoms, especially the fear of feeling jittery, and we discussed how these therapies might provide relief by delivering a steady amount of nicotine. You mentioned that understanding this option more made you feel more at ease. 

I'm here to support you as you consider your next steps, and I'm glad that reflecting on these options has been helpful. If there's anything more you'd like to delve into another time, feel free to reach out.

Would you like to continue the conversation?",358,111,"While you enjoy smoking, there are typical downsides like the smell that you're aware of.",,,,
4,6127b32b912465823dca1e4b,counsellor,141,40,"Thank you for the conversation today. I'd like to take a moment to summarize what we've discussed. 

You've shared that you've been smoking for quite some time, and it provides a sense of relaxation and stress relief for you, particularly in moments after meals and during stressful times. While you enjoy smoking, there are typical downsides like the smell that you're aware of. We explored your thoughts on quitting, and feelings of nervousness and fear you associate with change.

You expressed interest in nicotine replacement therapies as a potential way to manage withdrawal symptoms, especially the fear of feeling jittery, and we discussed how these therapies might provide relief by delivering a steady amount of nicotine. You mentioned that understanding this option more made you feel more at ease. 

I'm here to support you as you consider your next steps, and I'm glad that reflecting on these options has been helpful. If there's anything more you'd like to delve into another time, feel free to reach out.

Would you like to continue the conversation?",359,112,"We explored your thoughts on quitting, and feelings of nervousness and fear you associate with change.",,,,
4,6127b32b912465823dca1e4b,counsellor,141,40,"Thank you for the conversation today. I'd like to take a moment to summarize what we've discussed. 

You've shared that you've been smoking for quite some time, and it provides a sense of relaxation and stress relief for you, particularly in moments after meals and during stressful times. While you enjoy smoking, there are typical downsides like the smell that you're aware of. We explored your thoughts on quitting, and feelings of nervousness and fear you associate with change.

You expressed interest in nicotine replacement therapies as a potential way to manage withdrawal symptoms, especially the fear of feeling jittery, and we discussed how these therapies might provide relief by delivering a steady amount of nicotine. You mentioned that understanding this option more made you feel more at ease. 

I'm here to support you as you consider your next steps, and I'm glad that reflecting on these options has been helpful. If there's anything more you'd like to delve into another time, feel free to reach out.

Would you like to continue the conversation?",360,113,"You expressed interest in nicotine replacement therapies as a potential way to manage withdrawal symptoms, especially the fear of feeling jittery, and we discussed how these therapies might provide relief by delivering a steady amount of nicotine.",,,,
4,6127b32b912465823dca1e4b,counsellor,141,40,"Thank you for the conversation today. I'd like to take a moment to summarize what we've discussed. 

You've shared that you've been smoking for quite some time, and it provides a sense of relaxation and stress relief for you, particularly in moments after meals and during stressful times. While you enjoy smoking, there are typical downsides like the smell that you're aware of. We explored your thoughts on quitting, and feelings of nervousness and fear you associate with change.

You expressed interest in nicotine replacement therapies as a potential way to manage withdrawal symptoms, especially the fear of feeling jittery, and we discussed how these therapies might provide relief by delivering a steady amount of nicotine. You mentioned that understanding this option more made you feel more at ease. 

I'm here to support you as you consider your next steps, and I'm glad that reflecting on these options has been helpful. If there's anything more you'd like to delve into another time, feel free to reach out.

Would you like to continue the conversation?",361,114,You mentioned that understanding this option more made you feel more at ease.,,,,
4,6127b32b912465823dca1e4b,counsellor,141,40,"Thank you for the conversation today. I'd like to take a moment to summarize what we've discussed. 

You've shared that you've been smoking for quite some time, and it provides a sense of relaxation and stress relief for you, particularly in moments after meals and during stressful times. While you enjoy smoking, there are typical downsides like the smell that you're aware of. We explored your thoughts on quitting, and feelings of nervousness and fear you associate with change.

You expressed interest in nicotine replacement therapies as a potential way to manage withdrawal symptoms, especially the fear of feeling jittery, and we discussed how these therapies might provide relief by delivering a steady amount of nicotine. You mentioned that understanding this option more made you feel more at ease. 

I'm here to support you as you consider your next steps, and I'm glad that reflecting on these options has been helpful. If there's anything more you'd like to delve into another time, feel free to reach out.

Would you like to continue the conversation?",362,115,"I'm here to support you as you consider your next steps, and I'm glad that reflecting on these options has been helpful.",,,,
4,6127b32b912465823dca1e4b,counsellor,141,40,"Thank you for the conversation today. I'd like to take a moment to summarize what we've discussed. 

You've shared that you've been smoking for quite some time, and it provides a sense of relaxation and stress relief for you, particularly in moments after meals and during stressful times. While you enjoy smoking, there are typical downsides like the smell that you're aware of. We explored your thoughts on quitting, and feelings of nervousness and fear you associate with change.

You expressed interest in nicotine replacement therapies as a potential way to manage withdrawal symptoms, especially the fear of feeling jittery, and we discussed how these therapies might provide relief by delivering a steady amount of nicotine. You mentioned that understanding this option more made you feel more at ease. 

I'm here to support you as you consider your next steps, and I'm glad that reflecting on these options has been helpful. If there's anything more you'd like to delve into another time, feel free to reach out.

Would you like to continue the conversation?",363,116,"If there's anything more you'd like to delve into another time, feel free to reach out.",,,,
4,6127b32b912465823dca1e4b,counsellor,141,40,"Thank you for the conversation today. I'd like to take a moment to summarize what we've discussed. 

You've shared that you've been smoking for quite some time, and it provides a sense of relaxation and stress relief for you, particularly in moments after meals and during stressful times. While you enjoy smoking, there are typical downsides like the smell that you're aware of. We explored your thoughts on quitting, and feelings of nervousness and fear you associate with change.

You expressed interest in nicotine replacement therapies as a potential way to manage withdrawal symptoms, especially the fear of feeling jittery, and we discussed how these therapies might provide relief by delivering a steady amount of nicotine. You mentioned that understanding this option more made you feel more at ease. 

I'm here to support you as you consider your next steps, and I'm glad that reflecting on these options has been helpful. If there's anything more you'd like to delve into another time, feel free to reach out.

Would you like to continue the conversation?",364,117,Would you like to continue the conversation?,,,,
4,6127b32b912465823dca1e4b,client,142,41,No,365,118,No,N,"The client is simply answering a closing question about whether they wish to continue the conversation, which does not express a stance toward changing or maintaining the target behavior.",N,"The client's response 'No' is a direct answer to a logistical question about whether they wish to continue the conversation; it does not express a desire, reluctance, or neutrality regarding the behavioral change of quitting smoking."
5,60dde1621f6e206dea63a7dd,counsellor,143,0,"Hello! How are you doing today? I'm really glad you chose to spend some time here. Shall we start by talking a bit about how things have been going for you lately? Whatever's on your mind, feel free to share.",366,0,Hello!,,,,
5,60dde1621f6e206dea63a7dd,counsellor,143,0,"Hello! How are you doing today? I'm really glad you chose to spend some time here. Shall we start by talking a bit about how things have been going for you lately? Whatever's on your mind, feel free to share.",367,1,How are you doing today?,,,,
5,60dde1621f6e206dea63a7dd,counsellor,143,0,"Hello! How are you doing today? I'm really glad you chose to spend some time here. Shall we start by talking a bit about how things have been going for you lately? Whatever's on your mind, feel free to share.",368,2,I'm really glad you chose to spend some time here.,,,,
5,60dde1621f6e206dea63a7dd,counsellor,143,0,"Hello! How are you doing today? I'm really glad you chose to spend some time here. Shall we start by talking a bit about how things have been going for you lately? Whatever's on your mind, feel free to share.",369,3,Shall we start by talking a bit about how things have been going for you lately?,,,,
5,60dde1621f6e206dea63a7dd,counsellor,143,0,"Hello! How are you doing today? I'm really glad you chose to spend some time here. Shall we start by talking a bit about how things have been going for you lately? Whatever's on your mind, feel free to share.",370,4,"Whatever's on your mind, feel free to share.",,,,
5,60dde1621f6e206dea63a7dd,client,144,1,"Things are gong well, I am enjoying work and finding my footing in London",371,5,"Things are going well,",N,"The client is providing a general update on their well-being, which does not express a stance for or against changing a specific target behavior.",N,"The client is providing a general update on their well-being, which does not express a desire, commitment, or resistance regarding a specific behavioral change."
5,60dde1621f6e206dea63a7dd,client,144,1,"Things are gong well, I am enjoying work and finding my footing in London",372,6,I am enjoying work,N,"The client is making a general statement about their current state of enjoyment at work, which does not express a stance for or against changing a target behavior.",N,"The client is stating a current positive feeling about their work, which does not express a desire, reluctance, or commitment to change a specific behavior."
5,60dde1621f6e206dea63a7dd,client,144,1,"Things are gong well, I am enjoying work and finding my footing in London",373,7,and finding my footing in London.,N,"The client is providing a factual update about their current life situation (adjusting to a new city), which does not express a stance for or against changing a target behavior.",N,"The client is providing a neutral update about their current life situation (adjusting to a new city), which does not express a desire or resistance toward a specific behavioral change."
5,60dde1621f6e206dea63a7dd,counsellor,145,2,It sounds like you're settling in and enjoying your work. Adjusting to a new city can be both exciting and challenging. How are you finding life in London overall? Is there anything in particular that you’re adjusting to?,374,8,It sounds like you're settling in and enjoying your work.,,,,
5,60dde1621f6e206dea63a7dd,counsellor,145,2,It sounds like you're settling in and enjoying your work. Adjusting to a new city can be both exciting and challenging. How are you finding life in London overall? Is there anything in particular that you’re adjusting to?,375,9,Adjusting to a new city can be both exciting and challenging.,,,,
5,60dde1621f6e206dea63a7dd,counsellor,145,2,It sounds like you're settling in and enjoying your work. Adjusting to a new city can be both exciting and challenging. How are you finding life in London overall? Is there anything in particular that you’re adjusting to?,376,10,How are you finding life in London overall?,,,,
5,60dde1621f6e206dea63a7dd,counsellor,145,2,It sounds like you're settling in and enjoying your work. Adjusting to a new city can be both exciting and challenging. How are you finding life in London overall? Is there anything in particular that you’re adjusting to?,377,11,Is there anything in particular that you’re adjusting to?,,,,
5,60dde1621f6e206dea63a7dd,client,146,3,Adusting to working fultime now I've left uni. Its good but chalenging,378,12,Adusting to working fultime now I've left uni.,N,"The client is providing a factual statement about what they are adjusting to in response to the counsellor's question, without expressing a desire, need, or commitment to change or maintain a specific behavior.",N,"The client is simply providing information about what they are adjusting to in response to the counsellor's question. There is no expression of desire, ability, reason, or need to change a specific behavior."
5,60dde1621f6e206dea63a7dd,client,146,3,Adusting to working fultime now I've left uni. Its good but chalenging,379,13,Its good but chalenging,N,"The client is providing a general description of their experience adjusting to a new city, which does not express a stance for or against changing a specific target behavior.",N,"The client's statement is a neutral observation about their current situation and does not express a desire, need, or commitment to change a specific behavior."
5,60dde1621f6e206dea63a7dd,counsellor,147,4,"Moving from university to full-time work is a big transition. It's great to hear you're finding some positives in it, even though it can be challenging at times. What have you been enjoying in the new routine, and what are some of the challenges you've been facing?",380,14,Moving from university to full-time work is a big transition.,,,,
5,60dde1621f6e206dea63a7dd,counsellor,147,4,"Moving from university to full-time work is a big transition. It's great to hear you're finding some positives in it, even though it can be challenging at times. What have you been enjoying in the new routine, and what are some of the challenges you've been facing?",381,15,"It's great to hear you're finding some positives in it, even though it can be challenging at times.",,,,
5,60dde1621f6e206dea63a7dd,counsellor,147,4,"Moving from university to full-time work is a big transition. It's great to hear you're finding some positives in it, even though it can be challenging at times. What have you been enjoying in the new routine, and what are some of the challenges you've been facing?",382,16,"What have you been enjoying in the new routine, and what are some of the challenges you've been facing?",,,,
5,60dde1621f6e206dea63a7dd,client,148,5,"I am enjoying haveing a set time to my days, the consistancy! Though I love to socialise which I o outside of work but it means i do burn myself out alot",383,17,"I am enjoying having a set time to my days, the consistency!",N,"The client is describing the positive aspects of their current routine and transition, but they are not expressing a desire, need, or commitment to change a specific target behavior.",N,"The client is expressing satisfaction with their current routine, but they are not expressing a desire, need, or commitment to change a specific behavior."
5,60dde1621f6e206dea63a7dd,client,148,5,"I am enjoying haveing a set time to my days, the consistancy! Though I love to socialise which I o outside of work but it means i do burn myself out alot",384,18,Though I love to socialise which I do outside of work but it means I do burn myself out a lot.,C,"The client is identifying a negative consequence (burning themselves out) associated with their current behavior of over-socializing, which serves as a reason for change.",O+,"The client is recognizing a problem (burning themselves out) resulting from their current behavior, which supports the case for change but does not express a specific desire, ability, reason, or commitment to change yet."
5,60dde1621f6e206dea63a7dd,counsellor,149,6,"Having a routine can really help provide that sense of structure, while socializing brings energy and joy. Balancing both, however, can lead to feeling burnt out. How do you usually handle things when you notice you're getting burned out?",385,19,"Having a routine can really help provide that sense of structure, while socializing brings energy and joy.",,,,
5,60dde1621f6e206dea63a7dd,counsellor,149,6,"Having a routine can really help provide that sense of structure, while socializing brings energy and joy. Balancing both, however, can lead to feeling burnt out. How do you usually handle things when you notice you're getting burned out?",386,20,"Balancing both, however, can lead to feeling burnt out.",,,,
5,60dde1621f6e206dea63a7dd,counsellor,149,6,"Having a routine can really help provide that sense of structure, while socializing brings energy and joy. Balancing both, however, can lead to feeling burnt out. How do you usually handle things when you notice you're getting burned out?",387,21,How do you usually handle things when you notice you're getting burned out?,,,,
5,60dde1621f6e206dea63a7dd,client,150,7,I sleep. Or try and keep some time to myself,388,22,I sleep.,N,"The client is providing a factual answer to the counselor's question about how they handle burnout, without expressing a desire, need, or commitment to change or maintain a specific target behavior.",N,"The client is providing a factual answer to a question about their current behavior. This statement does not express a desire, ability, reason, or need to change a specific behavior, nor does it oppose change."
5,60dde1621f6e206dea63a7dd,client,150,7,I sleep. Or try and keep some time to myself,389,23,Or try and keep some time to myself.,C,"The client is describing a strategy they use to manage burnout, which involves setting boundaries and prioritizing self-care. This represents a positive behavioral step or a plan to manage their well-being, aligning with Change Talk.",AC+,"The client is suggesting a specific strategy or alternative behavior (keeping time to themselves) to manage burnout, which indicates a leaning towards action."
5,60dde1621f6e206dea63a7dd,counsellor,151,8,"Finding time to recharge through sleep and solitude sounds like a thoughtful approach. Balancing social life and work can be tricky. Have you noticed any habits or routines, besides socializing, that play into how you're feeling about stress or burnout, perhaps more related to your lifestyle?",390,24,Finding time to recharge through sleep and solitude sounds like a thoughtful approach.,,,,
5,60dde1621f6e206dea63a7dd,counsellor,151,8,"Finding time to recharge through sleep and solitude sounds like a thoughtful approach. Balancing social life and work can be tricky. Have you noticed any habits or routines, besides socializing, that play into how you're feeling about stress or burnout, perhaps more related to your lifestyle?",391,25,Balancing social life and work can be tricky.,,,,
5,60dde1621f6e206dea63a7dd,counsellor,151,8,"Finding time to recharge through sleep and solitude sounds like a thoughtful approach. Balancing social life and work can be tricky. Have you noticed any habits or routines, besides socializing, that play into how you're feeling about stress or burnout, perhaps more related to your lifestyle?",392,26,"Have you noticed any habits or routines, besides socializing, that play into how you're feeling about stress or burnout, perhaps more related to your lifestyle?",,,,
5,60dde1621f6e206dea63a7dd,client,152,9,yeah i think smoking and drining can affect me too as it makes me more tired,393,27,yeah i think smoking and drinking can affect me too,C,"The client acknowledges that their smoking and drinking habits negatively affect them, which serves as a 'reason for change' by identifying the harmful impact of the target behaviors.",O+,"The client is recognizing that smoking and drinking contribute to their stress or burnout, which constitutes a recognition of a problem related to the target behavior."
5,60dde1621f6e206dea63a7dd,client,152,9,yeah i think smoking and drining can affect me too as it makes me more tired,394,28,as it makes me more tired,C,"The client is providing a reason why a certain behavior (likely the socializing mentioned in the previous turn) contributes to their burnout/tiredness, which serves as a reason for change.",R+,"The client is identifying a negative consequence of their current behavior (socializing/lifestyle habits), which serves as a reason why change is necessary to reduce tiredness."
5,60dde1621f6e206dea63a7dd,counsellor,153,10,Smoking and drinking can definitely affect energy levels and contribute to feeling tired. It sounds like you're aware of their impact on you. What are your thoughts on smoking and how it fits into your life right now?,395,29,Smoking and drinking can definitely affect energy levels and contribute to feeling tired.,,,,
5,60dde1621f6e206dea63a7dd,counsellor,153,10,Smoking and drinking can definitely affect energy levels and contribute to feeling tired. It sounds like you're aware of their impact on you. What are your thoughts on smoking and how it fits into your life right now?,396,30,It sounds like you're aware of their impact on you.,,,,
5,60dde1621f6e206dea63a7dd,counsellor,153,10,Smoking and drinking can definitely affect energy levels and contribute to feeling tired. It sounds like you're aware of their impact on you. What are your thoughts on smoking and how it fits into your life right now?,397,31,What are your thoughts on smoking and how it fits into your life right now?,,,,
5,60dde1621f6e206dea63a7dd,client,154,11,i have done it for a while but i dont enjoy having to rely on it. I only really enjoy it when im drinking,398,32,i have done it for a while but i dont enjoy having to rely on it.,C,"The client expresses a lack of enjoyment regarding their dependence on the behavior ('i dont enjoy having to rely on it'), which indicates a desire or reason to change.",R+,"The client expresses a lack of enjoyment regarding their dependence on smoking, which serves as a reason for wanting to change the behavior."
5,60dde1621f6e206dea63a7dd,client,154,11,i have done it for a while but i dont enjoy having to rely on it. I only really enjoy it when im drinking,399,33,I only really enjoy it when im drinking,S,"The client expresses a positive association with smoking when combined with drinking, which serves as a reason for maintaining the behavior.",D-,"The client expresses a positive feeling (enjoyment) associated with the target behavior, which indicates a desire to maintain the behavior in specific contexts."
5,60dde1621f6e206dea63a7dd,counsellor,155,12,"It seems like smoking has become a habitual part of your life, even though there's an underlying desire to not depend on it. It brings enjoyment in certain social settings, but it sounds like you have mixed feelings about that reliance. What are some of the things you like and dislike about smoking?",400,34,"It seems like smoking has become a habitual part of your life, even though there's an underlying desire to not depend on it.",,,,
5,60dde1621f6e206dea63a7dd,counsellor,155,12,"It seems like smoking has become a habitual part of your life, even though there's an underlying desire to not depend on it. It brings enjoyment in certain social settings, but it sounds like you have mixed feelings about that reliance. What are some of the things you like and dislike about smoking?",401,35,"It brings enjoyment in certain social settings, but it sounds like you have mixed feelings about that reliance.",,,,
5,60dde1621f6e206dea63a7dd,counsellor,155,12,"It seems like smoking has become a habitual part of your life, even though there's an underlying desire to not depend on it. It brings enjoyment in certain social settings, but it sounds like you have mixed feelings about that reliance. What are some of the things you like and dislike about smoking?",402,36,What are some of the things you like and dislike about smoking?,,,,
5,60dde1621f6e206dea63a7dd,client,156,13,i like the socialness of it and also my grndad used to smoke so i do do it to remind me of him sometimes,403,37,i like the socialness of it,S,"The client is identifying a reason why they enjoy smoking, which expresses a stance toward maintaining the behavior.",D-,"The client is expressing a positive feeling and a preference for the social aspect of smoking, which indicates a desire to maintain the behavior for that specific benefit."
5,60dde1621f6e206dea63a7dd,client,156,13,i like the socialness of it and also my grndad used to smoke so i do do it to remind me of him sometimes,404,38,and also my grndad used to smoke,N,"The client is providing a factual statement about a family member's history, which does not express a desire, need, or commitment to either change or maintain their own smoking behavior.",N,The client is providing a piece of personal history/background information that does not express a desire to change or a reason to maintain the behavior.
5,60dde1621f6e206dea63a7dd,client,156,13,i like the socialness of it and also my grndad used to smoke so i do do it to remind me of him sometimes,405,39,so i do do it to remind me of him sometimes,S,"The client is providing a reason for continuing the behavior (smoking) by linking it to a sentimental connection with someone, which constitutes a reason for maintaining the habit.",R-,"The client is providing a specific reason why they continue to smoke, linking the behavior to an emotional connection or memory of another person."
5,60dde1621f6e206dea63a7dd,counsellor,157,14,"Smoking holds a social value for you and carries a sentimental connection to your grandfather, which makes it meaningful in a way. On the other side, the reliance seems to be something you might not be completely comfortable with. Have you ever thought about what life might look like without this reliance, or is it something you're not ready to consider just yet?",406,40,"Smoking holds a social value for you and carries a sentimental connection to your grandfather, which makes it meaningful in a way.",,,,
5,60dde1621f6e206dea63a7dd,counsellor,157,14,"Smoking holds a social value for you and carries a sentimental connection to your grandfather, which makes it meaningful in a way. On the other side, the reliance seems to be something you might not be completely comfortable with. Have you ever thought about what life might look like without this reliance, or is it something you're not ready to consider just yet?",407,41,"On the other side, the reliance seems to be something you might not be completely comfortable with.",,,,
5,60dde1621f6e206dea63a7dd,counsellor,157,14,"Smoking holds a social value for you and carries a sentimental connection to your grandfather, which makes it meaningful in a way. On the other side, the reliance seems to be something you might not be completely comfortable with. Have you ever thought about what life might look like without this reliance, or is it something you're not ready to consider just yet?",408,42,"Have you ever thought about what life might look like without this reliance, or is it something you're not ready to consider just yet?",,,,
5,60dde1621f6e206dea63a7dd,client,158,15,i have considered it and id lie to be stronger to prove to myself i can quit,409,43,i have considered it,C,"The client is acknowledging that they have thought about a life without the reliance on smoking, which indicates a level of openness or consideration toward change.",O+,"The client acknowledges that they have thought about a life without the reliance on smoking, which indicates a level of problem recognition or a hypothetical consideration of change without expressing a specific desire, need, or commitment."
5,60dde1621f6e206dea63a7dd,client,158,15,i have considered it and id lie to be stronger to prove to myself i can quit,410,44,id like to be stronger to prove to myself i can quit,C,"The client expresses a desire to quit and a motivation to prove their strength, which constitutes 'Desire' and 'Commitment' toward changing the behavior.",D+,The client expresses a personal wish or goal ('I'd like to') regarding their desire to quit smoking and prove their strength.
5,60dde1621f6e206dea63a7dd,counsellor,159,16,"The idea of proving to yourself that you can quit shows a strong desire for strength and self-empowerment. This could be a step toward exploring change if it's something you're thinking about more often. Is there anything else about smoking that's on your mind, or any other feelings around this topic you'd like to talk about today?",411,45,The idea of proving to yourself that you can quit shows a strong desire for strength and self-empowerment.,,,,
5,60dde1621f6e206dea63a7dd,counsellor,159,16,"The idea of proving to yourself that you can quit shows a strong desire for strength and self-empowerment. This could be a step toward exploring change if it's something you're thinking about more often. Is there anything else about smoking that's on your mind, or any other feelings around this topic you'd like to talk about today?",412,46,This could be a step toward exploring change if it's something you're thinking about more often.,,,,
5,60dde1621f6e206dea63a7dd,counsellor,159,16,"The idea of proving to yourself that you can quit shows a strong desire for strength and self-empowerment. This could be a step toward exploring change if it's something you're thinking about more often. Is there anything else about smoking that's on your mind, or any other feelings around this topic you'd like to talk about today?",413,47,"Is there anything else about smoking that's on your mind, or any other feelings around this topic you'd like to talk about today?",,,,
5,60dde1621f6e206dea63a7dd,client,160,17,what would be your firts stepsin advice fr stopping,414,48,what would be your first steps in advice for stopping,C,"The client is asking for guidance on how to stop, which indicates a desire to move toward change and a request for a plan of action.",AC+,"The client is asking for advice on how to stop, which indicates a willingness to move toward action and a readiness to explore the process of change."
5,60dde1621f6e206dea63a7dd,counsellor,161,18,"I appreciate you asking about that, and it's great that you're interested in exploring this further. Before we dive into any advice, I'd like to summarize what we've talked about to make sure we're on the same page.

We've discussed how you're enjoying your new work routine and the social aspects of your life in London, despite the challenges of balancing it all. Smoking seems to be something you associate with social life and memories of your grandfather, but there's also a sense of wanting to not rely on it so much. You've considered what quitting might mean for your personal strength and empowerment.

If it’s all right with you, would you like to explore some potential steps for change?",415,49,"I appreciate you asking about that, and it's great that you're interested in exploring this further.",,,,
5,60dde1621f6e206dea63a7dd,counsellor,161,18,"I appreciate you asking about that, and it's great that you're interested in exploring this further. Before we dive into any advice, I'd like to summarize what we've talked about to make sure we're on the same page.

We've discussed how you're enjoying your new work routine and the social aspects of your life in London, despite the challenges of balancing it all. Smoking seems to be something you associate with social life and memories of your grandfather, but there's also a sense of wanting to not rely on it so much. You've considered what quitting might mean for your personal strength and empowerment.

If it’s all right with you, would you like to explore some potential steps for change?",416,50,"Before we dive into any advice, I'd like to summarize what we've talked about to make sure we're on the same page.",,,,
5,60dde1621f6e206dea63a7dd,counsellor,161,18,"I appreciate you asking about that, and it's great that you're interested in exploring this further. Before we dive into any advice, I'd like to summarize what we've talked about to make sure we're on the same page.

We've discussed how you're enjoying your new work routine and the social aspects of your life in London, despite the challenges of balancing it all. Smoking seems to be something you associate with social life and memories of your grandfather, but there's also a sense of wanting to not rely on it so much. You've considered what quitting might mean for your personal strength and empowerment.

If it’s all right with you, would you like to explore some potential steps for change?",417,51,"We've discussed how you're enjoying your new work routine and the social aspects of your life in London, despite the challenges of balancing it all.",,,,
5,60dde1621f6e206dea63a7dd,counsellor,161,18,"I appreciate you asking about that, and it's great that you're interested in exploring this further. Before we dive into any advice, I'd like to summarize what we've talked about to make sure we're on the same page.

We've discussed how you're enjoying your new work routine and the social aspects of your life in London, despite the challenges of balancing it all. Smoking seems to be something you associate with social life and memories of your grandfather, but there's also a sense of wanting to not rely on it so much. You've considered what quitting might mean for your personal strength and empowerment.

If it’s all right with you, would you like to explore some potential steps for change?",418,52,"Smoking seems to be something you associate with social life and memories of your grandfather, but there's also a sense of wanting to not rely on it so much.",,,,
5,60dde1621f6e206dea63a7dd,counsellor,161,18,"I appreciate you asking about that, and it's great that you're interested in exploring this further. Before we dive into any advice, I'd like to summarize what we've talked about to make sure we're on the same page.

We've discussed how you're enjoying your new work routine and the social aspects of your life in London, despite the challenges of balancing it all. Smoking seems to be something you associate with social life and memories of your grandfather, but there's also a sense of wanting to not rely on it so much. You've considered what quitting might mean for your personal strength and empowerment.

If it’s all right with you, would you like to explore some potential steps for change?",419,53,You've considered what quitting might mean for your personal strength and empowerment.,,,,
5,60dde1621f6e206dea63a7dd,counsellor,161,18,"I appreciate you asking about that, and it's great that you're interested in exploring this further. Before we dive into any advice, I'd like to summarize what we've talked about to make sure we're on the same page.

We've discussed how you're enjoying your new work routine and the social aspects of your life in London, despite the challenges of balancing it all. Smoking seems to be something you associate with social life and memories of your grandfather, but there's also a sense of wanting to not rely on it so much. You've considered what quitting might mean for your personal strength and empowerment.

If it’s all right with you, would you like to explore some potential steps for change?",420,54,"If it’s all right with you, would you like to explore some potential steps for change?",,,,
5,60dde1621f6e206dea63a7dd,client,162,19,yes!,421,55,yes!,C,The client's enthusiastic agreement to explore potential steps for change indicates a commitment to the process of changing the target behavior.,AC+,"The client is agreeing to the counsellor's suggestion to explore potential steps for change, which indicates a willingness to move toward action."
5,60dde1621f6e206dea63a7dd,counsellor,163,20,"Great! It's wonderful you're open to exploring some steps without feeling rushed. One approach people often find helpful is to start with identifying specific moments or reasons that motivate them to quit, like the desire for more energy or proving their strength. 

Would you like to start by talking about any particular motivations or changes you're looking to see in your life by reducing or stopping smoking?",422,56,Great!,,,,
5,60dde1621f6e206dea63a7dd,counsellor,163,20,"Great! It's wonderful you're open to exploring some steps without feeling rushed. One approach people often find helpful is to start with identifying specific moments or reasons that motivate them to quit, like the desire for more energy or proving their strength. 

Would you like to start by talking about any particular motivations or changes you're looking to see in your life by reducing or stopping smoking?",423,57,It's wonderful you're open to exploring some steps without feeling rushed.,,,,
5,60dde1621f6e206dea63a7dd,counsellor,163,20,"Great! It's wonderful you're open to exploring some steps without feeling rushed. One approach people often find helpful is to start with identifying specific moments or reasons that motivate them to quit, like the desire for more energy or proving their strength. 

Would you like to start by talking about any particular motivations or changes you're looking to see in your life by reducing or stopping smoking?",424,58,"One approach people often find helpful is to start with identifying specific moments or reasons that motivate them to quit, like the desire for more energy or proving their strength.",,,,
5,60dde1621f6e206dea63a7dd,counsellor,163,20,"Great! It's wonderful you're open to exploring some steps without feeling rushed. One approach people often find helpful is to start with identifying specific moments or reasons that motivate them to quit, like the desire for more energy or proving their strength. 

Would you like to start by talking about any particular motivations or changes you're looking to see in your life by reducing or stopping smoking?",425,59,Would you like to start by talking about any particular motivations or changes you're looking to see in your life by reducing or stopping smoking?,,,,
5,60dde1621f6e206dea63a7dd,client,164,21,"i would like o be healthily and breathe better. i find that i think im orally fixated. i chew thing, my nails etc so smoking is probab;y fu;filling that desire too",426,60,i would like to be healthy and breathe better.,C,The client is expressing a desire to change their behavior by citing specific health-related reasons (being healthy and breathing better) as motivations for quitting.,D+,"The client expresses a personal wish or goal for their future state ('I would like to'), which indicates a desire to change their current health and breathing status."
5,60dde1621f6e206dea63a7dd,client,164,21,"i would like o be healthily and breathe better. i find that i think im orally fixated. i chew thing, my nails etc so smoking is probab;y fu;filling that desire too",427,61,i find that i think i'm orally fixated.,N,"The client is providing a factual statement or a personal observation about their behavior/personality without expressing a desire, need, or commitment to either change or maintain the habit.",N,"The client is describing a personal trait or perceived cause for their behavior, but they are not expressing a desire to change or a reason to resist change."
5,60dde1621f6e206dea63a7dd,client,164,21,"i would like o be healthily and breathe better. i find that i think im orally fixated. i chew thing, my nails etc so smoking is probab;y fu;filling that desire too",428,62,"i chew things, my nails etc.",N,"The client is providing a factual statement about their habits (chewing nails/things) in response to the counselor's prompt, without expressing a desire, need, or commitment to change or maintain their smoking behavior.",N,"The client is describing a habit or a symptom of restlessness/anxiety, but they are not expressing a desire to change, a reason for change, or a resistance to change."
5,60dde1621f6e206dea63a7dd,client,164,21,"i would like o be healthily and breathe better. i find that i think im orally fixated. i chew thing, my nails etc so smoking is probab;y fu;filling that desire too",429,63,so smoking is probably fulfilling that desire too.,S,"The client is identifying a positive function of smoking (fulfilling a desire), which serves as a reason for maintaining the behavior.",R-,"The client is providing a reason why they continue to smoke, suggesting that the behavior fulfills a specific desire or need."
5,60dde1621f6e206dea63a7dd,counsellor,165,22,"Aiming for better health and breathing are really strong motivators, and recognizing the role of oral fixation is insightful. Some people find it helpful to address that by finding a substitute that satisfies that need, like chewing gum or using a stress ball.

Would exploring strategies that might support these goals and desires be something you're interested in?",430,64,"Aiming for better health and breathing are really strong motivators, and recognizing the role of oral fixation is insightful.",,,,
5,60dde1621f6e206dea63a7dd,counsellor,165,22,"Aiming for better health and breathing are really strong motivators, and recognizing the role of oral fixation is insightful. Some people find it helpful to address that by finding a substitute that satisfies that need, like chewing gum or using a stress ball.

Would exploring strategies that might support these goals and desires be something you're interested in?",431,65,"Some people find it helpful to address that by finding a substitute that satisfies that need, like chewing gum or using a stress ball.",,,,
5,60dde1621f6e206dea63a7dd,counsellor,165,22,"Aiming for better health and breathing are really strong motivators, and recognizing the role of oral fixation is insightful. Some people find it helpful to address that by finding a substitute that satisfies that need, like chewing gum or using a stress ball.

Would exploring strategies that might support these goals and desires be something you're interested in?",432,66,Would exploring strategies that might support these goals and desires be something you're interested in?,,,,
5,60dde1621f6e206dea63a7dd,client,166,23,yes,433,67,yes,C,"The client is agreeing to explore strategies for change, which indicates a commitment to the process of changing the target behavior.",AC+,"The client is expressing a willingness to explore strategies for change in response to the counsellor's suggestion, which indicates a lean towards action."
5,60dde1621f6e206dea63a7dd,counsellor,167,24,"Wonderful! Let's take a look at some strategies that could align with what you're hoping to achieve. Since breathing and health are priorities, finding alternatives to smoking that also address your oral fixation can be key. 

Some options might include:
- Trying sugar-free gum or healthy snacks like carrot sticks to keep your mouth busy.
- Exploring relaxation techniques, like deep breathing exercises, which can help when you feel the urge to smoke and improve your lung health.
- Gradually reducing the amount you smoke each day to ease into the process.

Would any of these ideas feel like a good fit to start with, or are there other alternatives you've thought about trying?",434,68,Wonderful!,,,,
5,60dde1621f6e206dea63a7dd,counsellor,167,24,"Wonderful! Let's take a look at some strategies that could align with what you're hoping to achieve. Since breathing and health are priorities, finding alternatives to smoking that also address your oral fixation can be key. 

Some options might include:
- Trying sugar-free gum or healthy snacks like carrot sticks to keep your mouth busy.
- Exploring relaxation techniques, like deep breathing exercises, which can help when you feel the urge to smoke and improve your lung health.
- Gradually reducing the amount you smoke each day to ease into the process.

Would any of these ideas feel like a good fit to start with, or are there other alternatives you've thought about trying?",435,69,Let's take a look at some strategies that could align with what you're hoping to achieve.,,,,
5,60dde1621f6e206dea63a7dd,counsellor,167,24,"Wonderful! Let's take a look at some strategies that could align with what you're hoping to achieve. Since breathing and health are priorities, finding alternatives to smoking that also address your oral fixation can be key. 

Some options might include:
- Trying sugar-free gum or healthy snacks like carrot sticks to keep your mouth busy.
- Exploring relaxation techniques, like deep breathing exercises, which can help when you feel the urge to smoke and improve your lung health.
- Gradually reducing the amount you smoke each day to ease into the process.

Would any of these ideas feel like a good fit to start with, or are there other alternatives you've thought about trying?",436,70,"Since breathing and health are priorities, finding alternatives to smoking that also address your oral fixation can be key.",,,,
5,60dde1621f6e206dea63a7dd,counsellor,167,24,"Wonderful! Let's take a look at some strategies that could align with what you're hoping to achieve. Since breathing and health are priorities, finding alternatives to smoking that also address your oral fixation can be key. 

Some options might include:
- Trying sugar-free gum or healthy snacks like carrot sticks to keep your mouth busy.
- Exploring relaxation techniques, like deep breathing exercises, which can help when you feel the urge to smoke and improve your lung health.
- Gradually reducing the amount you smoke each day to ease into the process.

Would any of these ideas feel like a good fit to start with, or are there other alternatives you've thought about trying?",437,71,Some options might include:,,,,
5,60dde1621f6e206dea63a7dd,counsellor,167,24,"Wonderful! Let's take a look at some strategies that could align with what you're hoping to achieve. Since breathing and health are priorities, finding alternatives to smoking that also address your oral fixation can be key. 

Some options might include:
- Trying sugar-free gum or healthy snacks like carrot sticks to keep your mouth busy.
- Exploring relaxation techniques, like deep breathing exercises, which can help when you feel the urge to smoke and improve your lung health.
- Gradually reducing the amount you smoke each day to ease into the process.

Would any of these ideas feel like a good fit to start with, or are there other alternatives you've thought about trying?",438,72,Trying sugar-free gum or healthy snacks like carrot sticks to keep your mouth busy.,,,,
5,60dde1621f6e206dea63a7dd,counsellor,167,24,"Wonderful! Let's take a look at some strategies that could align with what you're hoping to achieve. Since breathing and health are priorities, finding alternatives to smoking that also address your oral fixation can be key. 

Some options might include:
- Trying sugar-free gum or healthy snacks like carrot sticks to keep your mouth busy.
- Exploring relaxation techniques, like deep breathing exercises, which can help when you feel the urge to smoke and improve your lung health.
- Gradually reducing the amount you smoke each day to ease into the process.

Would any of these ideas feel like a good fit to start with, or are there other alternatives you've thought about trying?",439,73,"Exploring relaxation techniques, like deep breathing exercises, which can help when you feel the urge to smoke and improve your lung health.",,,,
5,60dde1621f6e206dea63a7dd,counsellor,167,24,"Wonderful! Let's take a look at some strategies that could align with what you're hoping to achieve. Since breathing and health are priorities, finding alternatives to smoking that also address your oral fixation can be key. 

Some options might include:
- Trying sugar-free gum or healthy snacks like carrot sticks to keep your mouth busy.
- Exploring relaxation techniques, like deep breathing exercises, which can help when you feel the urge to smoke and improve your lung health.
- Gradually reducing the amount you smoke each day to ease into the process.

Would any of these ideas feel like a good fit to start with, or are there other alternatives you've thought about trying?",440,74,Gradually reducing the amount you smoke each day to ease into the process.,,,,
5,60dde1621f6e206dea63a7dd,counsellor,167,24,"Wonderful! Let's take a look at some strategies that could align with what you're hoping to achieve. Since breathing and health are priorities, finding alternatives to smoking that also address your oral fixation can be key. 

Some options might include:
- Trying sugar-free gum or healthy snacks like carrot sticks to keep your mouth busy.
- Exploring relaxation techniques, like deep breathing exercises, which can help when you feel the urge to smoke and improve your lung health.
- Gradually reducing the amount you smoke each day to ease into the process.

Would any of these ideas feel like a good fit to start with, or are there other alternatives you've thought about trying?",441,75,"Would any of these ideas feel like a good fit to start with, or are there other alternatives you've thought about trying?",,,,
5,60dde1621f6e206dea63a7dd,client,168,25,"i think gum etc would be a good start, i dont mind myself having a cheeky cig whrn i drink s i do enjoy it. i just want to stop the daily habit",442,76,"i think gum etc would be a good start,",C,"The client is expressing a willingness to try a specific strategy (gum) to replace smoking, which indicates a commitment to making a change.",AC+,"The client is expressing a willingness to try a specific alternative (gum) as a starting point for change, which indicates a lean towards action."
5,60dde1621f6e206dea63a7dd,client,168,25,"i think gum etc would be a good start, i dont mind myself having a cheeky cig whrn i drink s i do enjoy it. i just want to stop the daily habit",443,77,i dont mind myself having a cheeky cig whrn i drink s i do enjoy it.,S,"The client expresses a desire to continue smoking in specific social contexts (drinking) and explicitly states that they enjoy the behavior, which is a clear expression of sustain talk.",D-,"The client explicitly states that they 'enjoy' smoking while drinking, which expresses a desire to maintain the behavior in that specific context."
5,60dde1621f6e206dea63a7dd,client,168,25,"i think gum etc would be a good start, i dont mind myself having a cheeky cig whrn i drink s i do enjoy it. i just want to stop the daily habit",444,78,i just want to stop the daily habit,C,"The client expresses a clear desire to cease the target behavior ('stop the daily habit'), which falls under the 'Desire' category of Change Talk.",D+,"The client explicitly states a wish or want to cease the behavior, which is a clear expression of desire to change."
5,60dde1621f6e206dea63a7dd,counsellor,169,26,"Starting with gum or other similar alternatives sounds like a practical option, especially for addressing that daily habit. Enjoying a cigarette socially when drinking, while reducing daily smoking, seems like a step toward finding a balance you're comfortable with.

Would you like to think about setting any specific goals for how you might incorporate these changes into your daily routine, or is there anything else you'd like to discuss or plan?",445,79,"Starting with gum or other similar alternatives sounds like a practical option, especially for addressing that daily habit.",,,,
5,60dde1621f6e206dea63a7dd,counsellor,169,26,"Starting with gum or other similar alternatives sounds like a practical option, especially for addressing that daily habit. Enjoying a cigarette socially when drinking, while reducing daily smoking, seems like a step toward finding a balance you're comfortable with.

Would you like to think about setting any specific goals for how you might incorporate these changes into your daily routine, or is there anything else you'd like to discuss or plan?",446,80,"Enjoying a cigarette socially when drinking, while reducing daily smoking, seems like a step toward finding a balance you're comfortable with.",,,,
5,60dde1621f6e206dea63a7dd,counsellor,169,26,"Starting with gum or other similar alternatives sounds like a practical option, especially for addressing that daily habit. Enjoying a cigarette socially when drinking, while reducing daily smoking, seems like a step toward finding a balance you're comfortable with.

Would you like to think about setting any specific goals for how you might incorporate these changes into your daily routine, or is there anything else you'd like to discuss or plan?",447,81,"Would you like to think about setting any specific goals for how you might incorporate these changes into your daily routine, or is there anything else you'd like to discuss or plan?",,,,
5,60dde1621f6e206dea63a7dd,client,170,27,i think maybe limitiig to like one or two a day woud be a good first step,448,82,i think maybe limitiig to like one or two a day woud be a good first step,C,"The client is proposing a specific goal to reduce their smoking frequency, which indicates a commitment to change and a plan for taking a first step.",AC+,"The client is suggesting a specific alternative or a modified version of their current behavior as a way to start changing, which indicates a leaning towards action."
5,60dde1621f6e206dea63a7dd,counsellor,171,28,"Limiting yourself to one or two cigarettes a day sounds like a realistic and manageable first step. It can provide some reassurance that change is possible without feeling too overwhelming. 

Would it be helpful to set a target date to start this, or would you rather approach it more flexibly? Also, if any challenges come up in this process, know that I'd be here to support you in navigating them.",449,83,Limiting yourself to one or two cigarettes a day sounds like a realistic and manageable first step.,,,,
5,60dde1621f6e206dea63a7dd,counsellor,171,28,"Limiting yourself to one or two cigarettes a day sounds like a realistic and manageable first step. It can provide some reassurance that change is possible without feeling too overwhelming. 

Would it be helpful to set a target date to start this, or would you rather approach it more flexibly? Also, if any challenges come up in this process, know that I'd be here to support you in navigating them.",450,84,It can provide some reassurance that change is possible without feeling too overwhelming.,,,,
5,60dde1621f6e206dea63a7dd,counsellor,171,28,"Limiting yourself to one or two cigarettes a day sounds like a realistic and manageable first step. It can provide some reassurance that change is possible without feeling too overwhelming. 

Would it be helpful to set a target date to start this, or would you rather approach it more flexibly? Also, if any challenges come up in this process, know that I'd be here to support you in navigating them.",451,85,"Would it be helpful to set a target date to start this, or would you rather approach it more flexibly?",,,,
5,60dde1621f6e206dea63a7dd,counsellor,171,28,"Limiting yourself to one or two cigarettes a day sounds like a realistic and manageable first step. It can provide some reassurance that change is possible without feeling too overwhelming. 

Would it be helpful to set a target date to start this, or would you rather approach it more flexibly? Also, if any challenges come up in this process, know that I'd be here to support you in navigating them.",452,86,"Also, if any challenges come up in this process, know that I'd be here to support you in navigating them.",,,,
5,60dde1621f6e206dea63a7dd,client,172,29,thanks! yeah lets set a date,453,87,thanks!,N,"The client is simply expressing gratitude in response to the counselor's support and suggestion, without expressing a stance for or against changing their behavior.",N,"The utterance 'thanks!' is a polite social acknowledgement and does not express a desire, reluctance, or commitment toward changing their behavior."
5,60dde1621f6e206dea63a7dd,client,172,29,thanks! yeah lets set a date,454,88,yeah lets set a date,C,The client is expressing a commitment to change by agreeing to set a target date for reducing their cigarette intake.,C+,"The client is expressing a firm intention to take a specific action (setting a date) to initiate change, which indicates a commitment to the process."
5,60dde1621f6e206dea63a7dd,counsellor,173,30,Setting a date can give you a clear starting point and something to aim for. How about choosing a day within the next week that feels right for you to begin this change? Think about a time when you feel ready and supported to take on this new step.,455,89,Setting a date can give you a clear starting point and something to aim for.,,,,
5,60dde1621f6e206dea63a7dd,counsellor,173,30,Setting a date can give you a clear starting point and something to aim for. How about choosing a day within the next week that feels right for you to begin this change? Think about a time when you feel ready and supported to take on this new step.,456,90,How about choosing a day within the next week that feels right for you to begin this change?,,,,
5,60dde1621f6e206dea63a7dd,counsellor,173,30,Setting a date can give you a clear starting point and something to aim for. How about choosing a day within the next week that feels right for you to begin this change? Think about a time when you feel ready and supported to take on this new step.,457,91,Think about a time when you feel ready and supported to take on this new step.,,,,
5,60dde1621f6e206dea63a7dd,client,174,31,perhaps sunday,458,92,perhaps sunday,C,"The client is suggesting a specific date to begin the change, which indicates a commitment to change by making a plan.",AC+,"The client is suggesting a specific day to start the change in response to the counsellor's prompt, which indicates a leaning towards action and a willingness to plan the change."
5,60dde1621f6e206dea63a7dd,counsellor,175,32,"Sunday sounds like a great choice. It can be a good day to reflect and prepare for the week ahead. As you move towards this goal, remember that small, consistent steps can lead to meaningful change. 

Is there anything else you'd like to plan, or any other concerns about this process you'd like to talk through before Sunday arrives?",459,93,Sunday sounds like a great choice.,,,,
5,60dde1621f6e206dea63a7dd,counsellor,175,32,"Sunday sounds like a great choice. It can be a good day to reflect and prepare for the week ahead. As you move towards this goal, remember that small, consistent steps can lead to meaningful change. 

Is there anything else you'd like to plan, or any other concerns about this process you'd like to talk through before Sunday arrives?",460,94,It can be a good day to reflect and prepare for the week ahead.,,,,
5,60dde1621f6e206dea63a7dd,counsellor,175,32,"Sunday sounds like a great choice. It can be a good day to reflect and prepare for the week ahead. As you move towards this goal, remember that small, consistent steps can lead to meaningful change. 

Is there anything else you'd like to plan, or any other concerns about this process you'd like to talk through before Sunday arrives?",461,95,"As you move towards this goal, remember that small, consistent steps can lead to meaningful change.",,,,
5,60dde1621f6e206dea63a7dd,counsellor,175,32,"Sunday sounds like a great choice. It can be a good day to reflect and prepare for the week ahead. As you move towards this goal, remember that small, consistent steps can lead to meaningful change. 

Is there anything else you'd like to plan, or any other concerns about this process you'd like to talk through before Sunday arrives?",462,96,"Is there anything else you'd like to plan, or any other concerns about this process you'd like to talk through before Sunday arrives?",,,,
5,60dde1621f6e206dea63a7dd,client,176,33,i dont think so!,463,97,i dont think so!,N,"The client is simply answering the counselor's question and does not express a desire, need, or commitment to either change or maintain the behavior.",N,"The client is simply answering a question about whether they have further concerns or plans, which does not express a desire or resistance toward changing their behavior."
5,60dde1621f6e206dea63a7dd,counsellor,177,34,"Thank you for spending this time talking with me today. I’d like to summarize what we’ve discussed so far. You shared how you're adjusting to life in London and enjoying your new work routine, though balancing work and social life can sometimes lead to burnout. Alongside this, smoking plays a role in your life, both socially and sentimentally, though you have a desire to gain more control over it. You've expressed a motivation to improve your health and breathing by reducing your daily smoking habit. You've chosen Sunday as a day to start limiting your smoking to one or two cigarettes a day, while considering alternatives like gum to help address the oral fixation. You've taken thoughtful steps toward change, and I'm here to support you as you move forward. If anything else comes up, feel free to reach out. Take care!

Would you like to continue the conversation?",464,98,Thank you for spending this time talking with me today.,,,,
5,60dde1621f6e206dea63a7dd,counsellor,177,34,"Thank you for spending this time talking with me today. I’d like to summarize what we’ve discussed so far. You shared how you're adjusting to life in London and enjoying your new work routine, though balancing work and social life can sometimes lead to burnout. Alongside this, smoking plays a role in your life, both socially and sentimentally, though you have a desire to gain more control over it. You've expressed a motivation to improve your health and breathing by reducing your daily smoking habit. You've chosen Sunday as a day to start limiting your smoking to one or two cigarettes a day, while considering alternatives like gum to help address the oral fixation. You've taken thoughtful steps toward change, and I'm here to support you as you move forward. If anything else comes up, feel free to reach out. Take care!

Would you like to continue the conversation?",465,99,I’d like to summarize what we’ve discussed so far.,,,,
5,60dde1621f6e206dea63a7dd,counsellor,177,34,"Thank you for spending this time talking with me today. I’d like to summarize what we’ve discussed so far. You shared how you're adjusting to life in London and enjoying your new work routine, though balancing work and social life can sometimes lead to burnout. Alongside this, smoking plays a role in your life, both socially and sentimentally, though you have a desire to gain more control over it. You've expressed a motivation to improve your health and breathing by reducing your daily smoking habit. You've chosen Sunday as a day to start limiting your smoking to one or two cigarettes a day, while considering alternatives like gum to help address the oral fixation. You've taken thoughtful steps toward change, and I'm here to support you as you move forward. If anything else comes up, feel free to reach out. Take care!

Would you like to continue the conversation?",466,100,"You shared how you're adjusting to life in London and enjoying your new work routine, though balancing work and social life can sometimes lead to burnout.",,,,
5,60dde1621f6e206dea63a7dd,counsellor,177,34,"Thank you for spending this time talking with me today. I’d like to summarize what we’ve discussed so far. You shared how you're adjusting to life in London and enjoying your new work routine, though balancing work and social life can sometimes lead to burnout. Alongside this, smoking plays a role in your life, both socially and sentimentally, though you have a desire to gain more control over it. You've expressed a motivation to improve your health and breathing by reducing your daily smoking habit. You've chosen Sunday as a day to start limiting your smoking to one or two cigarettes a day, while considering alternatives like gum to help address the oral fixation. You've taken thoughtful steps toward change, and I'm here to support you as you move forward. If anything else comes up, feel free to reach out. Take care!

Would you like to continue the conversation?",467,101,"Alongside this, smoking plays a role in your life, both socially and sentimentally, though you have a desire to gain more control over it.",,,,
5,60dde1621f6e206dea63a7dd,counsellor,177,34,"Thank you for spending this time talking with me today. I’d like to summarize what we’ve discussed so far. You shared how you're adjusting to life in London and enjoying your new work routine, though balancing work and social life can sometimes lead to burnout. Alongside this, smoking plays a role in your life, both socially and sentimentally, though you have a desire to gain more control over it. You've expressed a motivation to improve your health and breathing by reducing your daily smoking habit. You've chosen Sunday as a day to start limiting your smoking to one or two cigarettes a day, while considering alternatives like gum to help address the oral fixation. You've taken thoughtful steps toward change, and I'm here to support you as you move forward. If anything else comes up, feel free to reach out. Take care!

Would you like to continue the conversation?",468,102,You've expressed a motivation to improve your health and breathing by reducing your daily smoking habit.,,,,
5,60dde1621f6e206dea63a7dd,counsellor,177,34,"Thank you for spending this time talking with me today. I’d like to summarize what we’ve discussed so far. You shared how you're adjusting to life in London and enjoying your new work routine, though balancing work and social life can sometimes lead to burnout. Alongside this, smoking plays a role in your life, both socially and sentimentally, though you have a desire to gain more control over it. You've expressed a motivation to improve your health and breathing by reducing your daily smoking habit. You've chosen Sunday as a day to start limiting your smoking to one or two cigarettes a day, while considering alternatives like gum to help address the oral fixation. You've taken thoughtful steps toward change, and I'm here to support you as you move forward. If anything else comes up, feel free to reach out. Take care!

Would you like to continue the conversation?",469,103,"You've chosen Sunday as a day to start limiting your smoking to one or two cigarettes a day, while considering alternatives like gum to help address the oral fixation.",,,,
5,60dde1621f6e206dea63a7dd,counsellor,177,34,"Thank you for spending this time talking with me today. I’d like to summarize what we’ve discussed so far. You shared how you're adjusting to life in London and enjoying your new work routine, though balancing work and social life can sometimes lead to burnout. Alongside this, smoking plays a role in your life, both socially and sentimentally, though you have a desire to gain more control over it. You've expressed a motivation to improve your health and breathing by reducing your daily smoking habit. You've chosen Sunday as a day to start limiting your smoking to one or two cigarettes a day, while considering alternatives like gum to help address the oral fixation. You've taken thoughtful steps toward change, and I'm here to support you as you move forward. If anything else comes up, feel free to reach out. Take care!

Would you like to continue the conversation?",470,104,"You've taken thoughtful steps toward change, and I'm here to support you as you move forward.",,,,
5,60dde1621f6e206dea63a7dd,counsellor,177,34,"Thank you for spending this time talking with me today. I’d like to summarize what we’ve discussed so far. You shared how you're adjusting to life in London and enjoying your new work routine, though balancing work and social life can sometimes lead to burnout. Alongside this, smoking plays a role in your life, both socially and sentimentally, though you have a desire to gain more control over it. You've expressed a motivation to improve your health and breathing by reducing your daily smoking habit. You've chosen Sunday as a day to start limiting your smoking to one or two cigarettes a day, while considering alternatives like gum to help address the oral fixation. You've taken thoughtful steps toward change, and I'm here to support you as you move forward. If anything else comes up, feel free to reach out. Take care!

Would you like to continue the conversation?",471,105,"If anything else comes up, feel free to reach out.",,,,
5,60dde1621f6e206dea63a7dd,counsellor,177,34,"Thank you for spending this time talking with me today. I’d like to summarize what we’ve discussed so far. You shared how you're adjusting to life in London and enjoying your new work routine, though balancing work and social life can sometimes lead to burnout. Alongside this, smoking plays a role in your life, both socially and sentimentally, though you have a desire to gain more control over it. You've expressed a motivation to improve your health and breathing by reducing your daily smoking habit. You've chosen Sunday as a day to start limiting your smoking to one or two cigarettes a day, while considering alternatives like gum to help address the oral fixation. You've taken thoughtful steps toward change, and I'm here to support you as you move forward. If anything else comes up, feel free to reach out. Take care!

Would you like to continue the conversation?",472,106,Take care!,,,,
5,60dde1621f6e206dea63a7dd,counsellor,177,34,"Thank you for spending this time talking with me today. I’d like to summarize what we’ve discussed so far. You shared how you're adjusting to life in London and enjoying your new work routine, though balancing work and social life can sometimes lead to burnout. Alongside this, smoking plays a role in your life, both socially and sentimentally, though you have a desire to gain more control over it. You've expressed a motivation to improve your health and breathing by reducing your daily smoking habit. You've chosen Sunday as a day to start limiting your smoking to one or two cigarettes a day, while considering alternatives like gum to help address the oral fixation. You've taken thoughtful steps toward change, and I'm here to support you as you move forward. If anything else comes up, feel free to reach out. Take care!

Would you like to continue the conversation?",473,107,Would you like to continue the conversation?,,,,
5,60dde1621f6e206dea63a7dd,client,178,35,No,474,108,No,N,"The client is simply answering a closing question from the counsellor regarding whether they wish to continue the conversation, without expressing any stance toward changing or maintaining the target behavior.",N,"The client is simply answering a closing question about whether they wish to continue the session; it does not express a desire, resistance, or neutrality regarding the behavior change itself."
6,663b79f76293a4480abba57d,counsellor,179,0,Hello! I'm so glad you could make it today. How are you feeling right now?,475,0,Hello!,,,,
6,663b79f76293a4480abba57d,counsellor,179,0,Hello! I'm so glad you could make it today. How are you feeling right now?,476,1,I'm so glad you could make it today.,,,,
6,663b79f76293a4480abba57d,counsellor,179,0,Hello! I'm so glad you could make it today. How are you feeling right now?,477,2,How are you feeling right now?,,,,
6,663b79f76293a4480abba57d,client,180,1,I am feeling fine.,478,3,I am feeling fine.,N,"The client is providing a general statement about their current emotional state, which does not express a stance toward changing or maintaining a target behavior.",N,The client is providing a neutral response to a greeting and a check-in question; it does not express a desire or resistance toward a specific behavioral change.
6,663b79f76293a4480abba57d,counsellor,181,2,That's great to hear. I'm here to explore anything on your mind that you'd like to discuss. We can talk about smoking and how it fits into your life if that's something you're open to. What's been your experience with that lately?,479,4,That's great to hear.,,,,
6,663b79f76293a4480abba57d,counsellor,181,2,That's great to hear. I'm here to explore anything on your mind that you'd like to discuss. We can talk about smoking and how it fits into your life if that's something you're open to. What's been your experience with that lately?,480,5,I'm here to explore anything on your mind that you'd like to discuss.,,,,
6,663b79f76293a4480abba57d,counsellor,181,2,That's great to hear. I'm here to explore anything on your mind that you'd like to discuss. We can talk about smoking and how it fits into your life if that's something you're open to. What's been your experience with that lately?,481,6,We can talk about smoking and how it fits into your life if that's something you're open to.,,,,
6,663b79f76293a4480abba57d,counsellor,181,2,That's great to hear. I'm here to explore anything on your mind that you'd like to discuss. We can talk about smoking and how it fits into your life if that's something you're open to. What's been your experience with that lately?,482,7,What's been your experience with that lately?,,,,
6,663b79f76293a4480abba57d,client,182,3,I've been smoking for about 11 years now. I smoke on average around 10 cigarettes a day.,483,8,I've been smoking for about 11 years now.,N,The client is providing a factual statement about the duration of their smoking habit without expressing a desire to change or a desire to continue.,N,The client is providing a factual statement about the duration of their smoking habit without expressing a desire to change or a reason to continue.
6,663b79f76293a4480abba57d,client,182,3,I've been smoking for about 11 years now. I smoke on average around 10 cigarettes a day.,484,9,I smoke on average around 10 cigarettes a day.,N,The client is providing a factual statement about their current smoking habits without expressing a desire to change or a reason to continue.,N,The client is providing a factual statement about their current smoking habits without expressing a desire to change or a reason to continue.
6,663b79f76293a4480abba57d,counsellor,183,4,"That's a long time, and it sounds like smoking has been a part of your routine. I'm curious, what are some things you like about smoking, and what are some things you might not like as much?",485,10,"That's a long time, and it sounds like smoking has been a part of your routine.",,,,
6,663b79f76293a4480abba57d,counsellor,183,4,"That's a long time, and it sounds like smoking has been a part of your routine. I'm curious, what are some things you like about smoking, and what are some things you might not like as much?",486,11,"I'm curious, what are some things you like about smoking, and what are some things you might not like as much?",,,,
6,663b79f76293a4480abba57d,client,184,5,"I like that it basically gives me a break from whatever I was doing and whatever was on my mind, it gives me a chance to clear my head. I don't like that I have to spend money on cigarettes.",487,12,"I like that it basically gives me a break from whatever I was doing and whatever was on my mind, it gives me a chance to clear my head.",S,"The client is identifying the positive aspects of smoking (stress relief and mental breaks), which serves as a reason for maintaining the behavior.",R-,"The client is providing a specific justification for why they continue to smoke, highlighting the benefit of using it as a tool for relaxation and mental clarity."
6,663b79f76293a4480abba57d,client,184,5,"I like that it basically gives me a break from whatever I was doing and whatever was on my mind, it gives me a chance to clear my head. I don't like that I have to spend money on cigarettes.",488,13,I don't like that I have to spend money on cigarettes.,C,"The client is identifying a negative aspect of smoking (the financial cost), which serves as a reason for wanting to change the behavior.",R+,"The client is identifying a negative aspect of smoking (the financial cost), which serves as a reason for wanting to change the behavior."
6,663b79f76293a4480abba57d,counsellor,185,6,"Taking a moment to pause and clear your mind with a cigarette sounds like a benefit for you. At the same time, the financial cost is something you're not happy about. It seems like there's a balance between what smoking offers you and the drawbacks it brings. How do you feel about that balance at the moment?",489,14,Taking a moment to pause and clear your mind with a cigarette sounds like a benefit for you.,,,,
6,663b79f76293a4480abba57d,counsellor,185,6,"Taking a moment to pause and clear your mind with a cigarette sounds like a benefit for you. At the same time, the financial cost is something you're not happy about. It seems like there's a balance between what smoking offers you and the drawbacks it brings. How do you feel about that balance at the moment?",490,15,"At the same time, the financial cost is something you're not happy about.",,,,
6,663b79f76293a4480abba57d,counsellor,185,6,"Taking a moment to pause and clear your mind with a cigarette sounds like a benefit for you. At the same time, the financial cost is something you're not happy about. It seems like there's a balance between what smoking offers you and the drawbacks it brings. How do you feel about that balance at the moment?",491,16,It seems like there's a balance between what smoking offers you and the drawbacks it brings.,,,,
6,663b79f76293a4480abba57d,counsellor,185,6,"Taking a moment to pause and clear your mind with a cigarette sounds like a benefit for you. At the same time, the financial cost is something you're not happy about. It seems like there's a balance between what smoking offers you and the drawbacks it brings. How do you feel about that balance at the moment?",492,17,How do you feel about that balance at the moment?,,,,
6,663b79f76293a4480abba57d,client,186,7,I'm fine with the balance. I spend less money on other things to make up for the cost of cigarettes.,493,18,I'm fine with the balance.,S,"The client expresses contentment with the current balance between the benefits and drawbacks of smoking, indicating a lack of desire to change the status quo.",AC-,"The client expresses a level of satisfaction or acceptance with the current state of their behavior, indicating a lack of readiness to change and a leaning towards maintaining the status quo."
6,663b79f76293a4480abba57d,client,186,7,I'm fine with the balance. I spend less money on other things to make up for the cost of cigarettes.,494,19,I spend less money on other things to make up for the cost of cigarettes.,S,"The client is justifying the cost of smoking by explaining how they adjust their spending, which serves as a reason to maintain the behavior despite the financial drawback.",R-,"The client is providing a justification or a way they manage the cost of smoking, which serves as a reason to maintain the behavior by neutralizing one of the drawbacks."
6,663b79f76293a4480abba57d,counsellor,187,8,"You've adjusted your expenses in other areas to accommodate for cigarettes, which shows how you've managed to maintain this balance. It’s understandable how these trade-offs might work for you. Has there been anything that's made you reconsider this balance or think about the role smoking plays in your life?",495,20,"You've adjusted your expenses in other areas to accommodate for cigarettes, which shows how you've managed to maintain this balance.",,,,
6,663b79f76293a4480abba57d,counsellor,187,8,"You've adjusted your expenses in other areas to accommodate for cigarettes, which shows how you've managed to maintain this balance. It’s understandable how these trade-offs might work for you. Has there been anything that's made you reconsider this balance or think about the role smoking plays in your life?",496,21,It’s understandable how these trade-offs might work for you.,,,,
6,663b79f76293a4480abba57d,counsellor,187,8,"You've adjusted your expenses in other areas to accommodate for cigarettes, which shows how you've managed to maintain this balance. It’s understandable how these trade-offs might work for you. Has there been anything that's made you reconsider this balance or think about the role smoking plays in your life?",497,22,Has there been anything that's made you reconsider this balance or think about the role smoking plays in your life?,,,,
6,663b79f76293a4480abba57d,client,188,9,"On the positive side, I also like the relaxing feeling cigarettes give me. On the negative side, of course there are health risks associated with smoking.",498,23,"On the positive side, I also like the relaxing feeling cigarettes give me.",S,"The client is expressing a reason for continuing the behavior, specifically highlighting the positive feeling of relaxation they get from smoking.",R-,"The client is expressing a positive feeling associated with the behavior, highlighting a reason why they continue to smoke (relaxation)."
6,663b79f76293a4480abba57d,client,188,9,"On the positive side, I also like the relaxing feeling cigarettes give me. On the negative side, of course there are health risks associated with smoking.",499,24,"On the negative side, of course there are health risks associated with smoking.",C,"The client is identifying health risks as a negative aspect of smoking, which serves as a reason for change.",R+,"The client identifies a negative consequence of the behavior (health risks), which serves as a reason why changing the behavior would be beneficial."
6,663b79f76293a4480abba57d,counsellor,189,10,"The relaxation you get from smoking is clearly significant for you. At the same time, the potential health risks are on your mind. It's like there's a tug-of-war between the immediate comfort and the long-term concerns. How do you find yourself navigating those thoughts and feelings?",500,25,The relaxation you get from smoking is clearly significant for you.,,,,
6,663b79f76293a4480abba57d,counsellor,189,10,"The relaxation you get from smoking is clearly significant for you. At the same time, the potential health risks are on your mind. It's like there's a tug-of-war between the immediate comfort and the long-term concerns. How do you find yourself navigating those thoughts and feelings?",501,26,"At the same time, the potential health risks are on your mind.",,,,
6,663b79f76293a4480abba57d,counsellor,189,10,"The relaxation you get from smoking is clearly significant for you. At the same time, the potential health risks are on your mind. It's like there's a tug-of-war between the immediate comfort and the long-term concerns. How do you find yourself navigating those thoughts and feelings?",502,27,It's like there's a tug-of-war between the immediate comfort and the long-term concerns.,,,,
6,663b79f76293a4480abba57d,counsellor,189,10,"The relaxation you get from smoking is clearly significant for you. At the same time, the potential health risks are on your mind. It's like there's a tug-of-war between the immediate comfort and the long-term concerns. How do you find yourself navigating those thoughts and feelings?",503,28,How do you find yourself navigating those thoughts and feelings?,,,,
6,663b79f76293a4480abba57d,client,190,11,I don't really give it much thought. It's become sort of a routine by now to smoke.,504,29,I don't really give it much thought.,N,"The client is providing a factual statement about their thought process and is not expressing a desire, need, or commitment to either change or maintain the behavior.",N,"The client is stating a lack of reflection or concern regarding the conflict mentioned by the counsellor, which does not express a desire to change or a reason to remain the same."
6,663b79f76293a4480abba57d,client,190,11,I don't really give it much thought. It's become sort of a routine by now to smoke.,505,30,It's become sort of a routine by now to smoke.,S,"The client describes smoking as a 'routine,' which indicates a habituated behavior and a stance toward maintaining the current status quo rather than changing it.",R-,"The client describes smoking as a 'routine,' which serves as a reason for maintaining the behavior based on habit and structure."
6,663b79f76293a4480abba57d,counsellor,191,12,"Smoking has become a routine for you, something that you do almost automatically. It’s understandable that it might not always be on your mind. Do you ever notice moments when that routine is challenged or where you find yourself questioning it, even a little bit?",506,31,"Smoking has become a routine for you, something that you do almost automatically.",,,,
6,663b79f76293a4480abba57d,counsellor,191,12,"Smoking has become a routine for you, something that you do almost automatically. It’s understandable that it might not always be on your mind. Do you ever notice moments when that routine is challenged or where you find yourself questioning it, even a little bit?",507,32,It’s understandable that it might not always be on your mind.,,,,
6,663b79f76293a4480abba57d,counsellor,191,12,"Smoking has become a routine for you, something that you do almost automatically. It’s understandable that it might not always be on your mind. Do you ever notice moments when that routine is challenged or where you find yourself questioning it, even a little bit?",508,33,"Do you ever notice moments when that routine is challenged or where you find yourself questioning it, even a little bit?",,,,
6,663b79f76293a4480abba57d,client,192,13,"Yes. If I can't smoke for whatever reason, I do get a craving for one. I also do think of the possible negative health consequences from time to time.",509,34,Yes.,N,"The client is providing a brief affirmative response to the counsellor's question without expressing a specific desire, reason, or commitment to change or maintain the behavior.",N,"The client's response 'Yes' is a brief affirmation to a question about questioning their routine, but it does not provide enough specific content to clearly support or oppose a change in behavior."
6,663b79f76293a4480abba57d,client,192,13,"Yes. If I can't smoke for whatever reason, I do get a craving for one. I also do think of the possible negative health consequences from time to time.",510,35,"If I can't smoke for whatever reason, I do get a craving for one.",S,"The client is describing a craving for the behavior when they are unable to engage in it, which reinforces the desire and need to maintain the habit.",N-,"The client is describing a physiological or psychological drive (a craving) that occurs when they cannot smoke, which indicates a perceived necessity or internal drive to maintain the behavior."
6,663b79f76293a4480abba57d,client,192,13,"Yes. If I can't smoke for whatever reason, I do get a craving for one. I also do think of the possible negative health consequences from time to time.",511,36,I also do think of the possible negative health consequences from time to time.,C,"The client is identifying negative health consequences, which serves as a 'reason' for changing the target behavior (smoking).",R+,"The client is identifying the negative health consequences of smoking, which serves as a reason why they should change their behavior."
6,663b79f76293a4480abba57d,counsellor,193,14,"It makes sense that cravings would pop up when you can't smoke, and the health consequences sometimes come to mind. These moments of craving and concern seem like they might add layers to your relationship with smoking. How do you usually handle those cravings or thoughts about health when they surface?",512,37,"It makes sense that cravings would pop up when you can't smoke, and the health consequences sometimes come to mind.",,,,
6,663b79f76293a4480abba57d,counsellor,193,14,"It makes sense that cravings would pop up when you can't smoke, and the health consequences sometimes come to mind. These moments of craving and concern seem like they might add layers to your relationship with smoking. How do you usually handle those cravings or thoughts about health when they surface?",513,38,These moments of craving and concern seem like they might add layers to your relationship with smoking.,,,,
6,663b79f76293a4480abba57d,counsellor,193,14,"It makes sense that cravings would pop up when you can't smoke, and the health consequences sometimes come to mind. These moments of craving and concern seem like they might add layers to your relationship with smoking. How do you usually handle those cravings or thoughts about health when they surface?",514,39,How do you usually handle those cravings or thoughts about health when they surface?,,,,
6,663b79f76293a4480abba57d,client,194,15,"If I can't smoke at that moment I usually just try to get my mind off of the idea. In regards to the thoughts of health, I also just try not to think about it.",515,40,If I can't smoke at that moment I usually just try to get my mind off of the idea.,N,"The client is describing a coping mechanism for when they cannot smoke, but they are not expressing a desire, need, or commitment to quit the behavior permanently.",N,"The client is describing a current coping mechanism for cravings, but they are not expressing a desire, commitment, or reason to change their smoking behavior."
6,663b79f76293a4480abba57d,client,194,15,"If I can't smoke at that moment I usually just try to get my mind off of the idea. In regards to the thoughts of health, I also just try not to think about it.",516,41,"In regards to the thoughts of health, I also just try not to think about it.",S,"The client is describing a coping mechanism to avoid thinking about the health consequences of smoking, which indicates a desire to maintain the current behavior by dismissing the reasons for change.",O-,"The client is describing a strategy to avoid thinking about the negative health consequences of smoking, which serves as a way to maintain the current behavior by dismissing the motivation to change."
6,663b79f76293a4480abba57d,counsellor,195,16,"Distracting yourself from cravings and trying not to dwell on health thoughts seem like strategies you use to navigate those challenges. It takes resilience to manage those feelings when they arise. Have there been times when you've thought about making any changes, or is staying with your routine more comfortable for now?",517,42,Distracting yourself from cravings and trying not to dwell on health thoughts seem like strategies you use to navigate those challenges.,,,,
6,663b79f76293a4480abba57d,counsellor,195,16,"Distracting yourself from cravings and trying not to dwell on health thoughts seem like strategies you use to navigate those challenges. It takes resilience to manage those feelings when they arise. Have there been times when you've thought about making any changes, or is staying with your routine more comfortable for now?",518,43,It takes resilience to manage those feelings when they arise.,,,,
6,663b79f76293a4480abba57d,counsellor,195,16,"Distracting yourself from cravings and trying not to dwell on health thoughts seem like strategies you use to navigate those challenges. It takes resilience to manage those feelings when they arise. Have there been times when you've thought about making any changes, or is staying with your routine more comfortable for now?",519,44,"Have there been times when you've thought about making any changes, or is staying with your routine more comfortable for now?",,,,
6,663b79f76293a4480abba57d,client,196,17,"Where I am at right now in my life, I couldn't see myself quitting just yet. I am at a sort of stressful point in my life and smoking aids that. However, I would like to quit eventually.",520,45,"Where I am at right now in my life, I couldn't see myself quitting just yet.",S,"The client explicitly states that they cannot see themselves quitting at this time, which expresses a commitment to maintaining the current behavior.",AC-,"The client expresses that they are not ready to quit at this point in their life, which indicates a lean towards inaction."
6,663b79f76293a4480abba57d,client,196,17,"Where I am at right now in my life, I couldn't see myself quitting just yet. I am at a sort of stressful point in my life and smoking aids that. However, I would like to quit eventually.",521,46,I am at a sort of stressful point in my life and smoking aids that.,S,"The client provides a reason for maintaining the behavior, stating that smoking helps them cope with a stressful period in their life.",R-,"The client provides a specific reason why they continue to smoke, stating that it helps them cope with a stressful period in their life."
6,663b79f76293a4480abba57d,client,196,17,"Where I am at right now in my life, I couldn't see myself quitting just yet. I am at a sort of stressful point in my life and smoking aids that. However, I would like to quit eventually.",522,47,"However, I would like to quit eventually.",C,The client explicitly expresses a desire to change their behavior in the future using the phrase 'I would like to quit'.,D+,The client explicitly expresses a wish or preference to change their behavior in the future using the phrase 'I would like to'.
6,663b79f76293a4480abba57d,counsellor,197,18,"Right now, smoking provides some relief during a stressful time, and it seems like it's helping you manage that stress. It's also clear that there's a part of you that envisions a future where quitting is possible. How do you visualize that future, when the time comes that quitting might feel right for you?",523,48,"Right now, smoking provides some relief during a stressful time, and it seems like it's helping you manage that stress.",,,,
6,663b79f76293a4480abba57d,counsellor,197,18,"Right now, smoking provides some relief during a stressful time, and it seems like it's helping you manage that stress. It's also clear that there's a part of you that envisions a future where quitting is possible. How do you visualize that future, when the time comes that quitting might feel right for you?",524,49,It's also clear that there's a part of you that envisions a future where quitting is possible.,,,,
6,663b79f76293a4480abba57d,counsellor,197,18,"Right now, smoking provides some relief during a stressful time, and it seems like it's helping you manage that stress. It's also clear that there's a part of you that envisions a future where quitting is possible. How do you visualize that future, when the time comes that quitting might feel right for you?",525,50,"How do you visualize that future, when the time comes that quitting might feel right for you?",,,,
6,663b79f76293a4480abba57d,client,198,19,"I think that when I am financially secure, have a good stable job and if I am raising a family that I would like to quit at that point.",526,51,"I think that when I am financially secure, have a good stable job and if I am raising a family that I would like to quit at that point.",C,"The client expresses a desire and a conditional intention to quit smoking in the future, which constitutes Change Talk (specifically, considering alternatives and stating a future intention to change).",D+,"The client expresses a desire to quit smoking in the future, conditioned upon achieving specific life milestones (financial security and family)."
6,663b79f76293a4480abba57d,counsellor,199,20,"Imagining a future where quitting aligns with financial security, career stability, and family life paints a promising picture for you. It's a time when you see things coming together in a way that supports making a change. Though you're not ready to quit right now, having that vision shows you're already thinking about what you want for yourself. Is there anything you'd like to talk about or explore around this vision or your current routine today?",527,52,"Imagining a future where quitting aligns with financial security, career stability, and family life paints a promising picture for you.",,,,
6,663b79f76293a4480abba57d,counsellor,199,20,"Imagining a future where quitting aligns with financial security, career stability, and family life paints a promising picture for you. It's a time when you see things coming together in a way that supports making a change. Though you're not ready to quit right now, having that vision shows you're already thinking about what you want for yourself. Is there anything you'd like to talk about or explore around this vision or your current routine today?",528,53,It's a time when you see things coming together in a way that supports making a change.,,,,
6,663b79f76293a4480abba57d,counsellor,199,20,"Imagining a future where quitting aligns with financial security, career stability, and family life paints a promising picture for you. It's a time when you see things coming together in a way that supports making a change. Though you're not ready to quit right now, having that vision shows you're already thinking about what you want for yourself. Is there anything you'd like to talk about or explore around this vision or your current routine today?",529,54,"Though you're not ready to quit right now, having that vision shows you're already thinking about what you want for yourself.",,,,
6,663b79f76293a4480abba57d,counsellor,199,20,"Imagining a future where quitting aligns with financial security, career stability, and family life paints a promising picture for you. It's a time when you see things coming together in a way that supports making a change. Though you're not ready to quit right now, having that vision shows you're already thinking about what you want for yourself. Is there anything you'd like to talk about or explore around this vision or your current routine today?",530,55,Is there anything you'd like to talk about or explore around this vision or your current routine today?,,,,
6,663b79f76293a4480abba57d,client,200,21,"The vision for quitting would be that once I feel i'm in a less stressful phase of my life, I will cut down the number of cigarettes per day slowly, and eventually entirely quit them.",531,56,"The vision for quitting would be that once I feel I'm in a less stressful phase of my life,",C,"The client is expressing a condition for change, implying a desire to quit in the future once their circumstances improve. This reflects a stance toward changing the behavior, albeit contingent on a future state.",O+,"The client is describing a hypothetical scenario or condition under which they would be willing to quit, which aligns with problem recognition or a hypothetical state of change."
6,663b79f76293a4480abba57d,client,200,21,"The vision for quitting would be that once I feel i'm in a less stressful phase of my life, I will cut down the number of cigarettes per day slowly, and eventually entirely quit them.",532,57,"I will cut down the number of cigarettes per day slowly,",C,"The client is stating a specific plan to reduce their cigarette consumption, which constitutes a commitment to change the target behavior.",C+,"The client is stating a specific plan and intention to reduce their cigarette consumption, which constitutes a commitment to change."
6,663b79f76293a4480abba57d,client,200,21,"The vision for quitting would be that once I feel i'm in a less stressful phase of my life, I will cut down the number of cigarettes per day slowly, and eventually entirely quit them.",533,58,and eventually entirely quit them.,C,"The client expresses a long-term intention or commitment to stop the target behavior entirely, which is a clear expression of change talk.",D+,"The client expresses a goal or wish to eventually stop the behavior entirely, which indicates a desire for change."
6,663b79f76293a4480abba57d,counsellor,201,22,"Thank you so much for spending time with me today. We've reached a natural point to wrap up, and I'd like to take a moment to summarize what we've talked about. 

We explored your smoking routine and how it's been a part of your life for about 11 years, providing both a mental break and a relaxing feeling. You've also been mindful of the financial cost and health risks associated with smoking. Right now, during a stressful phase, smoking seems to offer some comfort. But there's a vision you hold for the future: a time when you're financially secure, stable in your job, and possibly raising a family, which includes slowly cutting down cigarettes and eventually quitting. 

This vision, while not immediately actionable, reflects a thoughtful approach to how you might navigate change when the timing feels right for you. Please feel free to reach out whenever you'd like to explore more, and I’m here to support you along the way. 

Take care, and I look forward to our next conversation if that feels right for you.",534,59,Thank you so much for spending time with me today.,,,,
6,663b79f76293a4480abba57d,counsellor,201,22,"Thank you so much for spending time with me today. We've reached a natural point to wrap up, and I'd like to take a moment to summarize what we've talked about. 

We explored your smoking routine and how it's been a part of your life for about 11 years, providing both a mental break and a relaxing feeling. You've also been mindful of the financial cost and health risks associated with smoking. Right now, during a stressful phase, smoking seems to offer some comfort. But there's a vision you hold for the future: a time when you're financially secure, stable in your job, and possibly raising a family, which includes slowly cutting down cigarettes and eventually quitting. 

This vision, while not immediately actionable, reflects a thoughtful approach to how you might navigate change when the timing feels right for you. Please feel free to reach out whenever you'd like to explore more, and I’m here to support you along the way. 

Take care, and I look forward to our next conversation if that feels right for you.",535,60,"We've reached a natural point to wrap up, and I'd like to take a moment to summarize what we've talked about.",,,,
6,663b79f76293a4480abba57d,counsellor,201,22,"Thank you so much for spending time with me today. We've reached a natural point to wrap up, and I'd like to take a moment to summarize what we've talked about. 

We explored your smoking routine and how it's been a part of your life for about 11 years, providing both a mental break and a relaxing feeling. You've also been mindful of the financial cost and health risks associated with smoking. Right now, during a stressful phase, smoking seems to offer some comfort. But there's a vision you hold for the future: a time when you're financially secure, stable in your job, and possibly raising a family, which includes slowly cutting down cigarettes and eventually quitting. 

This vision, while not immediately actionable, reflects a thoughtful approach to how you might navigate change when the timing feels right for you. Please feel free to reach out whenever you'd like to explore more, and I’m here to support you along the way. 

Take care, and I look forward to our next conversation if that feels right for you.",536,61,"We explored your smoking routine and how it's been a part of your life for about 11 years, providing both a mental break and a relaxing feeling.",,,,
6,663b79f76293a4480abba57d,counsellor,201,22,"Thank you so much for spending time with me today. We've reached a natural point to wrap up, and I'd like to take a moment to summarize what we've talked about. 

We explored your smoking routine and how it's been a part of your life for about 11 years, providing both a mental break and a relaxing feeling. You've also been mindful of the financial cost and health risks associated with smoking. Right now, during a stressful phase, smoking seems to offer some comfort. But there's a vision you hold for the future: a time when you're financially secure, stable in your job, and possibly raising a family, which includes slowly cutting down cigarettes and eventually quitting. 

This vision, while not immediately actionable, reflects a thoughtful approach to how you might navigate change when the timing feels right for you. Please feel free to reach out whenever you'd like to explore more, and I’m here to support you along the way. 

Take care, and I look forward to our next conversation if that feels right for you.",537,62,You've also been mindful of the financial cost and health risks associated with smoking.,,,,
6,663b79f76293a4480abba57d,counsellor,201,22,"Thank you so much for spending time with me today. We've reached a natural point to wrap up, and I'd like to take a moment to summarize what we've talked about. 

We explored your smoking routine and how it's been a part of your life for about 11 years, providing both a mental break and a relaxing feeling. You've also been mindful of the financial cost and health risks associated with smoking. Right now, during a stressful phase, smoking seems to offer some comfort. But there's a vision you hold for the future: a time when you're financially secure, stable in your job, and possibly raising a family, which includes slowly cutting down cigarettes and eventually quitting. 

This vision, while not immediately actionable, reflects a thoughtful approach to how you might navigate change when the timing feels right for you. Please feel free to reach out whenever you'd like to explore more, and I’m here to support you along the way. 

Take care, and I look forward to our next conversation if that feels right for you.",538,63,"Right now, during a stressful phase, smoking seems to offer some comfort.",,,,
6,663b79f76293a4480abba57d,counsellor,201,22,"Thank you so much for spending time with me today. We've reached a natural point to wrap up, and I'd like to take a moment to summarize what we've talked about. 

We explored your smoking routine and how it's been a part of your life for about 11 years, providing both a mental break and a relaxing feeling. You've also been mindful of the financial cost and health risks associated with smoking. Right now, during a stressful phase, smoking seems to offer some comfort. But there's a vision you hold for the future: a time when you're financially secure, stable in your job, and possibly raising a family, which includes slowly cutting down cigarettes and eventually quitting. 

This vision, while not immediately actionable, reflects a thoughtful approach to how you might navigate change when the timing feels right for you. Please feel free to reach out whenever you'd like to explore more, and I’m here to support you along the way. 

Take care, and I look forward to our next conversation if that feels right for you.",539,64,"But there's a vision you hold for the future: a time when you're financially secure, stable in your job, and possibly raising a family, which includes slowly cutting down cigarettes and eventually quitting.",,,,
6,663b79f76293a4480abba57d,counsellor,201,22,"Thank you so much for spending time with me today. We've reached a natural point to wrap up, and I'd like to take a moment to summarize what we've talked about. 

We explored your smoking routine and how it's been a part of your life for about 11 years, providing both a mental break and a relaxing feeling. You've also been mindful of the financial cost and health risks associated with smoking. Right now, during a stressful phase, smoking seems to offer some comfort. But there's a vision you hold for the future: a time when you're financially secure, stable in your job, and possibly raising a family, which includes slowly cutting down cigarettes and eventually quitting. 

This vision, while not immediately actionable, reflects a thoughtful approach to how you might navigate change when the timing feels right for you. Please feel free to reach out whenever you'd like to explore more, and I’m here to support you along the way. 

Take care, and I look forward to our next conversation if that feels right for you.",540,65,"This vision, while not immediately actionable, reflects a thoughtful approach to how you might navigate change when the timing feels right for you.",,,,
6,663b79f76293a4480abba57d,counsellor,201,22,"Thank you so much for spending time with me today. We've reached a natural point to wrap up, and I'd like to take a moment to summarize what we've talked about. 

We explored your smoking routine and how it's been a part of your life for about 11 years, providing both a mental break and a relaxing feeling. You've also been mindful of the financial cost and health risks associated with smoking. Right now, during a stressful phase, smoking seems to offer some comfort. But there's a vision you hold for the future: a time when you're financially secure, stable in your job, and possibly raising a family, which includes slowly cutting down cigarettes and eventually quitting. 

This vision, while not immediately actionable, reflects a thoughtful approach to how you might navigate change when the timing feels right for you. Please feel free to reach out whenever you'd like to explore more, and I’m here to support you along the way. 

Take care, and I look forward to our next conversation if that feels right for you.",541,66,"Please feel free to reach out whenever you'd like to explore more, and I’m here to support you along the way.",,,,
6,663b79f76293a4480abba57d,counsellor,201,22,"Thank you so much for spending time with me today. We've reached a natural point to wrap up, and I'd like to take a moment to summarize what we've talked about. 

We explored your smoking routine and how it's been a part of your life for about 11 years, providing both a mental break and a relaxing feeling. You've also been mindful of the financial cost and health risks associated with smoking. Right now, during a stressful phase, smoking seems to offer some comfort. But there's a vision you hold for the future: a time when you're financially secure, stable in your job, and possibly raising a family, which includes slowly cutting down cigarettes and eventually quitting. 

This vision, while not immediately actionable, reflects a thoughtful approach to how you might navigate change when the timing feels right for you. Please feel free to reach out whenever you'd like to explore more, and I’m here to support you along the way. 

Take care, and I look forward to our next conversation if that feels right for you.",542,67,"Take care, and I look forward to our next conversation if that feels right for you.",,,,
7,67336dc4beb89674ca687d87,counsellor,202,0,Hi there! I'm really glad you've taken the time to chat today. How have you been feeling lately?,543,0,Hi there!,,,,
7,67336dc4beb89674ca687d87,counsellor,202,0,Hi there! I'm really glad you've taken the time to chat today. How have you been feeling lately?,544,1,I'm really glad you've taken the time to chat today.,,,,
7,67336dc4beb89674ca687d87,counsellor,202,0,Hi there! I'm really glad you've taken the time to chat today. How have you been feeling lately?,545,2,How have you been feeling lately?,,,,
7,67336dc4beb89674ca687d87,client,203,1,ive been feeling abit low on energy and motivation,546,3,I've been feeling a bit low on energy and motivation.,N,"The client is providing a factual statement about their current emotional and physical state without expressing a desire, need, or commitment to change or maintain a specific target behavior.",N,"The client is describing their current emotional and physical state, which does not express a desire, commitment, or resistance toward a specific behavioral change."
7,67336dc4beb89674ca687d87,counsellor,204,2,I'm sorry to hear that. Feeling low on energy and motivation can be really challenging. Can you tell me more about what's been going on for you lately?,547,4,I'm sorry to hear that.,,,,
7,67336dc4beb89674ca687d87,counsellor,204,2,I'm sorry to hear that. Feeling low on energy and motivation can be really challenging. Can you tell me more about what's been going on for you lately?,548,5,Feeling low on energy and motivation can be really challenging.,,,,
7,67336dc4beb89674ca687d87,counsellor,204,2,I'm sorry to hear that. Feeling low on energy and motivation can be really challenging. Can you tell me more about what's been going on for you lately?,549,6,Can you tell me more about what's been going on for you lately?,,,,
7,67336dc4beb89674ca687d87,client,205,3,"I have alot of things happening currently in my life,my family is pressuring me into quitting smoking and my health hasnt been that good for the past few weeks",550,7,"I have a lot of things happening currently in my life,",N,"The client is providing a general statement about their current life situation without expressing a desire, need, or commitment to either change or maintain a specific target behavior.",N,The client is providing a general statement about their current life situation without expressing a desire to change or a resistance to change.
7,67336dc4beb89674ca687d87,client,205,3,"I have alot of things happening currently in my life,my family is pressuring me into quitting smoking and my health hasnt been that good for the past few weeks",551,8,my family is pressuring me into quitting smoking,N,"The client is reporting external pressure to change, but they are not expressing a personal desire, commitment, or need to change themselves. This is a factual statement about their situation rather than a personal stance toward change.",N,"The client is stating a fact about external pressure from their family, which does not express a personal desire, commitment, or resistance toward changing their behavior."
7,67336dc4beb89674ca687d87,client,205,3,"I have alot of things happening currently in my life,my family is pressuring me into quitting smoking and my health hasnt been that good for the past few weeks",552,9,and my health hasn't been that good for the past few weeks.,N,"The client is providing factual information about their current health status in response to the counsellor's open-ended question, without expressing a desire, need, or commitment to change or maintain a specific behavior.",N,"The client is describing their current health status, which is a factual statement about their situation and does not express a desire, commitment, or resistance toward a specific change."
7,67336dc4beb89674ca687d87,counsellor,206,4,"It sounds like there's a lot weighing on you right now, both with family expectations and some health concerns. Can you share a bit more about how you're feeling about your smoking at the moment?",553,10,"It sounds like there's a lot weighing on you right now, both with family expectations and some health concerns.",,,,
7,67336dc4beb89674ca687d87,counsellor,206,4,"It sounds like there's a lot weighing on you right now, both with family expectations and some health concerns. Can you share a bit more about how you're feeling about your smoking at the moment?",554,11,Can you share a bit more about how you're feeling about your smoking at the moment?,,,,
7,67336dc4beb89674ca687d87,client,207,5,"I honestly cant function without a smoke,its too much.",555,12,"I honestly can't function without a smoke,",S,"The client expresses a perceived need to maintain the behavior, stating that they cannot function without smoking.",N-,The client expresses a perceived necessity for the behavior in order to operate or function in their daily life.
7,67336dc4beb89674ca687d87,client,207,5,"I honestly cant function without a smoke,its too much.",556,13,it's too much.,N,"The client is expressing a sense of overwhelm regarding their current situation, but they have not yet expressed a specific stance toward either changing or maintaining their smoking behavior.",N,The client's statement 'it's too much' expresses a general feeling of being overwhelmed but does not explicitly state a desire to change or a reason to maintain their smoking habit.
7,67336dc4beb89674ca687d87,counsellor,208,6,"It seems like smoking has become a significant part of your daily routine, like a way to cope with everything else going on. Balancing that dependency with the pressure from your family and worries about your health must feel overwhelming. What are your thoughts about those moments when you reach for a cigarette?",557,14,"It seems like smoking has become a significant part of your daily routine, like a way to cope with everything else going on.",,,,
7,67336dc4beb89674ca687d87,counsellor,208,6,"It seems like smoking has become a significant part of your daily routine, like a way to cope with everything else going on. Balancing that dependency with the pressure from your family and worries about your health must feel overwhelming. What are your thoughts about those moments when you reach for a cigarette?",558,15,Balancing that dependency with the pressure from your family and worries about your health must feel overwhelming.,,,,
7,67336dc4beb89674ca687d87,counsellor,208,6,"It seems like smoking has become a significant part of your daily routine, like a way to cope with everything else going on. Balancing that dependency with the pressure from your family and worries about your health must feel overwhelming. What are your thoughts about those moments when you reach for a cigarette?",559,16,What are your thoughts about those moments when you reach for a cigarette?,,,,
7,67336dc4beb89674ca687d87,client,209,7,I feel ecstatic beacuse i finally get to quench my cigarrete thirst,560,17,I feel ecstatic because I finally get to quench my cigarette thirst.,S,"The client expresses a strong positive emotion ('ecstatic') and a desire to satisfy a craving ('quench my cigarette thirst'), which indicates a desire to maintain the behavior.",D-,"The client expresses a strong positive emotion and a sense of satisfaction derived from smoking, indicating a desire to continue the behavior."
7,67336dc4beb89674ca687d87,counsellor,210,8,"That moment of relief and satisfaction is quite powerful, isn't it? It sounds like smoking provides you with a sense of immediate gratification when you're feeling that urge. At the same time, I wonder if there's another part of you that feels differently about smoking or the role it plays in your life. Would you like to talk more about that?",561,18,"That moment of relief and satisfaction is quite powerful, isn't it?",,,,
7,67336dc4beb89674ca687d87,counsellor,210,8,"That moment of relief and satisfaction is quite powerful, isn't it? It sounds like smoking provides you with a sense of immediate gratification when you're feeling that urge. At the same time, I wonder if there's another part of you that feels differently about smoking or the role it plays in your life. Would you like to talk more about that?",562,19,It sounds like smoking provides you with a sense of immediate gratification when you're feeling that urge.,,,,
7,67336dc4beb89674ca687d87,counsellor,210,8,"That moment of relief and satisfaction is quite powerful, isn't it? It sounds like smoking provides you with a sense of immediate gratification when you're feeling that urge. At the same time, I wonder if there's another part of you that feels differently about smoking or the role it plays in your life. Would you like to talk more about that?",563,20,"At the same time, I wonder if there's another part of you that feels differently about smoking or the role it plays in your life.",,,,
7,67336dc4beb89674ca687d87,counsellor,210,8,"That moment of relief and satisfaction is quite powerful, isn't it? It sounds like smoking provides you with a sense of immediate gratification when you're feeling that urge. At the same time, I wonder if there's another part of you that feels differently about smoking or the role it plays in your life. Would you like to talk more about that?",564,21,Would you like to talk more about that?,,,,
7,67336dc4beb89674ca687d87,client,211,9,"Yes,as much as smoking gives me an amzing satisfaction,at some point i feel bad because i know its hindering my health and makes my friends and family sad",565,22,"Yes, as much as smoking gives me an amazing satisfaction, at some point I feel bad because I know it's hindering my health and makes my friends and family sad.",C,"The client identifies negative consequences of smoking (health issues and the emotional impact on loved ones), which serves as a reason for wanting to change the behavior.",R+,"The client identifies specific negative consequences of their behavior, noting that it harms their health and affects their loved ones, which serves as a justification for why they should change."
7,67336dc4beb89674ca687d87,counsellor,212,10,There's a real conflict between the immediate satisfaction smoking provides and the guilt or concern about its impact on your health and your loved ones. It must be tough to feel that tug-of-war between enjoyment and the consequences. How do you tend to manage these mixed feelings when they arise?,566,23,There's a real conflict between the immediate satisfaction smoking provides and the guilt or concern about its impact on your health and your loved ones.,,,,
7,67336dc4beb89674ca687d87,counsellor,212,10,There's a real conflict between the immediate satisfaction smoking provides and the guilt or concern about its impact on your health and your loved ones. It must be tough to feel that tug-of-war between enjoyment and the consequences. How do you tend to manage these mixed feelings when they arise?,567,24,It must be tough to feel that tug-of-war between enjoyment and the consequences.,,,,
7,67336dc4beb89674ca687d87,counsellor,212,10,There's a real conflict between the immediate satisfaction smoking provides and the guilt or concern about its impact on your health and your loved ones. It must be tough to feel that tug-of-war between enjoyment and the consequences. How do you tend to manage these mixed feelings when they arise?,568,25,How do you tend to manage these mixed feelings when they arise?,,,,
7,67336dc4beb89674ca687d87,client,213,11,"I promise myself to reduce the rate at which i smoke,sometimes even throw away the remaining cigarettes",569,26,"I promise myself to reduce the rate at which I smoke,",C,The client is expressing a commitment to change by stating a promise to reduce their smoking behavior.,C+,"The client uses the word 'promise', which indicates a firm intention and a pledge to change their behavior."
7,67336dc4beb89674ca687d87,client,213,11,"I promise myself to reduce the rate at which i smoke,sometimes even throw away the remaining cigarettes",570,27,sometimes even throw away the remaining cigarettes.,C,"The client is describing a recent step or action taken toward changing their behavior (discarding cigarettes), which constitutes Change Talk.",TS+,"The client describes a specific action they have taken in the past or present to reduce their smoking, which constitutes a concrete step toward change."
7,67336dc4beb89674ca687d87,counsellor,214,12,"That shows real determination and an awareness of wanting to change. At times, it sounds like you're willing to take steps to address the conflict you feel about smoking. What do you notice happens after you make those promises or throw away cigarettes?",571,28,That shows real determination and an awareness of wanting to change.,,,,
7,67336dc4beb89674ca687d87,counsellor,214,12,"That shows real determination and an awareness of wanting to change. At times, it sounds like you're willing to take steps to address the conflict you feel about smoking. What do you notice happens after you make those promises or throw away cigarettes?",572,29,"At times, it sounds like you're willing to take steps to address the conflict you feel about smoking.",,,,
7,67336dc4beb89674ca687d87,counsellor,214,12,"That shows real determination and an awareness of wanting to change. At times, it sounds like you're willing to take steps to address the conflict you feel about smoking. What do you notice happens after you make those promises or throw away cigarettes?",573,30,What do you notice happens after you make those promises or throw away cigarettes?,,,,
7,67336dc4beb89674ca687d87,client,215,13,"I fight the urge for sometime,but end up not winning,i sometimes sleep to avoid feeling the urge of smoking",574,31,"I fight the urge for sometime, but end up not winning,",S,The client expresses pessimism about their ability to change by stating they 'end up not winning' against the urge to smoke.,AB-,"The client expresses a lack of confidence in their capacity to resist the urge to smoke, highlighting a perceived failure in their ability to change."
7,67336dc4beb89674ca687d87,client,215,13,"I fight the urge for sometime,but end up not winning,i sometimes sleep to avoid feeling the urge of smoking",575,32,I sometimes sleep to avoid feeling the urge of smoking.,C,"The client is describing a specific action they take to avoid the target behavior (smoking), which constitutes a 'recent step' or a coping strategy aimed at facilitating change.",TS+,"The client is describing a specific action they take to manage cravings and avoid smoking, which constitutes a step toward changing the behavior."
7,67336dc4beb89674ca687d87,counsellor,216,14,"It takes a lot of strength to fight those urges, and it's understandable that it can be exhausting to maintain that resistance over time. Using sleep as a strategy to cope shows a creative way to push through the craving. What do you think would need to happen for you to feel more confident in managing these urges in the future?",576,33,"It takes a lot of strength to fight those urges, and it's understandable that it can be exhausting to maintain that resistance over time.",,,,
7,67336dc4beb89674ca687d87,counsellor,216,14,"It takes a lot of strength to fight those urges, and it's understandable that it can be exhausting to maintain that resistance over time. Using sleep as a strategy to cope shows a creative way to push through the craving. What do you think would need to happen for you to feel more confident in managing these urges in the future?",577,34,Using sleep as a strategy to cope shows a creative way to push through the craving.,,,,
7,67336dc4beb89674ca687d87,counsellor,216,14,"It takes a lot of strength to fight those urges, and it's understandable that it can be exhausting to maintain that resistance over time. Using sleep as a strategy to cope shows a creative way to push through the craving. What do you think would need to happen for you to feel more confident in managing these urges in the future?",578,35,What do you think would need to happen for you to feel more confident in managing these urges in the future?,,,,
7,67336dc4beb89674ca687d87,client,217,15,Not having access to cigarettes,579,36,Not having access to cigarettes,C,"The client is identifying a specific condition (removing access to cigarettes) that would help them manage urges, which indicates a plan or a strategy to facilitate change.",O+,"The client is identifying a specific condition or environmental change (removing access to cigarettes) that would help them manage urges, which functions as a hypothetical strategy or problem recognition to support change."
7,67336dc4beb89674ca687d87,counsellor,218,16,"Not having cigarettes accessible seems like it might help you feel more in control of those urges. It sounds like the environment plays a big role in how you navigate these cravings. Is this something you'd like to explore further, perhaps thinking about ways to create an environment that supports the changes you want to make?",580,37,Not having cigarettes accessible seems like it might help you feel more in control of those urges.,,,,
7,67336dc4beb89674ca687d87,counsellor,218,16,"Not having cigarettes accessible seems like it might help you feel more in control of those urges. It sounds like the environment plays a big role in how you navigate these cravings. Is this something you'd like to explore further, perhaps thinking about ways to create an environment that supports the changes you want to make?",581,38,It sounds like the environment plays a big role in how you navigate these cravings.,,,,
7,67336dc4beb89674ca687d87,counsellor,218,16,"Not having cigarettes accessible seems like it might help you feel more in control of those urges. It sounds like the environment plays a big role in how you navigate these cravings. Is this something you'd like to explore further, perhaps thinking about ways to create an environment that supports the changes you want to make?",582,39,"Is this something you'd like to explore further, perhaps thinking about ways to create an environment that supports the changes you want to make?",,,,
7,67336dc4beb89674ca687d87,client,219,17,"Yes,ive been thinking if theres also a support group for cigarette addict",583,40,"Yes, I've been thinking if there's also a support group for cigarette addicts.",C,The client is expressing a commitment to change by actively considering alternatives and seeking out resources (a support group) to help them quit.,AC+,"The client is suggesting a specific alternative or resource (a support group) to help with their change process, which indicates a leaning towards action."
7,67336dc4beb89674ca687d87,counsellor,220,18,"You're thinking ahead about seeking support, which can be a powerful step. Support groups provide a community and understanding for people going through similar challenges. Would you like to look into what options might be available to connect with others who are also aiming to quit or reduce smoking?",584,41,"You're thinking ahead about seeking support, which can be a powerful step.",,,,
7,67336dc4beb89674ca687d87,counsellor,220,18,"You're thinking ahead about seeking support, which can be a powerful step. Support groups provide a community and understanding for people going through similar challenges. Would you like to look into what options might be available to connect with others who are also aiming to quit or reduce smoking?",585,42,Support groups provide a community and understanding for people going through similar challenges.,,,,
7,67336dc4beb89674ca687d87,counsellor,220,18,"You're thinking ahead about seeking support, which can be a powerful step. Support groups provide a community and understanding for people going through similar challenges. Would you like to look into what options might be available to connect with others who are also aiming to quit or reduce smoking?",586,43,Would you like to look into what options might be available to connect with others who are also aiming to quit or reduce smoking?,,,,
7,67336dc4beb89674ca687d87,client,221,19,its hard though,587,44,its hard though,S,"The client is expressing pessimism about their ability to change, highlighting the difficulty of the process, which serves as a barrier to change.",AB-,"The client is expressing doubt and pessimism regarding their capacity to successfully change their behavior, which aligns with the 'Ability' category."
7,67336dc4beb89674ca687d87,counsellor,222,20,It's completely valid to feel that way. Reaching out for support can be intimidating and it's not always easy to take that first step. You're really showing a lot of courage just by considering it. What do you think might help make it feel a bit more manageable or less overwhelming for you?,588,45,It's completely valid to feel that way.,,,,
7,67336dc4beb89674ca687d87,counsellor,222,20,It's completely valid to feel that way. Reaching out for support can be intimidating and it's not always easy to take that first step. You're really showing a lot of courage just by considering it. What do you think might help make it feel a bit more manageable or less overwhelming for you?,589,46,Reaching out for support can be intimidating and it's not always easy to take that first step.,,,,
7,67336dc4beb89674ca687d87,counsellor,222,20,It's completely valid to feel that way. Reaching out for support can be intimidating and it's not always easy to take that first step. You're really showing a lot of courage just by considering it. What do you think might help make it feel a bit more manageable or less overwhelming for you?,590,47,You're really showing a lot of courage just by considering it.,,,,
7,67336dc4beb89674ca687d87,counsellor,222,20,It's completely valid to feel that way. Reaching out for support can be intimidating and it's not always easy to take that first step. You're really showing a lot of courage just by considering it. What do you think might help make it feel a bit more manageable or less overwhelming for you?,591,48,What do you think might help make it feel a bit more manageable or less overwhelming for you?,,,,
7,67336dc4beb89674ca687d87,client,223,21,"i honestly dont know,ive been really trying",592,49,"i honestly dont know,",N,The client is expressing uncertainty and does not state a preference for either changing or maintaining the behavior.,N,The client's response expresses uncertainty and does not provide any language that indicates a desire to change or a reason to resist change.
7,67336dc4beb89674ca687d87,client,223,21,"i honestly dont know,ive been really trying",593,50,ive been really trying,C,"The client is stating that they have been making an effort to change or take action, which falls under 'recent steps' or 'commitment' toward change.",TS+,"The client is mentioning their recent efforts to make a change, which indicates they have been taking active steps toward the target behavior."
7,67336dc4beb89674ca687d87,counsellor,224,22,"It sounds like you've been putting in a lot of effort, and you're in a challenging spot right now. It takes time to work through all these feelings and decisions. Is there anything else you'd like to share or talk through today that might help in finding a way forward that feels right for you?",594,51,"It sounds like you've been putting in a lot of effort, and you're in a challenging spot right now.",,,,
7,67336dc4beb89674ca687d87,counsellor,224,22,"It sounds like you've been putting in a lot of effort, and you're in a challenging spot right now. It takes time to work through all these feelings and decisions. Is there anything else you'd like to share or talk through today that might help in finding a way forward that feels right for you?",595,52,It takes time to work through all these feelings and decisions.,,,,
7,67336dc4beb89674ca687d87,counsellor,224,22,"It sounds like you've been putting in a lot of effort, and you're in a challenging spot right now. It takes time to work through all these feelings and decisions. Is there anything else you'd like to share or talk through today that might help in finding a way forward that feels right for you?",596,53,Is there anything else you'd like to share or talk through today that might help in finding a way forward that feels right for you?,,,,
7,67336dc4beb89674ca687d87,client,225,23,"yes,i feel bad for getting to this point especially coz im a female,",597,54,"yes,",N,The client is providing a brief affirmative response to the counselor's question without expressing a stance toward changing or maintaining the behavior.,N,"The utterance 'yes' is a simple affirmative response to a question and does not express a desire, need, commitment, or reason for or against changing a specific behavior."
7,67336dc4beb89674ca687d87,client,225,23,"yes,i feel bad for getting to this point especially coz im a female,",598,55,"i feel bad for getting to this point especially coz im a female,",C,"The client is expressing a sense of regret and a negative emotional state regarding their current situation, which serves as a reason or motivation for wanting to change the behavior.",O+,"The client is expressing a sense of regret and recognizing the problem of their current situation, which supports the case for change but does not fit into a specific DARN-C category."
7,67336dc4beb89674ca687d87,counsellor,226,24,"It's really tough to carry those feelings of guilt or disappointment, especially when you're feeling pressure related to your identity. You are not alone in this, and it takes a lot of bravery to acknowledge where you are and want something different. What do you wish you could express to someone who truly understands what you're going through?",599,56,"It's really tough to carry those feelings of guilt or disappointment, especially when you're feeling pressure related to your identity.",,,,
7,67336dc4beb89674ca687d87,counsellor,226,24,"It's really tough to carry those feelings of guilt or disappointment, especially when you're feeling pressure related to your identity. You are not alone in this, and it takes a lot of bravery to acknowledge where you are and want something different. What do you wish you could express to someone who truly understands what you're going through?",600,57,"You are not alone in this, and it takes a lot of bravery to acknowledge where you are and want something different.",,,,
7,67336dc4beb89674ca687d87,counsellor,226,24,"It's really tough to carry those feelings of guilt or disappointment, especially when you're feeling pressure related to your identity. You are not alone in this, and it takes a lot of bravery to acknowledge where you are and want something different. What do you wish you could express to someone who truly understands what you're going through?",601,58,What do you wish you could express to someone who truly understands what you're going through?,,,,
7,67336dc4beb89674ca687d87,client,227,25,"That i really want to reduce my cigarette,im trying so much..i know i cant do it once,till take some time",602,59,"That I really want to reduce my cigarette,",C,"The client explicitly states a desire to reduce their cigarette use, which is a clear expression of a desire to change the target behavior.",D+,The client explicitly states a wish or preference to change their behavior using the phrase 'I really want to'.
7,67336dc4beb89674ca687d87,client,227,25,"That i really want to reduce my cigarette,im trying so much..i know i cant do it once,till take some time",603,60,I'm trying so much.,C,"The client is expressing the effort they are putting into the process of change, which aligns with 'recent steps' or a general commitment to changing their current situation.",TS+,"The client is mentioning the effort they are currently putting in, which indicates they are taking active steps toward change or improvement."
7,67336dc4beb89674ca687d87,client,227,25,"That i really want to reduce my cigarette,im trying so much..i know i cant do it once,till take some time",604,61,"I know I can't do it once,",S,"The client expresses a belief in their inability to change or succeed in the target behavior, which constitutes pessimism about their ability to change.",AB-,"The client expresses a lack of confidence in their capacity to successfully change or perform the action, which is a statement of pessimism regarding their own capability."
7,67336dc4beb89674ca687d87,client,227,25,"That i really want to reduce my cigarette,im trying so much..i know i cant do it once,till take some time",605,62,It'll take some time.,C,"The client is acknowledging that the process of change or expression will take time, which indicates a realistic outlook on the process of change rather than a desire to maintain the status quo or a neutral statement of fact.",O+,"The client is acknowledging the reality of the process and the time required for change, which serves as a general statement supporting the change process without fitting into specific categories like desire or commitment."
7,67336dc4beb89674ca687d87,counsellor,228,26,"Acknowledging that desire to reduce your smoking and recognizing the effort you're putting in is really important. It's a journey that may take time, and you deserve to give yourself credit for the steps you're taking, even if they're small. How might you support yourself or remind yourself of this commitment you've voiced?",606,63,Acknowledging that desire to reduce your smoking and recognizing the effort you're putting in is really important.,,,,
7,67336dc4beb89674ca687d87,counsellor,228,26,"Acknowledging that desire to reduce your smoking and recognizing the effort you're putting in is really important. It's a journey that may take time, and you deserve to give yourself credit for the steps you're taking, even if they're small. How might you support yourself or remind yourself of this commitment you've voiced?",607,64,"It's a journey that may take time, and you deserve to give yourself credit for the steps you're taking, even if they're small.",,,,
7,67336dc4beb89674ca687d87,counsellor,228,26,"Acknowledging that desire to reduce your smoking and recognizing the effort you're putting in is really important. It's a journey that may take time, and you deserve to give yourself credit for the steps you're taking, even if they're small. How might you support yourself or remind yourself of this commitment you've voiced?",608,65,How might you support yourself or remind yourself of this commitment you've voiced?,,,,
7,67336dc4beb89674ca687d87,client,229,27,do you have any suggestions,609,66,do you have any suggestions,N,The client is asking the counsellor for advice/suggestions rather than expressing a personal stance for or against changing their behavior.,N,"The client is asking for suggestions from the counsellor, which is a request for information rather than an expression of support for or opposition to change."
7,67336dc4beb89674ca687d87,counsellor,230,28,Thank you for asking for suggestions. Would it be okay if we talked about some possibilities together?,610,67,Thank you for asking for suggestions.,,,,
7,67336dc4beb89674ca687d87,counsellor,230,28,Thank you for asking for suggestions. Would it be okay if we talked about some possibilities together?,611,68,Would it be okay if we talked about some possibilities together?,,,,
7,67336dc4beb89674ca687d87,client,231,29,yes please,612,69,yes please,N,"The client is simply agreeing to the counsellor's request to discuss possibilities, which is a neutral act of following along without expressing a specific stance for or against change.",N,"The client is agreeing to a suggestion to explore possibilities for change, but the utterance itself is a simple affirmative response to a procedural question rather than a statement of change talk or resistance."
7,67336dc4beb89674ca687d87,counsellor,232,30,"Thank you for letting me share some ideas. Based on what we've discussed, some people find it helpful to set small, achievable goals and to celebrate those successes along the way. Keeping a journal or recording your thoughts about your journey might also help clarify your feelings and progress. Connecting with others, either through a support group or someone you trust, can offer encouragement and understanding. How do any of these ideas resonate with you?",613,70,Thank you for letting me share some ideas.,,,,
7,67336dc4beb89674ca687d87,counsellor,232,30,"Thank you for letting me share some ideas. Based on what we've discussed, some people find it helpful to set small, achievable goals and to celebrate those successes along the way. Keeping a journal or recording your thoughts about your journey might also help clarify your feelings and progress. Connecting with others, either through a support group or someone you trust, can offer encouragement and understanding. How do any of these ideas resonate with you?",614,71,"Based on what we've discussed, some people find it helpful to set small, achievable goals and to celebrate those successes along the way.",,,,
7,67336dc4beb89674ca687d87,counsellor,232,30,"Thank you for letting me share some ideas. Based on what we've discussed, some people find it helpful to set small, achievable goals and to celebrate those successes along the way. Keeping a journal or recording your thoughts about your journey might also help clarify your feelings and progress. Connecting with others, either through a support group or someone you trust, can offer encouragement and understanding. How do any of these ideas resonate with you?",615,72,Keeping a journal or recording your thoughts about your journey might also help clarify your feelings and progress.,,,,
7,67336dc4beb89674ca687d87,counsellor,232,30,"Thank you for letting me share some ideas. Based on what we've discussed, some people find it helpful to set small, achievable goals and to celebrate those successes along the way. Keeping a journal or recording your thoughts about your journey might also help clarify your feelings and progress. Connecting with others, either through a support group or someone you trust, can offer encouragement and understanding. How do any of these ideas resonate with you?",616,73,"Connecting with others, either through a support group or someone you trust, can offer encouragement and understanding.",,,,
7,67336dc4beb89674ca687d87,counsellor,232,30,"Thank you for letting me share some ideas. Based on what we've discussed, some people find it helpful to set small, achievable goals and to celebrate those successes along the way. Keeping a journal or recording your thoughts about your journey might also help clarify your feelings and progress. Connecting with others, either through a support group or someone you trust, can offer encouragement and understanding. How do any of these ideas resonate with you?",617,74,How do any of these ideas resonate with you?,,,,
7,67336dc4beb89674ca687d87,client,233,31,"journaling sounds good,i can get a book,also need someone to talk to,who wont judge me and will understand me",618,75,"journaling sounds good,",C,"The client expresses a positive reaction to a suggestion for a tool to help with their progress, indicating a desire or willingness to engage in a change-related activity.",AC+,"The client is expressing a willingness to try one of the suggested strategies (journaling), which indicates a lean towards action."
7,67336dc4beb89674ca687d87,client,233,31,"journaling sounds good,i can get a book,also need someone to talk to,who wont judge me and will understand me",619,76,"i can get a book,",C,"The client is responding to the counselor's suggestion of keeping a journal by stating a plan to acquire a book, which indicates a commitment to taking a step toward change.",AC+,The client is responding to the counsellor's suggestion of keeping a journal by suggesting a specific action they are willing to take to facilitate change.
7,67336dc4beb89674ca687d87,client,233,31,"journaling sounds good,i can get a book,also need someone to talk to,who wont judge me and will understand me",620,77,"also need someone to talk to,",C,"The client is expressing a need for support ('need someone to talk to') in response to the counselor's suggestions for change, which indicates a desire or need to engage in the process of change.",N+,The client expresses a necessity for support ('need someone to talk to') as a requirement for their progress or change process.
7,67336dc4beb89674ca687d87,client,233,31,"journaling sounds good,i can get a book,also need someone to talk to,who wont judge me and will understand me",621,78,who wont judge me and will understand me,C,"The client is responding to the counselor's suggestion of connecting with others, expressing a desire for a support system that is non-judgmental and understanding, which indicates a willingness to engage in a helpful change-oriented strategy.",AC+,"The client is responding to the counsellor's suggestion of connecting with others, specifying the qualities they are looking for in a support system. This indicates a willingness to explore a suggested alternative or action to support their change process."
7,67336dc4beb89674ca687d87,counsellor,234,32,"Journaling can be a wonderful way to express your thoughts and track your progress. Having someone to talk to who provides understanding and non-judgmental support can make a big difference as well. Is there someone in your life who you feel comfortable reaching out to, or would exploring support groups or counselling options feel like a good step for finding that understanding connection?",622,79,Journaling can be a wonderful way to express your thoughts and track your progress.,,,,
7,67336dc4beb89674ca687d87,counsellor,234,32,"Journaling can be a wonderful way to express your thoughts and track your progress. Having someone to talk to who provides understanding and non-judgmental support can make a big difference as well. Is there someone in your life who you feel comfortable reaching out to, or would exploring support groups or counselling options feel like a good step for finding that understanding connection?",623,80,Having someone to talk to who provides understanding and non-judgmental support can make a big difference as well.,,,,
7,67336dc4beb89674ca687d87,counsellor,234,32,"Journaling can be a wonderful way to express your thoughts and track your progress. Having someone to talk to who provides understanding and non-judgmental support can make a big difference as well. Is there someone in your life who you feel comfortable reaching out to, or would exploring support groups or counselling options feel like a good step for finding that understanding connection?",624,81,"Is there someone in your life who you feel comfortable reaching out to, or would exploring support groups or counselling options feel like a good step for finding that understanding connection?",,,,
7,67336dc4beb89674ca687d87,client,235,33,okay ill try support groups and seee,625,82,okay,N,"The client is providing a brief, affirmative response to the counselor's suggestions without expressing a specific desire, commitment, or reason to change or maintain a behavior.",N,"The utterance 'okay' is a neutral acknowledgment of the counselor's suggestion and does not express a specific desire, commitment, or resistance toward change."
7,67336dc4beb89674ca687d87,client,235,33,okay ill try support groups and seee,626,83,ill try support groups,C,The client is expressing a commitment to change by stating an intention to try a new strategy (support groups) to help with their progress.,AC+,"The client expresses a willingness to attempt a specific action (joining support groups) in response to the counsellor's suggestion, which indicates a lean towards action."
7,67336dc4beb89674ca687d87,client,235,33,okay ill try support groups and seee,627,84,and seee,N,The utterance 'and seee' is incomplete and does not express a stance toward changing or maintaining a behavior; it is a fragmented response.,N,"The utterance 'and seee' is fragmented and does not express a desire, commitment, or resistance toward change."
7,67336dc4beb89674ca687d87,counsellor,236,34,"Thank you for spending this time with me today. Our conversation has reached the intended length, so let me go over what we've discussed. You've shared feeling low on energy and some pressure from your family about quitting smoking, alongside concerns about your health. We've explored the immediate satisfaction smoking provides for you, as well as the challenges and mixed emotions you encounter around it. You revealed how you've tried managing those urges, even by setting promises to yourself and throwing away cigarettes. 

We talked about the impact of your environment and the idea of accessing support groups, and you've expressed a real commitment to reducing smoking, even though acknowledging it might take time. Additionally, you mentioned that journaling could be a helpful tool, and reaching out to someone who understands you is important. You've decided to explore support groups as a potential way to connect with others who can offer understanding and encouragement.

Thank you for your openness today. If there's anything else you're considering or need support with, I'm here to help. Would you like to schedule another session to continue this conversation?",628,85,Thank you for spending this time with me today.,,,,
7,67336dc4beb89674ca687d87,counsellor,236,34,"Thank you for spending this time with me today. Our conversation has reached the intended length, so let me go over what we've discussed. You've shared feeling low on energy and some pressure from your family about quitting smoking, alongside concerns about your health. We've explored the immediate satisfaction smoking provides for you, as well as the challenges and mixed emotions you encounter around it. You revealed how you've tried managing those urges, even by setting promises to yourself and throwing away cigarettes. 

We talked about the impact of your environment and the idea of accessing support groups, and you've expressed a real commitment to reducing smoking, even though acknowledging it might take time. Additionally, you mentioned that journaling could be a helpful tool, and reaching out to someone who understands you is important. You've decided to explore support groups as a potential way to connect with others who can offer understanding and encouragement.

Thank you for your openness today. If there's anything else you're considering or need support with, I'm here to help. Would you like to schedule another session to continue this conversation?",629,86,"Our conversation has reached the intended length, so let me go over what we've discussed.",,,,
7,67336dc4beb89674ca687d87,counsellor,236,34,"Thank you for spending this time with me today. Our conversation has reached the intended length, so let me go over what we've discussed. You've shared feeling low on energy and some pressure from your family about quitting smoking, alongside concerns about your health. We've explored the immediate satisfaction smoking provides for you, as well as the challenges and mixed emotions you encounter around it. You revealed how you've tried managing those urges, even by setting promises to yourself and throwing away cigarettes. 

We talked about the impact of your environment and the idea of accessing support groups, and you've expressed a real commitment to reducing smoking, even though acknowledging it might take time. Additionally, you mentioned that journaling could be a helpful tool, and reaching out to someone who understands you is important. You've decided to explore support groups as a potential way to connect with others who can offer understanding and encouragement.

Thank you for your openness today. If there's anything else you're considering or need support with, I'm here to help. Would you like to schedule another session to continue this conversation?",630,87,"You've shared feeling low on energy and some pressure from your family about quitting smoking, alongside concerns about your health.",,,,
7,67336dc4beb89674ca687d87,counsellor,236,34,"Thank you for spending this time with me today. Our conversation has reached the intended length, so let me go over what we've discussed. You've shared feeling low on energy and some pressure from your family about quitting smoking, alongside concerns about your health. We've explored the immediate satisfaction smoking provides for you, as well as the challenges and mixed emotions you encounter around it. You revealed how you've tried managing those urges, even by setting promises to yourself and throwing away cigarettes. 

We talked about the impact of your environment and the idea of accessing support groups, and you've expressed a real commitment to reducing smoking, even though acknowledging it might take time. Additionally, you mentioned that journaling could be a helpful tool, and reaching out to someone who understands you is important. You've decided to explore support groups as a potential way to connect with others who can offer understanding and encouragement.

Thank you for your openness today. If there's anything else you're considering or need support with, I'm here to help. Would you like to schedule another session to continue this conversation?",631,88,"We've explored the immediate satisfaction smoking provides for you, as well as the challenges and mixed emotions you encounter around it.",,,,
7,67336dc4beb89674ca687d87,counsellor,236,34,"Thank you for spending this time with me today. Our conversation has reached the intended length, so let me go over what we've discussed. You've shared feeling low on energy and some pressure from your family about quitting smoking, alongside concerns about your health. We've explored the immediate satisfaction smoking provides for you, as well as the challenges and mixed emotions you encounter around it. You revealed how you've tried managing those urges, even by setting promises to yourself and throwing away cigarettes. 

We talked about the impact of your environment and the idea of accessing support groups, and you've expressed a real commitment to reducing smoking, even though acknowledging it might take time. Additionally, you mentioned that journaling could be a helpful tool, and reaching out to someone who understands you is important. You've decided to explore support groups as a potential way to connect with others who can offer understanding and encouragement.

Thank you for your openness today. If there's anything else you're considering or need support with, I'm here to help. Would you like to schedule another session to continue this conversation?",632,89,"You revealed how you've tried managing those urges, even by setting promises to yourself and throwing away cigarettes.",,,,
7,67336dc4beb89674ca687d87,counsellor,236,34,"Thank you for spending this time with me today. Our conversation has reached the intended length, so let me go over what we've discussed. You've shared feeling low on energy and some pressure from your family about quitting smoking, alongside concerns about your health. We've explored the immediate satisfaction smoking provides for you, as well as the challenges and mixed emotions you encounter around it. You revealed how you've tried managing those urges, even by setting promises to yourself and throwing away cigarettes. 

We talked about the impact of your environment and the idea of accessing support groups, and you've expressed a real commitment to reducing smoking, even though acknowledging it might take time. Additionally, you mentioned that journaling could be a helpful tool, and reaching out to someone who understands you is important. You've decided to explore support groups as a potential way to connect with others who can offer understanding and encouragement.

Thank you for your openness today. If there's anything else you're considering or need support with, I'm here to help. Would you like to schedule another session to continue this conversation?",633,90,"We talked about the impact of your environment and the idea of accessing support groups, and you've expressed a real commitment to reducing smoking, even though acknowledging it might take time.",,,,
7,67336dc4beb89674ca687d87,counsellor,236,34,"Thank you for spending this time with me today. Our conversation has reached the intended length, so let me go over what we've discussed. You've shared feeling low on energy and some pressure from your family about quitting smoking, alongside concerns about your health. We've explored the immediate satisfaction smoking provides for you, as well as the challenges and mixed emotions you encounter around it. You revealed how you've tried managing those urges, even by setting promises to yourself and throwing away cigarettes. 

We talked about the impact of your environment and the idea of accessing support groups, and you've expressed a real commitment to reducing smoking, even though acknowledging it might take time. Additionally, you mentioned that journaling could be a helpful tool, and reaching out to someone who understands you is important. You've decided to explore support groups as a potential way to connect with others who can offer understanding and encouragement.

Thank you for your openness today. If there's anything else you're considering or need support with, I'm here to help. Would you like to schedule another session to continue this conversation?",634,91,"Additionally, you mentioned that journaling could be a helpful tool, and reaching out to someone who understands you is important.",,,,
7,67336dc4beb89674ca687d87,counsellor,236,34,"Thank you for spending this time with me today. Our conversation has reached the intended length, so let me go over what we've discussed. You've shared feeling low on energy and some pressure from your family about quitting smoking, alongside concerns about your health. We've explored the immediate satisfaction smoking provides for you, as well as the challenges and mixed emotions you encounter around it. You revealed how you've tried managing those urges, even by setting promises to yourself and throwing away cigarettes. 

We talked about the impact of your environment and the idea of accessing support groups, and you've expressed a real commitment to reducing smoking, even though acknowledging it might take time. Additionally, you mentioned that journaling could be a helpful tool, and reaching out to someone who understands you is important. You've decided to explore support groups as a potential way to connect with others who can offer understanding and encouragement.

Thank you for your openness today. If there's anything else you're considering or need support with, I'm here to help. Would you like to schedule another session to continue this conversation?",635,92,You've decided to explore support groups as a potential way to connect with others who can offer understanding and encouragement.,,,,
7,67336dc4beb89674ca687d87,counsellor,236,34,"Thank you for spending this time with me today. Our conversation has reached the intended length, so let me go over what we've discussed. You've shared feeling low on energy and some pressure from your family about quitting smoking, alongside concerns about your health. We've explored the immediate satisfaction smoking provides for you, as well as the challenges and mixed emotions you encounter around it. You revealed how you've tried managing those urges, even by setting promises to yourself and throwing away cigarettes. 

We talked about the impact of your environment and the idea of accessing support groups, and you've expressed a real commitment to reducing smoking, even though acknowledging it might take time. Additionally, you mentioned that journaling could be a helpful tool, and reaching out to someone who understands you is important. You've decided to explore support groups as a potential way to connect with others who can offer understanding and encouragement.

Thank you for your openness today. If there's anything else you're considering or need support with, I'm here to help. Would you like to schedule another session to continue this conversation?",636,93,Thank you for your openness today.,,,,
7,67336dc4beb89674ca687d87,counsellor,236,34,"Thank you for spending this time with me today. Our conversation has reached the intended length, so let me go over what we've discussed. You've shared feeling low on energy and some pressure from your family about quitting smoking, alongside concerns about your health. We've explored the immediate satisfaction smoking provides for you, as well as the challenges and mixed emotions you encounter around it. You revealed how you've tried managing those urges, even by setting promises to yourself and throwing away cigarettes. 

We talked about the impact of your environment and the idea of accessing support groups, and you've expressed a real commitment to reducing smoking, even though acknowledging it might take time. Additionally, you mentioned that journaling could be a helpful tool, and reaching out to someone who understands you is important. You've decided to explore support groups as a potential way to connect with others who can offer understanding and encouragement.

Thank you for your openness today. If there's anything else you're considering or need support with, I'm here to help. Would you like to schedule another session to continue this conversation?",637,94,"If there's anything else you're considering or need support with, I'm here to help.",,,,
7,67336dc4beb89674ca687d87,counsellor,236,34,"Thank you for spending this time with me today. Our conversation has reached the intended length, so let me go over what we've discussed. You've shared feeling low on energy and some pressure from your family about quitting smoking, alongside concerns about your health. We've explored the immediate satisfaction smoking provides for you, as well as the challenges and mixed emotions you encounter around it. You revealed how you've tried managing those urges, even by setting promises to yourself and throwing away cigarettes. 

We talked about the impact of your environment and the idea of accessing support groups, and you've expressed a real commitment to reducing smoking, even though acknowledging it might take time. Additionally, you mentioned that journaling could be a helpful tool, and reaching out to someone who understands you is important. You've decided to explore support groups as a potential way to connect with others who can offer understanding and encouragement.

Thank you for your openness today. If there's anything else you're considering or need support with, I'm here to help. Would you like to schedule another session to continue this conversation?",638,95,Would you like to schedule another session to continue this conversation?,,,,
8,67203fd3fe9e55e9ec82fc1f,counsellor,237,0,Hi there! It's really nice to meet you today. How's your day going so far?,639,0,Hi there!,,,,
8,67203fd3fe9e55e9ec82fc1f,counsellor,237,0,Hi there! It's really nice to meet you today. How's your day going so far?,640,1,It's really nice to meet you today.,,,,
8,67203fd3fe9e55e9ec82fc1f,counsellor,237,0,Hi there! It's really nice to meet you today. How's your day going so far?,641,2,How's your day going so far?,,,,
8,67203fd3fe9e55e9ec82fc1f,client,238,1,Pretty good,642,3,Pretty good,N,"The client is responding to a general greeting about their day, which does not express any stance toward changing or maintaining a target behavior.",N,"The client is providing a neutral response to a social greeting, which does not express a desire, commitment, or resistance regarding a behavioral change."
8,67203fd3fe9e55e9ec82fc1f,counsellor,239,2,"I'm glad to hear that. Since you're feeling good, it might be a good time to talk about what brought you in today. What would you like to focus on during our session?",643,4,I'm glad to hear that.,,,,
8,67203fd3fe9e55e9ec82fc1f,counsellor,239,2,"I'm glad to hear that. Since you're feeling good, it might be a good time to talk about what brought you in today. What would you like to focus on during our session?",644,5,"Since you're feeling good, it might be a good time to talk about what brought you in today.",,,,
8,67203fd3fe9e55e9ec82fc1f,counsellor,239,2,"I'm glad to hear that. Since you're feeling good, it might be a good time to talk about what brought you in today. What would you like to focus on during our session?",645,6,What would you like to focus on during our session?,,,,
8,67203fd3fe9e55e9ec82fc1f,client,240,3,yes,646,7,yes,N,"The client is simply agreeing to the counselor's suggestion to move forward with the session, without expressing any stance for or against changing their behavior.",N,"The client's response 'yes' is a simple affirmation to the counselor's suggestion to begin the session; it does not express a desire, need, or resistance regarding a specific behavioral change."
8,67203fd3fe9e55e9ec82fc1f,counsellor,241,4,Great! We can start wherever you feel comfortable. Tell me a bit about your thoughts on smoking and how it fits into your life right now.,647,8,Great!,,,,
8,67203fd3fe9e55e9ec82fc1f,counsellor,241,4,Great! We can start wherever you feel comfortable. Tell me a bit about your thoughts on smoking and how it fits into your life right now.,648,9,We can start wherever you feel comfortable.,,,,
8,67203fd3fe9e55e9ec82fc1f,counsellor,241,4,Great! We can start wherever you feel comfortable. Tell me a bit about your thoughts on smoking and how it fits into your life right now.,649,10,Tell me a bit about your thoughts on smoking and how it fits into your life right now.,,,,
8,67203fd3fe9e55e9ec82fc1f,client,242,5,i smoke 5 times a day. always need to have my morning smoke as soon as 30 mins from waking up. i want to stop but it has been very hard,650,11,i smoke 5 times a day.,N,The client is providing a factual statement about their current smoking frequency without expressing a desire to change or a reason to continue.,N,The client is providing a factual statement about their current smoking frequency without expressing a desire to change or a reason to continue.
8,67203fd3fe9e55e9ec82fc1f,client,242,5,i smoke 5 times a day. always need to have my morning smoke as soon as 30 mins from waking up. i want to stop but it has been very hard,651,12,always need to have my morning smoke as soon as 30 mins from waking up.,S,"The client expresses a perceived need to maintain the behavior (smoking) as part of their daily routine, which is a characteristic of sustain talk.",N-,The client explicitly states a perceived necessity ('always need to have') to maintain the smoking behavior at a specific time of day.
8,67203fd3fe9e55e9ec82fc1f,client,242,5,i smoke 5 times a day. always need to have my morning smoke as soon as 30 mins from waking up. i want to stop but it has been very hard,652,13,i want to stop but it has been very hard,C,"The client explicitly expresses a desire to change ('i want to stop'), which is a core component of Change Talk, despite acknowledging the difficulty.",D+,"The client explicitly states 'i want to stop', which is a direct expression of a desire to change the target behavior."
8,67203fd3fe9e55e9ec82fc1f,counsellor,243,6,"You're smoking about five times a day, with a strong pull for that morning cigarette. It sounds like you're feeling stuck between your desire to quit and the difficulty of actually doing it. You're here because you want to stop smoking, and yet, it's been a real challenge. What makes you want to quit smoking?",653,14,"You're smoking about five times a day, with a strong pull for that morning cigarette.",,,,
8,67203fd3fe9e55e9ec82fc1f,counsellor,243,6,"You're smoking about five times a day, with a strong pull for that morning cigarette. It sounds like you're feeling stuck between your desire to quit and the difficulty of actually doing it. You're here because you want to stop smoking, and yet, it's been a real challenge. What makes you want to quit smoking?",654,15,It sounds like you're feeling stuck between your desire to quit and the difficulty of actually doing it.,,,,
8,67203fd3fe9e55e9ec82fc1f,counsellor,243,6,"You're smoking about five times a day, with a strong pull for that morning cigarette. It sounds like you're feeling stuck between your desire to quit and the difficulty of actually doing it. You're here because you want to stop smoking, and yet, it's been a real challenge. What makes you want to quit smoking?",655,16,"You're here because you want to stop smoking, and yet, it's been a real challenge.",,,,
8,67203fd3fe9e55e9ec82fc1f,counsellor,243,6,"You're smoking about five times a day, with a strong pull for that morning cigarette. It sounds like you're feeling stuck between your desire to quit and the difficulty of actually doing it. You're here because you want to stop smoking, and yet, it's been a real challenge. What makes you want to quit smoking?",656,17,What makes you want to quit smoking?,,,,
8,67203fd3fe9e55e9ec82fc1f,client,244,7,my kids and overall health,657,18,my kids and overall health,C,"The client is providing personal and health-related reasons for wanting to quit smoking, which constitutes 'Reasons' for change.",R+,The client is identifying the external and internal motivations (children and health) that serve as justifications for why they should change their behavior.
8,67203fd3fe9e55e9ec82fc1f,counsellor,245,8,"Your kids and your health are really important to you, and they motivate you to think about quitting. It's a big commitment, caring for both your family and yourself. How does smoking impact the life you want for yourself and your kids?",658,19,"Your kids and your health are really important to you, and they motivate you to think about quitting.",,,,
8,67203fd3fe9e55e9ec82fc1f,counsellor,245,8,"Your kids and your health are really important to you, and they motivate you to think about quitting. It's a big commitment, caring for both your family and yourself. How does smoking impact the life you want for yourself and your kids?",659,20,"It's a big commitment, caring for both your family and yourself.",,,,
8,67203fd3fe9e55e9ec82fc1f,counsellor,245,8,"Your kids and your health are really important to you, and they motivate you to think about quitting. It's a big commitment, caring for both your family and yourself. How does smoking impact the life you want for yourself and your kids?",660,21,How does smoking impact the life you want for yourself and your kids?,,,,
8,67203fd3fe9e55e9ec82fc1f,client,246,9,i do not want the risk of them potentially losing a parent over smoking,661,22,I do not want the risk of them potentially losing a parent over smoking.,C,The client expresses a strong reason for changing their behavior (quitting smoking) by highlighting the desire to avoid the risk of death and the negative impact on their children.,R+,"The client is providing a specific reason for wanting to change their behavior (quitting smoking), focusing on the negative consequence of their children losing a parent."
8,67203fd3fe9e55e9ec82fc1f,counsellor,247,10,You're really concerned about your role as a parent and the long-term implications smoking could have on your family. Wanting to be around for your kids and ensuring they don't face the risk of losing a parent is a powerful motivator. How do you imagine life would be different for both you and your kids if smoking wasn't a part of it?,662,23,You're really concerned about your role as a parent and the long-term implications smoking could have on your family.,,,,
8,67203fd3fe9e55e9ec82fc1f,counsellor,247,10,You're really concerned about your role as a parent and the long-term implications smoking could have on your family. Wanting to be around for your kids and ensuring they don't face the risk of losing a parent is a powerful motivator. How do you imagine life would be different for both you and your kids if smoking wasn't a part of it?,663,24,Wanting to be around for your kids and ensuring they don't face the risk of losing a parent is a powerful motivator.,,,,
8,67203fd3fe9e55e9ec82fc1f,counsellor,247,10,You're really concerned about your role as a parent and the long-term implications smoking could have on your family. Wanting to be around for your kids and ensuring they don't face the risk of losing a parent is a powerful motivator. How do you imagine life would be different for both you and your kids if smoking wasn't a part of it?,664,25,How do you imagine life would be different for both you and your kids if smoking wasn't a part of it?,,,,
8,67203fd3fe9e55e9ec82fc1f,client,248,11,better. nothing to be worried about health wise and save that money too,665,26,better.,C,"The client's response 'better' is a direct answer to the counsellor's question about how life would be different without smoking, indicating a positive valuation of change.",O+,"The client is responding to a hypothetical question about how life would be different without smoking. This constitutes a statement of problem recognition or a hypothetical positive outcome, which falls under the 'Other' category."
8,67203fd3fe9e55e9ec82fc1f,client,248,11,better. nothing to be worried about health wise and save that money too,666,27,nothing to be worried about health wise,S,"The client is dismissing the health risks associated with their behavior, which serves as a reason to maintain the current habit and counters the counselor's focus on health motivations for change.",R-,"The client is minimizing the health risks associated with their behavior, providing a justification or reason why they do not need to change."
8,67203fd3fe9e55e9ec82fc1f,client,248,11,better. nothing to be worried about health wise and save that money too,667,28,and save that money too,C,"The client is identifying a financial benefit of quitting smoking, which serves as a 'reason' for change.",R+,"The client is identifying a financial benefit of quitting smoking, which serves as a reason for changing the target behavior."
8,67203fd3fe9e55e9ec82fc1f,counsellor,249,12,"Envisioning a life with better health and financial savings, free from the worries associated with smoking, seems meaningful for you. It's as if quitting could open up more opportunities for you and your family. What would be the first sign for you that things are improving once you take steps towards quitting?",668,29,"Envisioning a life with better health and financial savings, free from the worries associated with smoking, seems meaningful for you.",,,,
8,67203fd3fe9e55e9ec82fc1f,counsellor,249,12,"Envisioning a life with better health and financial savings, free from the worries associated with smoking, seems meaningful for you. It's as if quitting could open up more opportunities for you and your family. What would be the first sign for you that things are improving once you take steps towards quitting?",669,30,It's as if quitting could open up more opportunities for you and your family.,,,,
8,67203fd3fe9e55e9ec82fc1f,counsellor,249,12,"Envisioning a life with better health and financial savings, free from the worries associated with smoking, seems meaningful for you. It's as if quitting could open up more opportunities for you and your family. What would be the first sign for you that things are improving once you take steps towards quitting?",670,31,What would be the first sign for you that things are improving once you take steps towards quitting?,,,,
8,67203fd3fe9e55e9ec82fc1f,client,250,13,feeling cleaner and having my kids feel proud,671,32,feeling cleaner,C,"The client is identifying a positive outcome ('feeling cleaner') that would result from quitting, which reflects a desire for change and a reason to move away from the target behavior.",O+,"The client is responding to a hypothetical question about the signs of improvement after quitting, identifying a positive outcome (feeling cleaner) that would result from the change."
8,67203fd3fe9e55e9ec82fc1f,client,250,13,feeling cleaner and having my kids feel proud,672,33,and having my kids feel proud,C,"The client is identifying a positive outcome (children feeling proud) as a sign of improvement, which serves as a personal reason and desire for change.",R+,"The client is identifying a positive outcome (children feeling proud) as a motivation for quitting, which serves as a reason for changing the target behavior."
8,67203fd3fe9e55e9ec82fc1f,counsellor,251,14,"Feeling cleaner and having your kids' pride are such strong, personal rewards for you. These achievements seem to be very meaningful and motivating for you. Is there anything else you'd like to talk about or explore regarding smoking and your journey toward quitting?",673,34,"Feeling cleaner and having your kids' pride are such strong, personal rewards for you.",,,,
8,67203fd3fe9e55e9ec82fc1f,counsellor,251,14,"Feeling cleaner and having your kids' pride are such strong, personal rewards for you. These achievements seem to be very meaningful and motivating for you. Is there anything else you'd like to talk about or explore regarding smoking and your journey toward quitting?",674,35,These achievements seem to be very meaningful and motivating for you.,,,,
8,67203fd3fe9e55e9ec82fc1f,counsellor,251,14,"Feeling cleaner and having your kids' pride are such strong, personal rewards for you. These achievements seem to be very meaningful and motivating for you. Is there anything else you'd like to talk about or explore regarding smoking and your journey toward quitting?",675,36,Is there anything else you'd like to talk about or explore regarding smoking and your journey toward quitting?,,,,
8,67203fd3fe9e55e9ec82fc1f,client,252,15,how can i stop falling back,676,37,how can i stop falling back,C,"The client is asking for strategies to prevent relapse, which indicates a desire to change and a commitment to the process of quitting.",AC+,"The client is asking for strategies to prevent relapse, which indicates a willingness to engage in the process of change and a lean towards action."
8,67203fd3fe9e55e9ec82fc1f,counsellor,253,16,"That's an important question, and it shows you're thinking about making lasting changes. We can certainly explore strategies that might help you feel more secure in your decision to quit. Could I share some ideas with you on managing triggers and staying on track?",677,38,"That's an important question, and it shows you're thinking about making lasting changes.",,,,
8,67203fd3fe9e55e9ec82fc1f,counsellor,253,16,"That's an important question, and it shows you're thinking about making lasting changes. We can certainly explore strategies that might help you feel more secure in your decision to quit. Could I share some ideas with you on managing triggers and staying on track?",678,39,We can certainly explore strategies that might help you feel more secure in your decision to quit.,,,,
8,67203fd3fe9e55e9ec82fc1f,counsellor,253,16,"That's an important question, and it shows you're thinking about making lasting changes. We can certainly explore strategies that might help you feel more secure in your decision to quit. Could I share some ideas with you on managing triggers and staying on track?",679,40,Could I share some ideas with you on managing triggers and staying on track?,,,,
8,67203fd3fe9e55e9ec82fc1f,client,254,17,ok,680,41,ok,N,"The client is simply agreeing to the counsellor's proposal to share ideas, without expressing a personal stance for or against changing their behavior.",N,"The client's response 'ok' is a neutral acknowledgement of the counsellor's request and does not express a specific desire, reluctance, or commitment regarding change."
8,67203fd3fe9e55e9ec82fc1f,counsellor,255,18,"Wonderful. From our conversation, there are a few things we might consider to support your journey:

1. **Identifying Triggers**: Recognizing the times and situations when you're most likely to want to smoke. Once identified, we could look at ways to change your environment or responses.

2. **Coping Strategies**: Developing new habits or activities to replace smoking. This could be something small, like going for a walk or having a water bottle handy.

3. **Support System**: Surrounding yourself with people who encourage your quit journey, like family or support groups.

4. **Celebrating Small Wins**: Acknowledging each small step you make toward quitting, like cutting back on a cigarette or two, or going through part of the day without smoking.

Does any of this resonate with you, or is there a particular area you'd like to look deeper into?",681,42,Wonderful.,,,,
8,67203fd3fe9e55e9ec82fc1f,counsellor,255,18,"Wonderful. From our conversation, there are a few things we might consider to support your journey:

1. **Identifying Triggers**: Recognizing the times and situations when you're most likely to want to smoke. Once identified, we could look at ways to change your environment or responses.

2. **Coping Strategies**: Developing new habits or activities to replace smoking. This could be something small, like going for a walk or having a water bottle handy.

3. **Support System**: Surrounding yourself with people who encourage your quit journey, like family or support groups.

4. **Celebrating Small Wins**: Acknowledging each small step you make toward quitting, like cutting back on a cigarette or two, or going through part of the day without smoking.

Does any of this resonate with you, or is there a particular area you'd like to look deeper into?",682,43,"From our conversation, there are a few things we might consider to support your journey:",,,,
8,67203fd3fe9e55e9ec82fc1f,counsellor,255,18,"Wonderful. From our conversation, there are a few things we might consider to support your journey:

1. **Identifying Triggers**: Recognizing the times and situations when you're most likely to want to smoke. Once identified, we could look at ways to change your environment or responses.

2. **Coping Strategies**: Developing new habits or activities to replace smoking. This could be something small, like going for a walk or having a water bottle handy.

3. **Support System**: Surrounding yourself with people who encourage your quit journey, like family or support groups.

4. **Celebrating Small Wins**: Acknowledging each small step you make toward quitting, like cutting back on a cigarette or two, or going through part of the day without smoking.

Does any of this resonate with you, or is there a particular area you'd like to look deeper into?",683,44,Identifying Triggers: Recognizing the times and situations when you're most likely to want to smoke.,,,,
8,67203fd3fe9e55e9ec82fc1f,counsellor,255,18,"Wonderful. From our conversation, there are a few things we might consider to support your journey:

1. **Identifying Triggers**: Recognizing the times and situations when you're most likely to want to smoke. Once identified, we could look at ways to change your environment or responses.

2. **Coping Strategies**: Developing new habits or activities to replace smoking. This could be something small, like going for a walk or having a water bottle handy.

3. **Support System**: Surrounding yourself with people who encourage your quit journey, like family or support groups.

4. **Celebrating Small Wins**: Acknowledging each small step you make toward quitting, like cutting back on a cigarette or two, or going through part of the day without smoking.

Does any of this resonate with you, or is there a particular area you'd like to look deeper into?",684,45,"Once identified, we could look at ways to change your environment or responses.",,,,
8,67203fd3fe9e55e9ec82fc1f,counsellor,255,18,"Wonderful. From our conversation, there are a few things we might consider to support your journey:

1. **Identifying Triggers**: Recognizing the times and situations when you're most likely to want to smoke. Once identified, we could look at ways to change your environment or responses.

2. **Coping Strategies**: Developing new habits or activities to replace smoking. This could be something small, like going for a walk or having a water bottle handy.

3. **Support System**: Surrounding yourself with people who encourage your quit journey, like family or support groups.

4. **Celebrating Small Wins**: Acknowledging each small step you make toward quitting, like cutting back on a cigarette or two, or going through part of the day without smoking.

Does any of this resonate with you, or is there a particular area you'd like to look deeper into?",685,46,Coping Strategies: Developing new habits or activities to replace smoking.,,,,
8,67203fd3fe9e55e9ec82fc1f,counsellor,255,18,"Wonderful. From our conversation, there are a few things we might consider to support your journey:

1. **Identifying Triggers**: Recognizing the times and situations when you're most likely to want to smoke. Once identified, we could look at ways to change your environment or responses.

2. **Coping Strategies**: Developing new habits or activities to replace smoking. This could be something small, like going for a walk or having a water bottle handy.

3. **Support System**: Surrounding yourself with people who encourage your quit journey, like family or support groups.

4. **Celebrating Small Wins**: Acknowledging each small step you make toward quitting, like cutting back on a cigarette or two, or going through part of the day without smoking.

Does any of this resonate with you, or is there a particular area you'd like to look deeper into?",686,47,"This could be something small, like going for a walk or having a water bottle handy.",,,,
8,67203fd3fe9e55e9ec82fc1f,counsellor,255,18,"Wonderful. From our conversation, there are a few things we might consider to support your journey:

1. **Identifying Triggers**: Recognizing the times and situations when you're most likely to want to smoke. Once identified, we could look at ways to change your environment or responses.

2. **Coping Strategies**: Developing new habits or activities to replace smoking. This could be something small, like going for a walk or having a water bottle handy.

3. **Support System**: Surrounding yourself with people who encourage your quit journey, like family or support groups.

4. **Celebrating Small Wins**: Acknowledging each small step you make toward quitting, like cutting back on a cigarette or two, or going through part of the day without smoking.

Does any of this resonate with you, or is there a particular area you'd like to look deeper into?",687,48,"Support System: Surrounding yourself with people who encourage your quit journey, like family or support groups.",,,,
8,67203fd3fe9e55e9ec82fc1f,counsellor,255,18,"Wonderful. From our conversation, there are a few things we might consider to support your journey:

1. **Identifying Triggers**: Recognizing the times and situations when you're most likely to want to smoke. Once identified, we could look at ways to change your environment or responses.

2. **Coping Strategies**: Developing new habits or activities to replace smoking. This could be something small, like going for a walk or having a water bottle handy.

3. **Support System**: Surrounding yourself with people who encourage your quit journey, like family or support groups.

4. **Celebrating Small Wins**: Acknowledging each small step you make toward quitting, like cutting back on a cigarette or two, or going through part of the day without smoking.

Does any of this resonate with you, or is there a particular area you'd like to look deeper into?",688,49,"Celebrating Small Wins: Acknowledging each small step you make toward quitting, like cutting back on a cigarette or two, or going through part of the day without smoking.",,,,
8,67203fd3fe9e55e9ec82fc1f,counsellor,255,18,"Wonderful. From our conversation, there are a few things we might consider to support your journey:

1. **Identifying Triggers**: Recognizing the times and situations when you're most likely to want to smoke. Once identified, we could look at ways to change your environment or responses.

2. **Coping Strategies**: Developing new habits or activities to replace smoking. This could be something small, like going for a walk or having a water bottle handy.

3. **Support System**: Surrounding yourself with people who encourage your quit journey, like family or support groups.

4. **Celebrating Small Wins**: Acknowledging each small step you make toward quitting, like cutting back on a cigarette or two, or going through part of the day without smoking.

Does any of this resonate with you, or is there a particular area you'd like to look deeper into?",689,50,"Does any of this resonate with you, or is there a particular area you'd like to look deeper into?",,,,
8,67203fd3fe9e55e9ec82fc1f,client,256,19,im scared the feeling will itch behind my mind even if I replace smoking with drinking water,690,51,I'm scared the feeling will itch behind my mind even if I replace smoking with drinking water.,S,"The client is expressing pessimism and doubt about their ability to successfully replace the behavior, which functions as a reason for maintaining the current habit.",AB-,"The client expresses doubt and fear regarding their capacity to successfully manage cravings using the suggested replacement strategy, reflecting a lack of confidence in their ability to change."
8,67203fd3fe9e55e9ec82fc1f,counsellor,257,20,"It's understandable to feel concerned about that persistent itch in the back of your mind, even if you try replacing smoking with something else. This craving can seem daunting, but it's worth exploring some techniques that address those deeper urges. It's not just about substitution; it's about retraining your mind slowly and steadily.

What do you think might help you manage this fear about cravings, or are there particular times when they get stronger?",691,52,"It's understandable to feel concerned about that persistent itch in the back of your mind, even if you try replacing smoking with something else.",,,,
8,67203fd3fe9e55e9ec82fc1f,counsellor,257,20,"It's understandable to feel concerned about that persistent itch in the back of your mind, even if you try replacing smoking with something else. This craving can seem daunting, but it's worth exploring some techniques that address those deeper urges. It's not just about substitution; it's about retraining your mind slowly and steadily.

What do you think might help you manage this fear about cravings, or are there particular times when they get stronger?",692,53,"This craving can seem daunting, but it's worth exploring some techniques that address those deeper urges.",,,,
8,67203fd3fe9e55e9ec82fc1f,counsellor,257,20,"It's understandable to feel concerned about that persistent itch in the back of your mind, even if you try replacing smoking with something else. This craving can seem daunting, but it's worth exploring some techniques that address those deeper urges. It's not just about substitution; it's about retraining your mind slowly and steadily.

What do you think might help you manage this fear about cravings, or are there particular times when they get stronger?",693,54,It's not just about substitution; it's about retraining your mind slowly and steadily.,,,,
8,67203fd3fe9e55e9ec82fc1f,counsellor,257,20,"It's understandable to feel concerned about that persistent itch in the back of your mind, even if you try replacing smoking with something else. This craving can seem daunting, but it's worth exploring some techniques that address those deeper urges. It's not just about substitution; it's about retraining your mind slowly and steadily.

What do you think might help you manage this fear about cravings, or are there particular times when they get stronger?",694,55,"What do you think might help you manage this fear about cravings, or are there particular times when they get stronger?",,,,
8,67203fd3fe9e55e9ec82fc1f,client,258,21,they get stronger when i try to stop,695,56,they get stronger when i try to stop,N,"The client is providing a factual observation about when their cravings occur, without expressing a desire to change or a commitment to maintain the behavior.",N,"The client is describing the circumstances under which their cravings increase, but they are not expressing a desire to change, a commitment to change, or a reason to resist change."
8,67203fd3fe9e55e9ec82fc1f,counsellor,259,22,"It sounds like the cravings really intensify when you make an effort to quit, which makes the process even more challenging for you. Recognizing when these feelings are at their strongest is an important step. Managing these moments could involve small, gradual changes that give your mind time to adapt.

We could think about ways to gently reduce dependence rather than stopping abruptly, or perhaps introduce new activities that are genuinely engaging. How do you feel about trying small changes that progress toward reducing smoking gradually?",696,57,"It sounds like the cravings really intensify when you make an effort to quit, which makes the process even more challenging for you.",,,,
8,67203fd3fe9e55e9ec82fc1f,counsellor,259,22,"It sounds like the cravings really intensify when you make an effort to quit, which makes the process even more challenging for you. Recognizing when these feelings are at their strongest is an important step. Managing these moments could involve small, gradual changes that give your mind time to adapt.

We could think about ways to gently reduce dependence rather than stopping abruptly, or perhaps introduce new activities that are genuinely engaging. How do you feel about trying small changes that progress toward reducing smoking gradually?",697,58,Recognizing when these feelings are at their strongest is an important step.,,,,
8,67203fd3fe9e55e9ec82fc1f,counsellor,259,22,"It sounds like the cravings really intensify when you make an effort to quit, which makes the process even more challenging for you. Recognizing when these feelings are at their strongest is an important step. Managing these moments could involve small, gradual changes that give your mind time to adapt.

We could think about ways to gently reduce dependence rather than stopping abruptly, or perhaps introduce new activities that are genuinely engaging. How do you feel about trying small changes that progress toward reducing smoking gradually?",698,59,"Managing these moments could involve small, gradual changes that give your mind time to adapt.",,,,
8,67203fd3fe9e55e9ec82fc1f,counsellor,259,22,"It sounds like the cravings really intensify when you make an effort to quit, which makes the process even more challenging for you. Recognizing when these feelings are at their strongest is an important step. Managing these moments could involve small, gradual changes that give your mind time to adapt.

We could think about ways to gently reduce dependence rather than stopping abruptly, or perhaps introduce new activities that are genuinely engaging. How do you feel about trying small changes that progress toward reducing smoking gradually?",699,60,"We could think about ways to gently reduce dependence rather than stopping abruptly, or perhaps introduce new activities that are genuinely engaging.",,,,
8,67203fd3fe9e55e9ec82fc1f,counsellor,259,22,"It sounds like the cravings really intensify when you make an effort to quit, which makes the process even more challenging for you. Recognizing when these feelings are at their strongest is an important step. Managing these moments could involve small, gradual changes that give your mind time to adapt.

We could think about ways to gently reduce dependence rather than stopping abruptly, or perhaps introduce new activities that are genuinely engaging. How do you feel about trying small changes that progress toward reducing smoking gradually?",700,61,How do you feel about trying small changes that progress toward reducing smoking gradually?,,,,
8,67203fd3fe9e55e9ec82fc1f,client,260,23,go ahead,701,62,go ahead,C,"The client is agreeing to the counselor's suggestion to try small changes, which indicates a commitment to moving toward the target behavior of reducing smoking.",AC+,"The client is expressing a willingness to proceed with the counsellor's suggestion of trying small, gradual changes, which indicates a lean towards action."
8,67203fd3fe9e55e9ec82fc1f,counsellor,261,24,"Great! Let's consider a gradual approach that might feel more manageable:

1. **Setting Small Goals**: Start by reducing by one cigarette a day or delaying the first cigarette in the morning by a bit longer each day.

2. **Creating a New Routine**: Use that craving moment as a cue to do something enjoyable—listen to a favorite song, take deep breaths, or even write down what you're grateful for.

3. **Mindful Reflection**: When a craving hits, pause for a moment to notice what you're feeling physically and emotionally. Sometimes, acknowledging the sensation can make it feel less powerful.

4. **Focus on Progress**: Recognize and reward yourself for meeting smaller milestones, like reducing the number of cigarettes in a week.

Would trying any of these strategies suit you, or do you have other thoughts on what might work better for you?",702,63,Great! Let's consider a gradual approach that might feel more manageable:,,,,
8,67203fd3fe9e55e9ec82fc1f,counsellor,261,24,"Great! Let's consider a gradual approach that might feel more manageable:

1. **Setting Small Goals**: Start by reducing by one cigarette a day or delaying the first cigarette in the morning by a bit longer each day.

2. **Creating a New Routine**: Use that craving moment as a cue to do something enjoyable—listen to a favorite song, take deep breaths, or even write down what you're grateful for.

3. **Mindful Reflection**: When a craving hits, pause for a moment to notice what you're feeling physically and emotionally. Sometimes, acknowledging the sensation can make it feel less powerful.

4. **Focus on Progress**: Recognize and reward yourself for meeting smaller milestones, like reducing the number of cigarettes in a week.

Would trying any of these strategies suit you, or do you have other thoughts on what might work better for you?",703,64,Setting Small Goals: Start by reducing by one cigarette a day or delaying the first cigarette in the morning by a bit longer each day.,,,,
8,67203fd3fe9e55e9ec82fc1f,counsellor,261,24,"Great! Let's consider a gradual approach that might feel more manageable:

1. **Setting Small Goals**: Start by reducing by one cigarette a day or delaying the first cigarette in the morning by a bit longer each day.

2. **Creating a New Routine**: Use that craving moment as a cue to do something enjoyable—listen to a favorite song, take deep breaths, or even write down what you're grateful for.

3. **Mindful Reflection**: When a craving hits, pause for a moment to notice what you're feeling physically and emotionally. Sometimes, acknowledging the sensation can make it feel less powerful.

4. **Focus on Progress**: Recognize and reward yourself for meeting smaller milestones, like reducing the number of cigarettes in a week.

Would trying any of these strategies suit you, or do you have other thoughts on what might work better for you?",704,65,"Creating a New Routine: Use that craving moment as a cue to do something enjoyable—listen to a favorite song, take deep breaths, or even write down what you're grateful for.",,,,
8,67203fd3fe9e55e9ec82fc1f,counsellor,261,24,"Great! Let's consider a gradual approach that might feel more manageable:

1. **Setting Small Goals**: Start by reducing by one cigarette a day or delaying the first cigarette in the morning by a bit longer each day.

2. **Creating a New Routine**: Use that craving moment as a cue to do something enjoyable—listen to a favorite song, take deep breaths, or even write down what you're grateful for.

3. **Mindful Reflection**: When a craving hits, pause for a moment to notice what you're feeling physically and emotionally. Sometimes, acknowledging the sensation can make it feel less powerful.

4. **Focus on Progress**: Recognize and reward yourself for meeting smaller milestones, like reducing the number of cigarettes in a week.

Would trying any of these strategies suit you, or do you have other thoughts on what might work better for you?",705,66,"Mindful Reflection: When a craving hits, pause for a moment to notice what you're feeling physically and emotionally.",,,,
8,67203fd3fe9e55e9ec82fc1f,counsellor,261,24,"Great! Let's consider a gradual approach that might feel more manageable:

1. **Setting Small Goals**: Start by reducing by one cigarette a day or delaying the first cigarette in the morning by a bit longer each day.

2. **Creating a New Routine**: Use that craving moment as a cue to do something enjoyable—listen to a favorite song, take deep breaths, or even write down what you're grateful for.

3. **Mindful Reflection**: When a craving hits, pause for a moment to notice what you're feeling physically and emotionally. Sometimes, acknowledging the sensation can make it feel less powerful.

4. **Focus on Progress**: Recognize and reward yourself for meeting smaller milestones, like reducing the number of cigarettes in a week.

Would trying any of these strategies suit you, or do you have other thoughts on what might work better for you?",706,67,"Sometimes, acknowledging the sensation can make it feel less powerful.",,,,
8,67203fd3fe9e55e9ec82fc1f,counsellor,261,24,"Great! Let's consider a gradual approach that might feel more manageable:

1. **Setting Small Goals**: Start by reducing by one cigarette a day or delaying the first cigarette in the morning by a bit longer each day.

2. **Creating a New Routine**: Use that craving moment as a cue to do something enjoyable—listen to a favorite song, take deep breaths, or even write down what you're grateful for.

3. **Mindful Reflection**: When a craving hits, pause for a moment to notice what you're feeling physically and emotionally. Sometimes, acknowledging the sensation can make it feel less powerful.

4. **Focus on Progress**: Recognize and reward yourself for meeting smaller milestones, like reducing the number of cigarettes in a week.

Would trying any of these strategies suit you, or do you have other thoughts on what might work better for you?",707,68,"Focus on Progress: Recognize and reward yourself for meeting smaller milestones, like reducing the number of cigarettes in a week.",,,,
8,67203fd3fe9e55e9ec82fc1f,counsellor,261,24,"Great! Let's consider a gradual approach that might feel more manageable:

1. **Setting Small Goals**: Start by reducing by one cigarette a day or delaying the first cigarette in the morning by a bit longer each day.

2. **Creating a New Routine**: Use that craving moment as a cue to do something enjoyable—listen to a favorite song, take deep breaths, or even write down what you're grateful for.

3. **Mindful Reflection**: When a craving hits, pause for a moment to notice what you're feeling physically and emotionally. Sometimes, acknowledging the sensation can make it feel less powerful.

4. **Focus on Progress**: Recognize and reward yourself for meeting smaller milestones, like reducing the number of cigarettes in a week.

Would trying any of these strategies suit you, or do you have other thoughts on what might work better for you?",708,69,"Would trying any of these strategies suit you, or do you have other thoughts on what might work better for you?",,,,
8,67203fd3fe9e55e9ec82fc1f,client,262,25,sounds better,709,70,sounds better,C,"The client is expressing a positive response to the counselor's proposed strategies for reducing cigarette use, which indicates a willingness to consider alternatives and a movement toward change.",AC+,"The client is expressing a willingness to try the suggested strategies, indicating a lean towards action."
8,67203fd3fe9e55e9ec82fc1f,counsellor,263,26,"That's encouraging to hear! Starting with smaller steps can make the journey feel less overwhelming. It's all about making progress that feels right for you. As you try these strategies, keep in mind the important reason you're doing this, like being there for your kids.

As we wrap up, is there anything else on your mind or anything you’d like to explore further?",710,71,That's encouraging to hear!,,,,
8,67203fd3fe9e55e9ec82fc1f,counsellor,263,26,"That's encouraging to hear! Starting with smaller steps can make the journey feel less overwhelming. It's all about making progress that feels right for you. As you try these strategies, keep in mind the important reason you're doing this, like being there for your kids.

As we wrap up, is there anything else on your mind or anything you’d like to explore further?",711,72,Starting with smaller steps can make the journey feel less overwhelming.,,,,
8,67203fd3fe9e55e9ec82fc1f,counsellor,263,26,"That's encouraging to hear! Starting with smaller steps can make the journey feel less overwhelming. It's all about making progress that feels right for you. As you try these strategies, keep in mind the important reason you're doing this, like being there for your kids.

As we wrap up, is there anything else on your mind or anything you’d like to explore further?",712,73,It's all about making progress that feels right for you.,,,,
8,67203fd3fe9e55e9ec82fc1f,counsellor,263,26,"That's encouraging to hear! Starting with smaller steps can make the journey feel less overwhelming. It's all about making progress that feels right for you. As you try these strategies, keep in mind the important reason you're doing this, like being there for your kids.

As we wrap up, is there anything else on your mind or anything you’d like to explore further?",713,74,"As you try these strategies, keep in mind the important reason you're doing this, like being there for your kids.",,,,
8,67203fd3fe9e55e9ec82fc1f,counsellor,263,26,"That's encouraging to hear! Starting with smaller steps can make the journey feel less overwhelming. It's all about making progress that feels right for you. As you try these strategies, keep in mind the important reason you're doing this, like being there for your kids.

As we wrap up, is there anything else on your mind or anything you’d like to explore further?",714,75,"As we wrap up, is there anything else on your mind or anything you’d like to explore further?",,,,
8,67203fd3fe9e55e9ec82fc1f,client,264,27,can i vape instead,715,76,can i vape instead,C,"The client is considering an alternative to their current behavior, which indicates a commitment or plan to change the target behavior (likely smoking).",AC+,"The client is suggesting an alternative to the target behavior (smoking), which indicates a lean towards action and a willingness to explore a different method of change."
8,67203fd3fe9e55e9ec82fc1f,counsellor,265,28,"Switching to vaping is a common consideration among those looking to quit smoking. It might reduce exposure to some harmful elements, but it’s important to approach it carefully, as vaping also carries its own risks and potential dependency.

Would you like to weigh the pros and cons of vaping together, or discuss other alternatives that might work for you?",716,77,Switching to vaping is a common consideration among those looking to quit smoking.,,,,
8,67203fd3fe9e55e9ec82fc1f,counsellor,265,28,"Switching to vaping is a common consideration among those looking to quit smoking. It might reduce exposure to some harmful elements, but it’s important to approach it carefully, as vaping also carries its own risks and potential dependency.

Would you like to weigh the pros and cons of vaping together, or discuss other alternatives that might work for you?",717,78,"It might reduce exposure to some harmful elements, but it’s important to approach it carefully, as vaping also carries its own risks and potential dependency.",,,,
8,67203fd3fe9e55e9ec82fc1f,counsellor,265,28,"Switching to vaping is a common consideration among those looking to quit smoking. It might reduce exposure to some harmful elements, but it’s important to approach it carefully, as vaping also carries its own risks and potential dependency.

Would you like to weigh the pros and cons of vaping together, or discuss other alternatives that might work for you?",718,79,"Would you like to weigh the pros and cons of vaping together, or discuss other alternatives that might work for you?",,,,
8,67203fd3fe9e55e9ec82fc1f,client,266,29,ok,719,80,ok,N,"The client is simply agreeing to the counselor's suggestion to proceed without expressing any personal stance, desire, or commitment regarding changing or maintaining their behavior.",N,"The client's response 'ok' is a neutral acknowledgement of the counsellor's question and does not express a desire, commitment, or resistance toward changing their behavior."
8,67203fd3fe9e55e9ec82fc1f,counsellor,267,30,"Thinking about vaping involves weighing what might be gained against what remains challenging:

**Pros**:
- **Fewer Chemicals**: Vaping generally involves fewer harmful chemicals than cigarettes.
- **Step-down Approach**: Some find it easier to gradually reduce nicotine levels when vaping.
- **Less Odor**: Unlike smoking, vapor typically doesn’t linger with as strong a smell.

**Cons**:
- **Health Risks**: Vaping can still pose health risks, particularly if continued long-term.
- **Still Addictive**: It contains nicotine, which can maintain addiction.
- **Unknown Long-term Effects**: The long-lasting effects of vaping are not fully clear.

It's really about finding what's best for your lifestyle and goals. How do these considerations align with what you're aiming for in terms of your health and lifestyle changes?",720,81,Thinking about vaping involves weighing what might be gained against what remains challenging:,,,,
8,67203fd3fe9e55e9ec82fc1f,counsellor,267,30,"Thinking about vaping involves weighing what might be gained against what remains challenging:

**Pros**:
- **Fewer Chemicals**: Vaping generally involves fewer harmful chemicals than cigarettes.
- **Step-down Approach**: Some find it easier to gradually reduce nicotine levels when vaping.
- **Less Odor**: Unlike smoking, vapor typically doesn’t linger with as strong a smell.

**Cons**:
- **Health Risks**: Vaping can still pose health risks, particularly if continued long-term.
- **Still Addictive**: It contains nicotine, which can maintain addiction.
- **Unknown Long-term Effects**: The long-lasting effects of vaping are not fully clear.

It's really about finding what's best for your lifestyle and goals. How do these considerations align with what you're aiming for in terms of your health and lifestyle changes?",721,82,Pros:,,,,
8,67203fd3fe9e55e9ec82fc1f,counsellor,267,30,"Thinking about vaping involves weighing what might be gained against what remains challenging:

**Pros**:
- **Fewer Chemicals**: Vaping generally involves fewer harmful chemicals than cigarettes.
- **Step-down Approach**: Some find it easier to gradually reduce nicotine levels when vaping.
- **Less Odor**: Unlike smoking, vapor typically doesn’t linger with as strong a smell.

**Cons**:
- **Health Risks**: Vaping can still pose health risks, particularly if continued long-term.
- **Still Addictive**: It contains nicotine, which can maintain addiction.
- **Unknown Long-term Effects**: The long-lasting effects of vaping are not fully clear.

It's really about finding what's best for your lifestyle and goals. How do these considerations align with what you're aiming for in terms of your health and lifestyle changes?",722,83,Fewer Chemicals: Vaping generally involves fewer harmful chemicals than cigarettes.,,,,
8,67203fd3fe9e55e9ec82fc1f,counsellor,267,30,"Thinking about vaping involves weighing what might be gained against what remains challenging:

**Pros**:
- **Fewer Chemicals**: Vaping generally involves fewer harmful chemicals than cigarettes.
- **Step-down Approach**: Some find it easier to gradually reduce nicotine levels when vaping.
- **Less Odor**: Unlike smoking, vapor typically doesn’t linger with as strong a smell.

**Cons**:
- **Health Risks**: Vaping can still pose health risks, particularly if continued long-term.
- **Still Addictive**: It contains nicotine, which can maintain addiction.
- **Unknown Long-term Effects**: The long-lasting effects of vaping are not fully clear.

It's really about finding what's best for your lifestyle and goals. How do these considerations align with what you're aiming for in terms of your health and lifestyle changes?",723,84,Step-down Approach: Some find it easier to gradually reduce nicotine levels when vaping.,,,,
8,67203fd3fe9e55e9ec82fc1f,counsellor,267,30,"Thinking about vaping involves weighing what might be gained against what remains challenging:

**Pros**:
- **Fewer Chemicals**: Vaping generally involves fewer harmful chemicals than cigarettes.
- **Step-down Approach**: Some find it easier to gradually reduce nicotine levels when vaping.
- **Less Odor**: Unlike smoking, vapor typically doesn’t linger with as strong a smell.

**Cons**:
- **Health Risks**: Vaping can still pose health risks, particularly if continued long-term.
- **Still Addictive**: It contains nicotine, which can maintain addiction.
- **Unknown Long-term Effects**: The long-lasting effects of vaping are not fully clear.

It's really about finding what's best for your lifestyle and goals. How do these considerations align with what you're aiming for in terms of your health and lifestyle changes?",724,85,"Less Odor: Unlike smoking, vapor typically doesn’t linger with as strong a smell.",,,,
8,67203fd3fe9e55e9ec82fc1f,counsellor,267,30,"Thinking about vaping involves weighing what might be gained against what remains challenging:

**Pros**:
- **Fewer Chemicals**: Vaping generally involves fewer harmful chemicals than cigarettes.
- **Step-down Approach**: Some find it easier to gradually reduce nicotine levels when vaping.
- **Less Odor**: Unlike smoking, vapor typically doesn’t linger with as strong a smell.

**Cons**:
- **Health Risks**: Vaping can still pose health risks, particularly if continued long-term.
- **Still Addictive**: It contains nicotine, which can maintain addiction.
- **Unknown Long-term Effects**: The long-lasting effects of vaping are not fully clear.

It's really about finding what's best for your lifestyle and goals. How do these considerations align with what you're aiming for in terms of your health and lifestyle changes?",725,86,Cons:,,,,
8,67203fd3fe9e55e9ec82fc1f,counsellor,267,30,"Thinking about vaping involves weighing what might be gained against what remains challenging:

**Pros**:
- **Fewer Chemicals**: Vaping generally involves fewer harmful chemicals than cigarettes.
- **Step-down Approach**: Some find it easier to gradually reduce nicotine levels when vaping.
- **Less Odor**: Unlike smoking, vapor typically doesn’t linger with as strong a smell.

**Cons**:
- **Health Risks**: Vaping can still pose health risks, particularly if continued long-term.
- **Still Addictive**: It contains nicotine, which can maintain addiction.
- **Unknown Long-term Effects**: The long-lasting effects of vaping are not fully clear.

It's really about finding what's best for your lifestyle and goals. How do these considerations align with what you're aiming for in terms of your health and lifestyle changes?",726,87,"Health Risks: Vaping can still pose health risks, particularly if continued long-term.",,,,
8,67203fd3fe9e55e9ec82fc1f,counsellor,267,30,"Thinking about vaping involves weighing what might be gained against what remains challenging:

**Pros**:
- **Fewer Chemicals**: Vaping generally involves fewer harmful chemicals than cigarettes.
- **Step-down Approach**: Some find it easier to gradually reduce nicotine levels when vaping.
- **Less Odor**: Unlike smoking, vapor typically doesn’t linger with as strong a smell.

**Cons**:
- **Health Risks**: Vaping can still pose health risks, particularly if continued long-term.
- **Still Addictive**: It contains nicotine, which can maintain addiction.
- **Unknown Long-term Effects**: The long-lasting effects of vaping are not fully clear.

It's really about finding what's best for your lifestyle and goals. How do these considerations align with what you're aiming for in terms of your health and lifestyle changes?",727,88,"Still Addictive: It contains nicotine, which can maintain addiction.",,,,
8,67203fd3fe9e55e9ec82fc1f,counsellor,267,30,"Thinking about vaping involves weighing what might be gained against what remains challenging:

**Pros**:
- **Fewer Chemicals**: Vaping generally involves fewer harmful chemicals than cigarettes.
- **Step-down Approach**: Some find it easier to gradually reduce nicotine levels when vaping.
- **Less Odor**: Unlike smoking, vapor typically doesn’t linger with as strong a smell.

**Cons**:
- **Health Risks**: Vaping can still pose health risks, particularly if continued long-term.
- **Still Addictive**: It contains nicotine, which can maintain addiction.
- **Unknown Long-term Effects**: The long-lasting effects of vaping are not fully clear.

It's really about finding what's best for your lifestyle and goals. How do these considerations align with what you're aiming for in terms of your health and lifestyle changes?",728,89,Unknown Long-term Effects: The long-lasting effects of vaping are not fully clear.,,,,
8,67203fd3fe9e55e9ec82fc1f,counsellor,267,30,"Thinking about vaping involves weighing what might be gained against what remains challenging:

**Pros**:
- **Fewer Chemicals**: Vaping generally involves fewer harmful chemicals than cigarettes.
- **Step-down Approach**: Some find it easier to gradually reduce nicotine levels when vaping.
- **Less Odor**: Unlike smoking, vapor typically doesn’t linger with as strong a smell.

**Cons**:
- **Health Risks**: Vaping can still pose health risks, particularly if continued long-term.
- **Still Addictive**: It contains nicotine, which can maintain addiction.
- **Unknown Long-term Effects**: The long-lasting effects of vaping are not fully clear.

It's really about finding what's best for your lifestyle and goals. How do these considerations align with what you're aiming for in terms of your health and lifestyle changes?",729,90,It's really about finding what's best for your lifestyle and goals.,,,,
8,67203fd3fe9e55e9ec82fc1f,counsellor,267,30,"Thinking about vaping involves weighing what might be gained against what remains challenging:

**Pros**:
- **Fewer Chemicals**: Vaping generally involves fewer harmful chemicals than cigarettes.
- **Step-down Approach**: Some find it easier to gradually reduce nicotine levels when vaping.
- **Less Odor**: Unlike smoking, vapor typically doesn’t linger with as strong a smell.

**Cons**:
- **Health Risks**: Vaping can still pose health risks, particularly if continued long-term.
- **Still Addictive**: It contains nicotine, which can maintain addiction.
- **Unknown Long-term Effects**: The long-lasting effects of vaping are not fully clear.

It's really about finding what's best for your lifestyle and goals. How do these considerations align with what you're aiming for in terms of your health and lifestyle changes?",730,91,How do these considerations align with what you're aiming for in terms of your health and lifestyle changes?,,,,
8,67203fd3fe9e55e9ec82fc1f,client,268,31,maybe i can switch to vape then start reducing?,731,92,maybe i can switch to vape then start reducing?,C,"The client is considering a plan to transition to vaping as a means of eventually reducing their nicotine intake, which indicates a commitment to change and a strategy for doing so.",AC+,"The client is suggesting a specific alternative strategy (switching to vaping as a stepping stone) to achieve the goal of reducing nicotine, which indicates a leaning towards action."
8,67203fd3fe9e55e9ec82fc1f,counsellor,269,32,"Switching to vaping with the intent to gradually reduce nicotine intake could serve as a transitional tool. It sounds like a plan that feels manageable for you and aligns with your desire to gradually ease off smoking. 

As you think about this approach, remember to regularly check in with yourself on how you feel and if it’s moving you toward your ultimate goal. Staying mindful of your progress and the impact on your health can guide your journey.

Are there any particular questions or concerns you have about going forward with this plan?",732,93,Switching to vaping with the intent to gradually reduce nicotine intake could serve as a transitional tool.,,,,
8,67203fd3fe9e55e9ec82fc1f,counsellor,269,32,"Switching to vaping with the intent to gradually reduce nicotine intake could serve as a transitional tool. It sounds like a plan that feels manageable for you and aligns with your desire to gradually ease off smoking. 

As you think about this approach, remember to regularly check in with yourself on how you feel and if it’s moving you toward your ultimate goal. Staying mindful of your progress and the impact on your health can guide your journey.

Are there any particular questions or concerns you have about going forward with this plan?",733,94,It sounds like a plan that feels manageable for you and aligns with your desire to gradually ease off smoking.,,,,
8,67203fd3fe9e55e9ec82fc1f,counsellor,269,32,"Switching to vaping with the intent to gradually reduce nicotine intake could serve as a transitional tool. It sounds like a plan that feels manageable for you and aligns with your desire to gradually ease off smoking. 

As you think about this approach, remember to regularly check in with yourself on how you feel and if it’s moving you toward your ultimate goal. Staying mindful of your progress and the impact on your health can guide your journey.

Are there any particular questions or concerns you have about going forward with this plan?",734,95,"As you think about this approach, remember to regularly check in with yourself on how you feel and if it’s moving you toward your ultimate goal.",,,,
8,67203fd3fe9e55e9ec82fc1f,counsellor,269,32,"Switching to vaping with the intent to gradually reduce nicotine intake could serve as a transitional tool. It sounds like a plan that feels manageable for you and aligns with your desire to gradually ease off smoking. 

As you think about this approach, remember to regularly check in with yourself on how you feel and if it’s moving you toward your ultimate goal. Staying mindful of your progress and the impact on your health can guide your journey.

Are there any particular questions or concerns you have about going forward with this plan?",735,96,Staying mindful of your progress and the impact on your health can guide your journey.,,,,
8,67203fd3fe9e55e9ec82fc1f,counsellor,269,32,"Switching to vaping with the intent to gradually reduce nicotine intake could serve as a transitional tool. It sounds like a plan that feels manageable for you and aligns with your desire to gradually ease off smoking. 

As you think about this approach, remember to regularly check in with yourself on how you feel and if it’s moving you toward your ultimate goal. Staying mindful of your progress and the impact on your health can guide your journey.

Are there any particular questions or concerns you have about going forward with this plan?",736,97,Are there any particular questions or concerns you have about going forward with this plan?,,,,
8,67203fd3fe9e55e9ec82fc1f,client,270,33,no,737,98,no,N,"The client's response is a simple negative answer to a question about concerns, which does not express a stance for or against changing the behavior.",N,"The client's response 'no' is a simple negative answer to a question about concerns and does not express a desire, commitment, or resistance regarding the change process."
8,67203fd3fe9e55e9ec82fc1f,counsellor,271,34,"Thank you for our conversation today. Let’s recap what we’ve talked about. You're motivated to quit smoking for your health and your kids, understanding the impact smoking could have on your presence in their lives. You currently smoke five times a day and are facing the challenge of cravings, particularly when you try to stop. We've explored small steps, such as reducing smoking gradually and developing a new routine, while also weighing the possibility of transitioning to vaping as a step-down approach. You're focused on creating meaningful changes, aiming for a healthier lifestyle, and the pride of your kids. If there's anything further you'd like to expand on next time, feel free to bring it up. You've made significant reflections today, and I look forward to hearing more about your progress.

Would you like to continue the conversation?",738,99,Thank you for our conversation today.,,,,
8,67203fd3fe9e55e9ec82fc1f,counsellor,271,34,"Thank you for our conversation today. Let’s recap what we’ve talked about. You're motivated to quit smoking for your health and your kids, understanding the impact smoking could have on your presence in their lives. You currently smoke five times a day and are facing the challenge of cravings, particularly when you try to stop. We've explored small steps, such as reducing smoking gradually and developing a new routine, while also weighing the possibility of transitioning to vaping as a step-down approach. You're focused on creating meaningful changes, aiming for a healthier lifestyle, and the pride of your kids. If there's anything further you'd like to expand on next time, feel free to bring it up. You've made significant reflections today, and I look forward to hearing more about your progress.

Would you like to continue the conversation?",739,100,Let’s recap what we’ve talked about.,,,,
8,67203fd3fe9e55e9ec82fc1f,counsellor,271,34,"Thank you for our conversation today. Let’s recap what we’ve talked about. You're motivated to quit smoking for your health and your kids, understanding the impact smoking could have on your presence in their lives. You currently smoke five times a day and are facing the challenge of cravings, particularly when you try to stop. We've explored small steps, such as reducing smoking gradually and developing a new routine, while also weighing the possibility of transitioning to vaping as a step-down approach. You're focused on creating meaningful changes, aiming for a healthier lifestyle, and the pride of your kids. If there's anything further you'd like to expand on next time, feel free to bring it up. You've made significant reflections today, and I look forward to hearing more about your progress.

Would you like to continue the conversation?",740,101,"You're motivated to quit smoking for your health and your kids, understanding the impact smoking could have on your presence in their lives.",,,,
8,67203fd3fe9e55e9ec82fc1f,counsellor,271,34,"Thank you for our conversation today. Let’s recap what we’ve talked about. You're motivated to quit smoking for your health and your kids, understanding the impact smoking could have on your presence in their lives. You currently smoke five times a day and are facing the challenge of cravings, particularly when you try to stop. We've explored small steps, such as reducing smoking gradually and developing a new routine, while also weighing the possibility of transitioning to vaping as a step-down approach. You're focused on creating meaningful changes, aiming for a healthier lifestyle, and the pride of your kids. If there's anything further you'd like to expand on next time, feel free to bring it up. You've made significant reflections today, and I look forward to hearing more about your progress.

Would you like to continue the conversation?",741,102,"You currently smoke five times a day and are facing the challenge of cravings, particularly when you try to stop.",,,,
8,67203fd3fe9e55e9ec82fc1f,counsellor,271,34,"Thank you for our conversation today. Let’s recap what we’ve talked about. You're motivated to quit smoking for your health and your kids, understanding the impact smoking could have on your presence in their lives. You currently smoke five times a day and are facing the challenge of cravings, particularly when you try to stop. We've explored small steps, such as reducing smoking gradually and developing a new routine, while also weighing the possibility of transitioning to vaping as a step-down approach. You're focused on creating meaningful changes, aiming for a healthier lifestyle, and the pride of your kids. If there's anything further you'd like to expand on next time, feel free to bring it up. You've made significant reflections today, and I look forward to hearing more about your progress.

Would you like to continue the conversation?",742,103,"We've explored small steps, such as reducing smoking gradually and developing a new routine, while also weighing the possibility of transitioning to vaping as a step-down approach.",,,,
8,67203fd3fe9e55e9ec82fc1f,counsellor,271,34,"Thank you for our conversation today. Let’s recap what we’ve talked about. You're motivated to quit smoking for your health and your kids, understanding the impact smoking could have on your presence in their lives. You currently smoke five times a day and are facing the challenge of cravings, particularly when you try to stop. We've explored small steps, such as reducing smoking gradually and developing a new routine, while also weighing the possibility of transitioning to vaping as a step-down approach. You're focused on creating meaningful changes, aiming for a healthier lifestyle, and the pride of your kids. If there's anything further you'd like to expand on next time, feel free to bring it up. You've made significant reflections today, and I look forward to hearing more about your progress.

Would you like to continue the conversation?",743,104,"You're focused on creating meaningful changes, aiming for a healthier lifestyle, and the pride of your kids.",,,,
8,67203fd3fe9e55e9ec82fc1f,counsellor,271,34,"Thank you for our conversation today. Let’s recap what we’ve talked about. You're motivated to quit smoking for your health and your kids, understanding the impact smoking could have on your presence in their lives. You currently smoke five times a day and are facing the challenge of cravings, particularly when you try to stop. We've explored small steps, such as reducing smoking gradually and developing a new routine, while also weighing the possibility of transitioning to vaping as a step-down approach. You're focused on creating meaningful changes, aiming for a healthier lifestyle, and the pride of your kids. If there's anything further you'd like to expand on next time, feel free to bring it up. You've made significant reflections today, and I look forward to hearing more about your progress.

Would you like to continue the conversation?",744,105,"If there's anything further you'd like to expand on next time, feel free to bring it up.",,,,
8,67203fd3fe9e55e9ec82fc1f,counsellor,271,34,"Thank you for our conversation today. Let’s recap what we’ve talked about. You're motivated to quit smoking for your health and your kids, understanding the impact smoking could have on your presence in their lives. You currently smoke five times a day and are facing the challenge of cravings, particularly when you try to stop. We've explored small steps, such as reducing smoking gradually and developing a new routine, while also weighing the possibility of transitioning to vaping as a step-down approach. You're focused on creating meaningful changes, aiming for a healthier lifestyle, and the pride of your kids. If there's anything further you'd like to expand on next time, feel free to bring it up. You've made significant reflections today, and I look forward to hearing more about your progress.

Would you like to continue the conversation?",745,106,"You've made significant reflections today, and I look forward to hearing more about your progress.",,,,
8,67203fd3fe9e55e9ec82fc1f,counsellor,271,34,"Thank you for our conversation today. Let’s recap what we’ve talked about. You're motivated to quit smoking for your health and your kids, understanding the impact smoking could have on your presence in their lives. You currently smoke five times a day and are facing the challenge of cravings, particularly when you try to stop. We've explored small steps, such as reducing smoking gradually and developing a new routine, while also weighing the possibility of transitioning to vaping as a step-down approach. You're focused on creating meaningful changes, aiming for a healthier lifestyle, and the pride of your kids. If there's anything further you'd like to expand on next time, feel free to bring it up. You've made significant reflections today, and I look forward to hearing more about your progress.

Would you like to continue the conversation?",746,107,Would you like to continue the conversation?,,,,
8,67203fd3fe9e55e9ec82fc1f,client,272,35,No,747,108,No,N,The client is simply answering a closing question about whether they wish to continue the conversation; they are not expressing a stance for or against changing their behavior.,N,"The client's response 'No' is a direct answer to a logistical question about continuing the conversation and does not express a desire, reluctance, or commitment regarding the behavioral change of quitting smoking."
9,59cb95053306be000195be2e,counsellor,273,0,Hello! It's great to meet you. How are you doing today?,748,0,Hello!,,,,
9,59cb95053306be000195be2e,counsellor,273,0,Hello! It's great to meet you. How are you doing today?,749,1,It's great to meet you.,,,,
9,59cb95053306be000195be2e,counsellor,273,0,Hello! It's great to meet you. How are you doing today?,750,2,How are you doing today?,,,,
9,59cb95053306be000195be2e,client,274,1,good,751,3,good,N,"The client is providing a brief, polite response to a greeting and is not expressing any stance regarding a target behavior.",N,"The client is providing a brief social response to a greeting, which does not express a desire, reluctance, or commitment regarding a behavioral change."
9,59cb95053306be000195be2e,counsellor,275,2,I'm glad to hear that. How has your week been so far? Anything on your mind that you'd like to talk about today?,752,4,I'm glad to hear that.,,,,
9,59cb95053306be000195be2e,counsellor,275,2,I'm glad to hear that. How has your week been so far? Anything on your mind that you'd like to talk about today?,753,5,How has your week been so far?,,,,
9,59cb95053306be000195be2e,counsellor,275,2,I'm glad to hear that. How has your week been so far? Anything on your mind that you'd like to talk about today?,754,6,Anything on your mind that you'd like to talk about today?,,,,
9,59cb95053306be000195be2e,client,276,3,not really,755,7,not really,N,"The client is providing a brief, neutral response to a general question and is not expressing any stance for or against changing their behavior.",N,"The client's response is a neutral answer to a general check-in question and does not express a desire, reluctance, or commitment regarding a specific behavior change."
9,59cb95053306be000195be2e,counsellor,277,4,"That's perfectly fine. We can take things at your pace. If anything comes to mind, feel free to share. Since we're here, maybe we could talk a bit about your smoking habit. How do you feel about it these days?",756,8,That's perfectly fine.,,,,
9,59cb95053306be000195be2e,counsellor,277,4,"That's perfectly fine. We can take things at your pace. If anything comes to mind, feel free to share. Since we're here, maybe we could talk a bit about your smoking habit. How do you feel about it these days?",757,9,We can take things at your pace.,,,,
9,59cb95053306be000195be2e,counsellor,277,4,"That's perfectly fine. We can take things at your pace. If anything comes to mind, feel free to share. Since we're here, maybe we could talk a bit about your smoking habit. How do you feel about it these days?",758,10,"If anything comes to mind, feel free to share.",,,,
9,59cb95053306be000195be2e,counsellor,277,4,"That's perfectly fine. We can take things at your pace. If anything comes to mind, feel free to share. Since we're here, maybe we could talk a bit about your smoking habit. How do you feel about it these days?",759,11,"Since we're here, maybe we could talk a bit about your smoking habit.",,,,
9,59cb95053306be000195be2e,counsellor,277,4,"That's perfectly fine. We can take things at your pace. If anything comes to mind, feel free to share. Since we're here, maybe we could talk a bit about your smoking habit. How do you feel about it these days?",760,12,How do you feel about it these days?,,,,
9,59cb95053306be000195be2e,client,278,5,i think it will be hard for me to stop,761,13,i think it will be hard for me to stop,S,"The client is expressing pessimism about their ability to change the behavior, which is a characteristic of sustain talk.",AB-,The client is expressing doubt and pessimism regarding their capacity or capability to successfully quit smoking.
9,59cb95053306be000195be2e,counsellor,279,6,It sounds like you're feeling that quitting might be a challenging journey. Sometimes it can feel tough to even think about changes like that. What are some of the things that make smoking feel hard to give up for you?,762,14,It sounds like you're feeling that quitting might be a challenging journey.,,,,
9,59cb95053306be000195be2e,counsellor,279,6,It sounds like you're feeling that quitting might be a challenging journey. Sometimes it can feel tough to even think about changes like that. What are some of the things that make smoking feel hard to give up for you?,763,15,Sometimes it can feel tough to even think about changes like that.,,,,
9,59cb95053306be000195be2e,counsellor,279,6,It sounds like you're feeling that quitting might be a challenging journey. Sometimes it can feel tough to even think about changes like that. What are some of the things that make smoking feel hard to give up for you?,764,16,What are some of the things that make smoking feel hard to give up for you?,,,,
9,59cb95053306be000195be2e,client,280,7,the withdrawal of nicotine and how the changes will affect me,765,17,the withdrawal of nicotine,S,"The client is identifying a reason why it is hard to give up smoking, which expresses a barrier to change and a reason for maintaining the current behavior.",R-,"The client identifies nicotine withdrawal as a reason why smoking is hard to give up, providing a justification for maintaining the behavior."
9,59cb95053306be000195be2e,client,280,7,the withdrawal of nicotine and how the changes will affect me,766,18,and how the changes will affect me,S,"The client is identifying a concern or a potential difficulty regarding how change will affect them, which reflects a hesitation or a reason why quitting feels hard, aligning with sustain talk.",O-,"The client is identifying a potential problem or concern regarding how change will impact them, which fits the description of problem recognition or a hypothetical concern."
9,59cb95053306be000195be2e,counsellor,281,8,It seems like you're concerned about how the withdrawal might impact you and how things might change once you stop smoking. That can definitely weigh heavily on anyone's mind. Is there a particular aspect of those changes or challenges that stands out to you most?,767,19,It seems like you're concerned about how the withdrawal might impact you and how things might change once you stop smoking.,,,,
9,59cb95053306be000195be2e,counsellor,281,8,It seems like you're concerned about how the withdrawal might impact you and how things might change once you stop smoking. That can definitely weigh heavily on anyone's mind. Is there a particular aspect of those changes or challenges that stands out to you most?,768,20,That can definitely weigh heavily on anyone's mind.,,,,
9,59cb95053306be000195be2e,counsellor,281,8,It seems like you're concerned about how the withdrawal might impact you and how things might change once you stop smoking. That can definitely weigh heavily on anyone's mind. Is there a particular aspect of those changes or challenges that stands out to you most?,769,21,Is there a particular aspect of those changes or challenges that stands out to you most?,,,,
9,59cb95053306be000195be2e,client,282,9,shakes,770,22,shakes,S,"The client is identifying a specific symptom of withdrawal ('shakes') as a concern, which serves as a reason for maintaining the behavior or a barrier to change (pessimism/fear of the process).",R-,"The client is identifying a specific symptom (shakes) as a reason why they are concerned about quitting, which serves as a justification for maintaining the behavior to avoid the symptom."
9,59cb95053306be000195be2e,counsellor,283,10,"The prospect of dealing with shakes, or any physical symptoms, can be really unsettling. It's understandable to have concerns about how your body might react. Along with these worries, have there been any moments when you found yourself thinking about the benefits of quitting?",771,23,"The prospect of dealing with shakes, or any physical symptoms, can be really unsettling.",,,,
9,59cb95053306be000195be2e,counsellor,283,10,"The prospect of dealing with shakes, or any physical symptoms, can be really unsettling. It's understandable to have concerns about how your body might react. Along with these worries, have there been any moments when you found yourself thinking about the benefits of quitting?",772,24,It's understandable to have concerns about how your body might react.,,,,
9,59cb95053306be000195be2e,counsellor,283,10,"The prospect of dealing with shakes, or any physical symptoms, can be really unsettling. It's understandable to have concerns about how your body might react. Along with these worries, have there been any moments when you found yourself thinking about the benefits of quitting?",773,25,"Along with these worries, have there been any moments when you found yourself thinking about the benefits of quitting?",,,,
9,59cb95053306be000195be2e,client,284,11,yes it will save me money and it is better for my health,774,26,yes it will save me money,C,"The client identifies a personal financial benefit of quitting, which constitutes a 'Reason' for change.",R+,"The client identifies a specific benefit (saving money) as a motivation for quitting, which constitutes a reason for change."
9,59cb95053306be000195be2e,client,284,11,yes it will save me money and it is better for my health,775,27,and it is better for my health,C,"The client identifies a health benefit as a reason to quit, which constitutes 'Reasons for change'.",R+,"The client identifies a specific benefit (improved health) as a justification for quitting, which constitutes a reason for change."
9,59cb95053306be000195be2e,counsellor,285,12,The idea of saving money and knowing it's healthier for you are strong reasons to consider quitting. It seems like you're weighing the challenges against some positive outcomes. How do these benefits make you feel when you think about them?,776,28,The idea of saving money and knowing it's healthier for you are strong reasons to consider quitting.,,,,
9,59cb95053306be000195be2e,counsellor,285,12,The idea of saving money and knowing it's healthier for you are strong reasons to consider quitting. It seems like you're weighing the challenges against some positive outcomes. How do these benefits make you feel when you think about them?,777,29,It seems like you're weighing the challenges against some positive outcomes.,,,,
9,59cb95053306be000195be2e,counsellor,285,12,The idea of saving money and knowing it's healthier for you are strong reasons to consider quitting. It seems like you're weighing the challenges against some positive outcomes. How do these benefits make you feel when you think about them?,778,30,How do these benefits make you feel when you think about them?,,,,
9,59cb95053306be000195be2e,client,286,13,they would make me feel more positive about myself,779,31,they would make me feel more positive about myself,C,"The client is identifying a personal emotional benefit (feeling more positive about themselves) that would result from quitting, which constitutes a reason for change.",R+,"The client is describing a positive internal outcome (feeling more positive about themselves) that would result from changing the behavior, which serves as a reason for change."
9,59cb95053306be000195be2e,counsellor,287,14,Imagining those benefits seems to bring a sense of positivity and self-affirmation. Having that potential for positive change can be motivating. What would feeling more positive about yourself mean for you in your day-to-day life?,780,32,Imagining those benefits seems to bring a sense of positivity and self-affirmation.,,,,
9,59cb95053306be000195be2e,counsellor,287,14,Imagining those benefits seems to bring a sense of positivity and self-affirmation. Having that potential for positive change can be motivating. What would feeling more positive about yourself mean for you in your day-to-day life?,781,33,Having that potential for positive change can be motivating.,,,,
9,59cb95053306be000195be2e,counsellor,287,14,Imagining those benefits seems to bring a sense of positivity and self-affirmation. Having that potential for positive change can be motivating. What would feeling more positive about yourself mean for you in your day-to-day life?,782,34,What would feeling more positive about yourself mean for you in your day-to-day life?,,,,
9,59cb95053306be000195be2e,client,288,15,i think it would make me feel healthier,783,35,i think it would make me feel healthier,C,"The client is identifying a personal benefit (feeling healthier) that would result from the positive change discussed, which constitutes a reason for change.",R+,"The client is identifying a positive outcome (feeling healthier) that would result from the change, which serves as a reason for pursuing the change."
9,59cb95053306be000195be2e,counsellor,289,16,"Feeling healthier could really have a great impact on your everyday life. It seems like it's not just about quitting smoking, but also about embracing a healthier lifestyle overall. Are there specific activities or aspects of life where you'd like to feel that boost in health?",784,36,Feeling healthier could really have a great impact on your everyday life.,,,,
9,59cb95053306be000195be2e,counsellor,289,16,"Feeling healthier could really have a great impact on your everyday life. It seems like it's not just about quitting smoking, but also about embracing a healthier lifestyle overall. Are there specific activities or aspects of life where you'd like to feel that boost in health?",785,37,"It seems like it's not just about quitting smoking, but also about embracing a healthier lifestyle overall.",,,,
9,59cb95053306be000195be2e,counsellor,289,16,"Feeling healthier could really have a great impact on your everyday life. It seems like it's not just about quitting smoking, but also about embracing a healthier lifestyle overall. Are there specific activities or aspects of life where you'd like to feel that boost in health?",786,38,Are there specific activities or aspects of life where you'd like to feel that boost in health?,,,,
9,59cb95053306be000195be2e,client,290,17,i get breathlessness a lot which is down to smoking,787,39,I get breathlessness a lot which is down to smoking.,C,"The client identifies a negative health consequence (breathlessness) caused by the target behavior, which serves as a reason for change.",O+,"The client is recognizing a negative consequence of their behavior (breathlessness) and linking it to smoking, which serves as a recognition of the problem."
9,59cb95053306be000195be2e,counsellor,291,18,"Dealing with breathlessness can be tough, especially when you know it might be linked to smoking. Wanting to breathe easier and participate in activities without that struggle seems very important to you. How does this breathlessness affect your daily routine or the things you love to do?",788,40,"Dealing with breathlessness can be tough, especially when you know it might be linked to smoking.",,,,
9,59cb95053306be000195be2e,counsellor,291,18,"Dealing with breathlessness can be tough, especially when you know it might be linked to smoking. Wanting to breathe easier and participate in activities without that struggle seems very important to you. How does this breathlessness affect your daily routine or the things you love to do?",789,41,Wanting to breathe easier and participate in activities without that struggle seems very important to you.,,,,
9,59cb95053306be000195be2e,counsellor,291,18,"Dealing with breathlessness can be tough, especially when you know it might be linked to smoking. Wanting to breathe easier and participate in activities without that struggle seems very important to you. How does this breathlessness affect your daily routine or the things you love to do?",790,42,How does this breathlessness affect your daily routine or the things you love to do?,,,,
9,59cb95053306be000195be2e,client,292,19,i can't exercise for as long as id like to,791,43,i can't exercise for as long as id like to,C,The client is identifying a negative consequence of their current behavior (smoking) and a reason why they would need to change in order to regain their ability to exercise.,O+,"The client is recognizing a problem caused by their current behavior (smoking), which supports the case for change but does not yet express a specific desire, ability, or commitment to change."
9,59cb95053306be000195be2e,counsellor,293,20,"Feeling limited in your ability to exercise and enjoy it to the fullest can be really frustrating. Exercise might be an important part of your lifestyle or something you miss doing as much as you'd like. When you think about being able to exercise more freely, how does that vision look to you?",792,44,Feeling limited in your ability to exercise and enjoy it to the fullest can be really frustrating.,,,,
9,59cb95053306be000195be2e,counsellor,293,20,"Feeling limited in your ability to exercise and enjoy it to the fullest can be really frustrating. Exercise might be an important part of your lifestyle or something you miss doing as much as you'd like. When you think about being able to exercise more freely, how does that vision look to you?",793,45,Exercise might be an important part of your lifestyle or something you miss doing as much as you'd like.,,,,
9,59cb95053306be000195be2e,counsellor,293,20,"Feeling limited in your ability to exercise and enjoy it to the fullest can be really frustrating. Exercise might be an important part of your lifestyle or something you miss doing as much as you'd like. When you think about being able to exercise more freely, how does that vision look to you?",794,46,"When you think about being able to exercise more freely, how does that vision look to you?",,,,
9,59cb95053306be000195be2e,client,294,21,the feeling i feel gives me inspiration but i don't think i will be able to do it,795,47,the feeling i feel gives me inspiration,C,"The client is expressing a positive emotional response ('inspiration') linked to the vision of being able to exercise more freely, which indicates a desire or positive orientation toward change.",O+,"The client is expressing a positive internal state (inspiration) that supports the idea of change or improvement, but it does not specify a desire, ability, reason, need, commitment, or specific action."
9,59cb95053306be000195be2e,client,294,21,the feeling i feel gives me inspiration but i don't think i will be able to do it,796,48,but i don't think i will be able to do it,S,"The client expresses pessimism about their ability to change or achieve the goal of exercising more freely, which is a characteristic of sustain talk.",AB-,The client is expressing a lack of confidence or pessimism regarding their capacity to successfully engage in the behavior (exercise).
9,59cb95053306be000195be2e,counsellor,295,22,"The idea of exercising more freely and the inspiration it brings seems to spark something positive for you, yet it feels overshadowed by doubts about whether it's achievable. It's as though there's a part of you that's inspired and another that's unsure. What do you think makes that feeling of doubt stronger right now?",797,49,"The idea of exercising more freely and the inspiration it brings seems to spark something positive for you, yet it feels overshadowed by doubts about whether it's achievable.",,,,
9,59cb95053306be000195be2e,counsellor,295,22,"The idea of exercising more freely and the inspiration it brings seems to spark something positive for you, yet it feels overshadowed by doubts about whether it's achievable. It's as though there's a part of you that's inspired and another that's unsure. What do you think makes that feeling of doubt stronger right now?",798,50,It's as though there's a part of you that's inspired and another that's unsure.,,,,
9,59cb95053306be000195be2e,counsellor,295,22,"The idea of exercising more freely and the inspiration it brings seems to spark something positive for you, yet it feels overshadowed by doubts about whether it's achievable. It's as though there's a part of you that's inspired and another that's unsure. What do you think makes that feeling of doubt stronger right now?",799,51,What do you think makes that feeling of doubt stronger right now?,,,,
9,59cb95053306be000195be2e,client,296,23,because i am focusing on the positive side of not smoking and how long ive smoked and think im not going to be able to acheive it,800,52,because i am focusing on the positive side of not smoking,C,"The client is explicitly stating that they are focusing on the positive aspects of quitting smoking, which indicates a desire and a positive mental shift toward change.",O+,"The client is identifying a positive focus related to the target behavior (not smoking), which serves as a general statement supporting change but does not express a specific desire, ability, reason, need, or commitment."
9,59cb95053306be000195be2e,client,296,23,because i am focusing on the positive side of not smoking and how long ive smoked and think im not going to be able to acheive it,801,53,and how long ive smoked,S,"The client is providing a factual reason or a contributing factor to their doubt, which in this context serves as a reason for maintaining the behavior or a barrier to change (pessimism about the ability to quit due to the duration of the habit).",R-,"The client is citing the duration of their smoking habit as a reason why they feel doubt or why it is difficult to change, which serves as a justification for maintaining the behavior."
9,59cb95053306be000195be2e,client,296,23,because i am focusing on the positive side of not smoking and how long ive smoked and think im not going to be able to acheive it,802,54,and think im not going to be able to achieve it,S,"The client is expressing pessimism about their ability to change, which is a key indicator of sustain talk.",AB-,"The client is expressing a lack of confidence in their own capacity to successfully reach the goal, which directly relates to their perceived lack of ability."
9,59cb95053306be000195be2e,counsellor,297,24,It sounds like the contrast between your hopes for the positive outcomes and the reality of how long you've smoked is creating a sense of doubt. It's like wanting to embrace those positive changes while also feeling weighed down by the past. What do you think might help you bridge that gap between where you are now and where you want to be?,803,55,It sounds like the contrast between your hopes for the positive outcomes and the reality of how long you've smoked is creating a sense of doubt.,,,,
9,59cb95053306be000195be2e,counsellor,297,24,It sounds like the contrast between your hopes for the positive outcomes and the reality of how long you've smoked is creating a sense of doubt. It's like wanting to embrace those positive changes while also feeling weighed down by the past. What do you think might help you bridge that gap between where you are now and where you want to be?,804,56,It's like wanting to embrace those positive changes while also feeling weighed down by the past.,,,,
9,59cb95053306be000195be2e,counsellor,297,24,It sounds like the contrast between your hopes for the positive outcomes and the reality of how long you've smoked is creating a sense of doubt. It's like wanting to embrace those positive changes while also feeling weighed down by the past. What do you think might help you bridge that gap between where you are now and where you want to be?,805,57,What do you think might help you bridge that gap between where you are now and where you want to be?,,,,
9,59cb95053306be000195be2e,client,298,25,by giving it a try and to stop doubting myself about it,806,58,by giving it a try,C,"The client expresses a willingness to attempt change in response to the counselor's question about bridging the gap, which indicates a commitment or intention to try changing the behavior.",AC+,"The client expresses a willingness to attempt the change in response to the counsellor's question, which indicates a lean towards action."
9,59cb95053306be000195be2e,client,298,25,by giving it a try and to stop doubting myself about it,807,59,and to stop doubting myself about it,C,"The client expresses a desire to stop doubting themselves, which indicates a move toward confidence and a positive stance regarding the possibility of change.",D+,The client is expressing a desire to change their internal state (stopping self-doubt) in order to move toward their goal of quitting smoking.
9,59cb95053306be000195be2e,counsellor,299,26,Taking the step to give it a try and working on reducing self-doubt seems like it could be empowering for you. Giving yourself the opportunity to explore what's possible might open up new paths. Is there anything else you'd like to explore or talk about before we consider how you might take that first step?,808,60,Taking the step to give it a try and working on reducing self-doubt seems like it could be empowering for you.,,,,
9,59cb95053306be000195be2e,counsellor,299,26,Taking the step to give it a try and working on reducing self-doubt seems like it could be empowering for you. Giving yourself the opportunity to explore what's possible might open up new paths. Is there anything else you'd like to explore or talk about before we consider how you might take that first step?,809,61,Giving yourself the opportunity to explore what's possible might open up new paths.,,,,
9,59cb95053306be000195be2e,counsellor,299,26,Taking the step to give it a try and working on reducing self-doubt seems like it could be empowering for you. Giving yourself the opportunity to explore what's possible might open up new paths. Is there anything else you'd like to explore or talk about before we consider how you might take that first step?,810,62,Is there anything else you'd like to explore or talk about before we consider how you might take that first step?,,,,
9,59cb95053306be000195be2e,client,300,27,no,811,63,no,N,The client's response is a simple negative answer to a question about whether they want to discuss further topics; it does not express a stance for or against changing the target behavior.,N,The utterance 'no' is a simple response to a question about wanting to discuss further topics and does not express a desire or reluctance to change a behavior.
9,59cb95053306be000195be2e,counsellor,301,28,"Thank you for sharing your thoughts with me today. Let's go over what we've talked about. We've explored your feelings about quitting smoking, especially the challenge of dealing with nicotine withdrawal and the thought of shaking. You've also mentioned looking forward to the benefits of quitting, like feeling healthier and saving money, and enhancing your exercise routine without the breathlessness. It seems there's a strong pull between the doubts stemming from how long you've been smoking and the inspiration you feel from envisioning a healthier lifestyle. You've talked about wanting to give it a try and work on reducing self-doubt, which can be such a powerful step forward. Thank you again for this conversation, and whenever you're ready, we can continue exploring these important topics.

Would you like to continue the conversation?",812,64,Thank you for sharing your thoughts with me today.,,,,
9,59cb95053306be000195be2e,counsellor,301,28,"Thank you for sharing your thoughts with me today. Let's go over what we've talked about. We've explored your feelings about quitting smoking, especially the challenge of dealing with nicotine withdrawal and the thought of shaking. You've also mentioned looking forward to the benefits of quitting, like feeling healthier and saving money, and enhancing your exercise routine without the breathlessness. It seems there's a strong pull between the doubts stemming from how long you've been smoking and the inspiration you feel from envisioning a healthier lifestyle. You've talked about wanting to give it a try and work on reducing self-doubt, which can be such a powerful step forward. Thank you again for this conversation, and whenever you're ready, we can continue exploring these important topics.

Would you like to continue the conversation?",813,65,Let's go over what we've talked about.,,,,
9,59cb95053306be000195be2e,counsellor,301,28,"Thank you for sharing your thoughts with me today. Let's go over what we've talked about. We've explored your feelings about quitting smoking, especially the challenge of dealing with nicotine withdrawal and the thought of shaking. You've also mentioned looking forward to the benefits of quitting, like feeling healthier and saving money, and enhancing your exercise routine without the breathlessness. It seems there's a strong pull between the doubts stemming from how long you've been smoking and the inspiration you feel from envisioning a healthier lifestyle. You've talked about wanting to give it a try and work on reducing self-doubt, which can be such a powerful step forward. Thank you again for this conversation, and whenever you're ready, we can continue exploring these important topics.

Would you like to continue the conversation?",814,66,"We've explored your feelings about quitting smoking, especially the challenge of dealing with nicotine withdrawal and the thought of shaking.",,,,
9,59cb95053306be000195be2e,counsellor,301,28,"Thank you for sharing your thoughts with me today. Let's go over what we've talked about. We've explored your feelings about quitting smoking, especially the challenge of dealing with nicotine withdrawal and the thought of shaking. You've also mentioned looking forward to the benefits of quitting, like feeling healthier and saving money, and enhancing your exercise routine without the breathlessness. It seems there's a strong pull between the doubts stemming from how long you've been smoking and the inspiration you feel from envisioning a healthier lifestyle. You've talked about wanting to give it a try and work on reducing self-doubt, which can be such a powerful step forward. Thank you again for this conversation, and whenever you're ready, we can continue exploring these important topics.

Would you like to continue the conversation?",815,67,"You've also mentioned looking forward to the benefits of quitting, like feeling healthier and saving money, and enhancing your exercise routine without the breathlessness.",,,,
9,59cb95053306be000195be2e,counsellor,301,28,"Thank you for sharing your thoughts with me today. Let's go over what we've talked about. We've explored your feelings about quitting smoking, especially the challenge of dealing with nicotine withdrawal and the thought of shaking. You've also mentioned looking forward to the benefits of quitting, like feeling healthier and saving money, and enhancing your exercise routine without the breathlessness. It seems there's a strong pull between the doubts stemming from how long you've been smoking and the inspiration you feel from envisioning a healthier lifestyle. You've talked about wanting to give it a try and work on reducing self-doubt, which can be such a powerful step forward. Thank you again for this conversation, and whenever you're ready, we can continue exploring these important topics.

Would you like to continue the conversation?",816,68,It seems there's a strong pull between the doubts stemming from how long you've been smoking and the inspiration you feel from envisioning a healthier lifestyle.,,,,
9,59cb95053306be000195be2e,counsellor,301,28,"Thank you for sharing your thoughts with me today. Let's go over what we've talked about. We've explored your feelings about quitting smoking, especially the challenge of dealing with nicotine withdrawal and the thought of shaking. You've also mentioned looking forward to the benefits of quitting, like feeling healthier and saving money, and enhancing your exercise routine without the breathlessness. It seems there's a strong pull between the doubts stemming from how long you've been smoking and the inspiration you feel from envisioning a healthier lifestyle. You've talked about wanting to give it a try and work on reducing self-doubt, which can be such a powerful step forward. Thank you again for this conversation, and whenever you're ready, we can continue exploring these important topics.

Would you like to continue the conversation?",817,69,"You've talked about wanting to give it a try and work on reducing self-doubt, which can be such a powerful step forward.",,,,
9,59cb95053306be000195be2e,counsellor,301,28,"Thank you for sharing your thoughts with me today. Let's go over what we've talked about. We've explored your feelings about quitting smoking, especially the challenge of dealing with nicotine withdrawal and the thought of shaking. You've also mentioned looking forward to the benefits of quitting, like feeling healthier and saving money, and enhancing your exercise routine without the breathlessness. It seems there's a strong pull between the doubts stemming from how long you've been smoking and the inspiration you feel from envisioning a healthier lifestyle. You've talked about wanting to give it a try and work on reducing self-doubt, which can be such a powerful step forward. Thank you again for this conversation, and whenever you're ready, we can continue exploring these important topics.

Would you like to continue the conversation?",818,70,"Thank you again for this conversation, and whenever you're ready, we can continue exploring these important topics.",,,,
9,59cb95053306be000195be2e,counsellor,301,28,"Thank you for sharing your thoughts with me today. Let's go over what we've talked about. We've explored your feelings about quitting smoking, especially the challenge of dealing with nicotine withdrawal and the thought of shaking. You've also mentioned looking forward to the benefits of quitting, like feeling healthier and saving money, and enhancing your exercise routine without the breathlessness. It seems there's a strong pull between the doubts stemming from how long you've been smoking and the inspiration you feel from envisioning a healthier lifestyle. You've talked about wanting to give it a try and work on reducing self-doubt, which can be such a powerful step forward. Thank you again for this conversation, and whenever you're ready, we can continue exploring these important topics.

Would you like to continue the conversation?",819,71,Would you like to continue the conversation?,,,,
9,59cb95053306be000195be2e,client,302,29,No,820,72,No,N,"The client is simply answering a logistical question about whether they wish to continue the session, without expressing any stance toward changing or maintaining the target behavior.",N,"The client's response 'No' is a direct answer to a logistical question about whether they wish to continue the session; it does not express a desire, reluctance, or neutrality regarding the behavioral change of quitting smoking."
