corp_conv_idx,conv_id,speaker,corp_vol_idx,conv_vol_idx,vol_text,corp_utt_idx,conv_utt_idx,utt_text,t1_label_auto,t1_expl_auto,t2_label_auto,t2_expl_auto
0,663fd7ca84b7978432d6070b,counsellor,0,0,Hello there! I'm glad you're here today. How have you been doing recently?,0,0,Hello there!,,,,
0,663fd7ca84b7978432d6070b,counsellor,0,0,Hello there! I'm glad you're here today. How have you been doing recently?,1,1,I'm glad you're here today.,,,,
0,663fd7ca84b7978432d6070b,counsellor,0,0,Hello there! I'm glad you're here today. How have you been doing recently?,2,2,How have you been doing recently?,,,,
0,663fd7ca84b7978432d6070b,client,1,1,Ive been fine,3,3,I've been fine,N,The client's response is a neutral statement that does not express a stance toward changing or maintaining the target behavior.,N,The client's response 'I've been fine' does not clearly indicate a stance on change. It is a neutral statement about their current state.
0,663fd7ca84b7978432d6070b,counsellor,2,2,I'm glad to hear that. How's everything going for you with your smoking habits?,4,4,I'm glad to hear that.,,,,
0,663fd7ca84b7978432d6070b,counsellor,2,2,I'm glad to hear that. How's everything going for you with your smoking habits?,5,5,How's everything going for you with your smoking habits?,,,,
0,663fd7ca84b7978432d6070b,client,3,3,same old routine,6,6,same old routine,N,"The client's response is neutral, as it does not express a clear stance toward changing or maintaining the smoking behavior. It simply describes the current state without indicating a desire or reason for change or continuation.",N,The client's response 'same old routine' does not clearly indicate support or opposition to change. It is a neutral statement that does not provide insight into the client's motivation or lack thereof.
0,663fd7ca84b7978432d6070b,counsellor,4,4,It sounds like smoking is a regular part of your routine. How do you feel about that routine? Are there moments when you feel differently about it?,7,7,It sounds like smoking is a regular part of your routine.,,,,
0,663fd7ca84b7978432d6070b,counsellor,4,4,It sounds like smoking is a regular part of your routine. How do you feel about that routine? Are there moments when you feel differently about it?,8,8,How do you feel about that routine?,,,,
0,663fd7ca84b7978432d6070b,counsellor,4,4,It sounds like smoking is a regular part of your routine. How do you feel about that routine? Are there moments when you feel differently about it?,9,9,Are there moments when you feel differently about it?,,,,
0,663fd7ca84b7978432d6070b,client,5,5,"i feel great, it works for me",10,10,"i feel great,",N,The client's statement 'I feel great' does not provide a clear stance on changing or maintaining the target behavior. It is a general positive feeling that does not directly relate to the behavior of smoking.,N,"The client's utterance 'I feel great' does not provide a clear indication of whether they support or oppose change. It only expresses a positive feeling about their current state, without any reference to the possibility of change."
0,663fd7ca84b7978432d6070b,client,5,5,"i feel great, it works for me",11,11,it works for me,S,"The client expresses a positive stance toward maintaining their smoking habit, indicating that it is effective for them. This aligns with Sustain Talk.",R-,"The client is expressing that smoking fits well into their routine and meets their needs, indicating a strong reason for maintaining the behavior."
0,663fd7ca84b7978432d6070b,counsellor,6,6,It's important that it feels like it works for you. I imagine there could be aspects of smoking that make it appealing. What are some of the things that you enjoy about it the most?,12,12,It's important that it feels like it works for you.,,,,
0,663fd7ca84b7978432d6070b,counsellor,6,6,It's important that it feels like it works for you. I imagine there could be aspects of smoking that make it appealing. What are some of the things that you enjoy about it the most?,13,13,I imagine there could be aspects of smoking that make it appealing.,,,,
0,663fd7ca84b7978432d6070b,counsellor,6,6,It's important that it feels like it works for you. I imagine there could be aspects of smoking that make it appealing. What are some of the things that you enjoy about it the most?,14,14,What are some of the things that you enjoy about it the most?,,,,
0,663fd7ca84b7978432d6070b,client,7,7,meditative moments and stress relief,15,15,meditative moments and stress relief,S,"The client mentions 'meditative moments and stress relief' as positive aspects of smoking, which indicates a reason for maintaining the behavior.",R-,"The client mentions 'meditative moments and stress relief' as aspects of smoking that they enjoy, which aligns with providing reasons for maintaining the target behaviour."
0,663fd7ca84b7978432d6070b,counsellor,8,8,It sounds like smoking provides a sense of calm and a way to manage stress for you. Those moments of meditation can be really important. Do you ever have times when you feel differently about smoking or have any concerns about it?,16,16,It sounds like smoking provides a sense of calm and a way to manage stress for you.,,,,
0,663fd7ca84b7978432d6070b,counsellor,8,8,It sounds like smoking provides a sense of calm and a way to manage stress for you. Those moments of meditation can be really important. Do you ever have times when you feel differently about smoking or have any concerns about it?,17,17,Those moments of meditation can be really important.,,,,
0,663fd7ca84b7978432d6070b,counsellor,8,8,It sounds like smoking provides a sense of calm and a way to manage stress for you. Those moments of meditation can be really important. Do you ever have times when you feel differently about smoking or have any concerns about it?,18,18,Do you ever have times when you feel differently about smoking or have any concerns about it?,,,,
0,663fd7ca84b7978432d6070b,client,9,9,no,19,19,no,N,The client's response 'no' is brief and does not provide any clear indication of a stance toward changing or maintaining the target behavior. It simply indicates that they do not have any concerns or times when they feel differently about smoking.,N,The client's response 'no' does not provide any clear indication of support or opposition to change. It is a brief and neutral response.
0,663fd7ca84b7978432d6070b,counsellor,10,10,"It sounds like you're feeling quite settled with your smoking routine right now. If there's anything else on your mind or anything you'd like to explore further today, feel free to let me know.",20,20,It sounds like you're feeling quite settled with your smoking routine right now.,,,,
0,663fd7ca84b7978432d6070b,counsellor,10,10,"It sounds like you're feeling quite settled with your smoking routine right now. If there's anything else on your mind or anything you'd like to explore further today, feel free to let me know.",21,21,"If there's anything else on your mind or anything you'd like to explore further today, feel free to let me know.",,,,
0,663fd7ca84b7978432d6070b,client,11,11,okay will do,22,22,okay will do,N,The client's response is brief and does not express a clear stance toward changing or maintaining the target behavior. It is a neutral acknowledgment of the counsellor's statement.,N,The client's response is brief and does not clearly indicate support or opposition to change. It simply acknowledges the counsellor's statement.
0,663fd7ca84b7978432d6070b,counsellor,12,12,"Great! I'm here whenever you're ready to talk about anything else or if you feel like diving deeper into any particular aspect. Just let me know, and we'll take it step by step.",23,23,Great!,,,,
0,663fd7ca84b7978432d6070b,counsellor,12,12,"Great! I'm here whenever you're ready to talk about anything else or if you feel like diving deeper into any particular aspect. Just let me know, and we'll take it step by step.",24,24,I'm here whenever you're ready to talk about anything else or if you feel like diving deeper into any particular aspect.,,,,
0,663fd7ca84b7978432d6070b,counsellor,12,12,"Great! I'm here whenever you're ready to talk about anything else or if you feel like diving deeper into any particular aspect. Just let me know, and we'll take it step by step.",25,25,"Just let me know, and we'll take it step by step.",,,,
0,663fd7ca84b7978432d6070b,client,13,13,"thanks for the chat, goodbye",26,26,"thanks for the chat,",N,The client's utterance is a general expression of gratitude and does not indicate a clear stance toward changing or maintaining the target behavior.,N,The client's final utterance is a general expression of gratitude and does not clearly indicate a stance on change.
0,663fd7ca84b7978432d6070b,client,13,13,"thanks for the chat, goodbye",27,27,goodbye,N,The client's utterance 'goodbye' does not express any stance toward changing or maintaining the target behavior. It is a neutral closing statement.,N,The client's utterance 'goodbye' does not provide any clear indication of support or opposition to change. It is a neutral closing statement.
0,663fd7ca84b7978432d6070b,counsellor,14,14,"Thank you for the conversation today. Let's go over what we've discussed so far. You've shared that smoking has become a routine for you and that you find it brings meditative moments and relief from stress, which you appreciate. It's great to know what works for you, and it's important to understand the role smoking plays in your life. If anything comes up or if you'd like to explore more in future conversations, I'm here to support you. Take care, and feel free to reach out whenever you're ready. Goodbye!

Would you like to continue the conversation?",28,28,Thank you for the conversation today.,,,,
0,663fd7ca84b7978432d6070b,counsellor,14,14,"Thank you for the conversation today. Let's go over what we've discussed so far. You've shared that smoking has become a routine for you and that you find it brings meditative moments and relief from stress, which you appreciate. It's great to know what works for you, and it's important to understand the role smoking plays in your life. If anything comes up or if you'd like to explore more in future conversations, I'm here to support you. Take care, and feel free to reach out whenever you're ready. Goodbye!

Would you like to continue the conversation?",29,29,Let's go over what we've discussed so far.,,,,
0,663fd7ca84b7978432d6070b,counsellor,14,14,"Thank you for the conversation today. Let's go over what we've discussed so far. You've shared that smoking has become a routine for you and that you find it brings meditative moments and relief from stress, which you appreciate. It's great to know what works for you, and it's important to understand the role smoking plays in your life. If anything comes up or if you'd like to explore more in future conversations, I'm here to support you. Take care, and feel free to reach out whenever you're ready. Goodbye!

Would you like to continue the conversation?",30,30,"You've shared that smoking has become a routine for you and that you find it brings meditative moments and relief from stress, which you appreciate.",,,,
0,663fd7ca84b7978432d6070b,counsellor,14,14,"Thank you for the conversation today. Let's go over what we've discussed so far. You've shared that smoking has become a routine for you and that you find it brings meditative moments and relief from stress, which you appreciate. It's great to know what works for you, and it's important to understand the role smoking plays in your life. If anything comes up or if you'd like to explore more in future conversations, I'm here to support you. Take care, and feel free to reach out whenever you're ready. Goodbye!

Would you like to continue the conversation?",31,31,"It's great to know what works for you, and it's important to understand the role smoking plays in your life.",,,,
0,663fd7ca84b7978432d6070b,counsellor,14,14,"Thank you for the conversation today. Let's go over what we've discussed so far. You've shared that smoking has become a routine for you and that you find it brings meditative moments and relief from stress, which you appreciate. It's great to know what works for you, and it's important to understand the role smoking plays in your life. If anything comes up or if you'd like to explore more in future conversations, I'm here to support you. Take care, and feel free to reach out whenever you're ready. Goodbye!

Would you like to continue the conversation?",32,32,"If anything comes up or if you'd like to explore more in future conversations, I'm here to support you.",,,,
0,663fd7ca84b7978432d6070b,counsellor,14,14,"Thank you for the conversation today. Let's go over what we've discussed so far. You've shared that smoking has become a routine for you and that you find it brings meditative moments and relief from stress, which you appreciate. It's great to know what works for you, and it's important to understand the role smoking plays in your life. If anything comes up or if you'd like to explore more in future conversations, I'm here to support you. Take care, and feel free to reach out whenever you're ready. Goodbye!

Would you like to continue the conversation?",33,33,"Take care, and feel free to reach out whenever you're ready.",,,,
0,663fd7ca84b7978432d6070b,counsellor,14,14,"Thank you for the conversation today. Let's go over what we've discussed so far. You've shared that smoking has become a routine for you and that you find it brings meditative moments and relief from stress, which you appreciate. It's great to know what works for you, and it's important to understand the role smoking plays in your life. If anything comes up or if you'd like to explore more in future conversations, I'm here to support you. Take care, and feel free to reach out whenever you're ready. Goodbye!

Would you like to continue the conversation?",34,34,Goodbye!,,,,
0,663fd7ca84b7978432d6070b,counsellor,14,14,"Thank you for the conversation today. Let's go over what we've discussed so far. You've shared that smoking has become a routine for you and that you find it brings meditative moments and relief from stress, which you appreciate. It's great to know what works for you, and it's important to understand the role smoking plays in your life. If anything comes up or if you'd like to explore more in future conversations, I'm here to support you. Take care, and feel free to reach out whenever you're ready. Goodbye!

Would you like to continue the conversation?",35,35,Would you like to continue the conversation?,,,,
0,663fd7ca84b7978432d6070b,client,15,15,No,36,36,No,N,The client's response 'No' is brief and does not provide any clear indication of a stance toward changing or maintaining the target behavior. It simply indicates that the client does not want to continue the conversation at the moment.,N,The client's response 'No' is brief and does not provide any clear indication of support or opposition to change. It simply declines the offer to continue the conversation.
1,671fff4fced93c3e5a17f230,counsellor,16,0,Hi there! It's nice to meet you. How are you doing today?,37,0,Hi there!,,,,
1,671fff4fced93c3e5a17f230,counsellor,16,0,Hi there! It's nice to meet you. How are you doing today?,38,1,It's nice to meet you.,,,,
1,671fff4fced93c3e5a17f230,counsellor,16,0,Hi there! It's nice to meet you. How are you doing today?,39,2,How are you doing today?,,,,
1,671fff4fced93c3e5a17f230,client,17,1,I'm doing good and you?,40,3,I'm doing good,N,The client's response is a general statement about their current state and does not express a stance toward changing or maintaining the target behavior.,N,The client's response 'I'm doing good' does not clearly support or oppose change. It is a neutral statement about their current state.
1,671fff4fced93c3e5a17f230,client,17,1,I'm doing good and you?,41,4,and you?,N,"The client's response is a neutral follow-up question, not expressing any stance toward changing or maintaining the target behavior.",N,"The client's response 'and you?' does not clearly support or oppose change. It is a brief, socially polite response that does not provide any information about the client's stance on change."
1,671fff4fced93c3e5a17f230,counsellor,18,2,"I'm doing well, thank you! I appreciate you asking. So, what brought you in today?",42,5,"I'm doing well, thank you!",,,,
1,671fff4fced93c3e5a17f230,counsellor,18,2,"I'm doing well, thank you! I appreciate you asking. So, what brought you in today?",43,6,I appreciate you asking.,,,,
1,671fff4fced93c3e5a17f230,counsellor,18,2,"I'm doing well, thank you! I appreciate you asking. So, what brought you in today?",44,7,"So, what brought you in today?",,,,
1,671fff4fced93c3e5a17f230,client,19,3,Concerning my smoking habit,45,8,Concerning my smoking habit,N,The client's utterance is a neutral statement that does not express a clear stance toward changing or maintaining the smoking habit. It simply introduces the topic without indicating a direction.,N,The client's utterance is a response to the counsellor's open-ended question and does not clearly indicate a stance on change. It simply states the topic of concern.
1,671fff4fced93c3e5a17f230,counsellor,20,4,Thank you for sharing that with me. What’s going on with your smoking habit that you’d like to explore today?,46,9,Thank you for sharing that with me.,,,,
1,671fff4fced93c3e5a17f230,counsellor,20,4,Thank you for sharing that with me. What’s going on with your smoking habit that you’d like to explore today?,47,10,What’s going on with your smoking habit that you’d like to explore today?,,,,
1,671fff4fced93c3e5a17f230,client,21,5,I've been trying to quit,48,11,I've been trying to quit,C,"The client mentions that they have been trying to quit, which indicates a recent step toward change.",TS+,"The client mentions a recent effort to change the target behaviour, which indicates they have been taking steps towards quitting smoking."
1,671fff4fced93c3e5a17f230,counsellor,22,6,It sounds like quitting smoking is something that's important to you. What's been motivating that desire to quit?,49,12,It sounds like quitting smoking is something that's important to you.,,,,
1,671fff4fced93c3e5a17f230,counsellor,22,6,It sounds like quitting smoking is something that's important to you. What's been motivating that desire to quit?,50,13,What's been motivating that desire to quit?,,,,
1,671fff4fced93c3e5a17f230,client,23,7,I don't want to get sick. Because of my health,51,14,I don't want to get sick.,C,"The client expresses a reason for wanting to change their behavior, specifically to avoid getting sick, which aligns with the 'Reasons for change' category of Change Talk.",R+,"The client expresses a reason for wanting to quit smoking, specifically the desire to avoid getting sick."
1,671fff4fced93c3e5a17f230,client,23,7,I don't want to get sick. Because of my health,52,15,Because of my health.,C,"The client expresses a reason for wanting to change their behavior, specifically citing health as a motivating factor.",R+,"The client provides a reason for wanting to quit smoking, which is related to their health."
1,671fff4fced93c3e5a17f230,counsellor,24,8,Your health is really important to you. It's understandable that you want to protect it. What are some other things that are pushing you towards quitting?,53,16,Your health is really important to you.,,,,
1,671fff4fced93c3e5a17f230,counsellor,24,8,Your health is really important to you. It's understandable that you want to protect it. What are some other things that are pushing you towards quitting?,54,17,It's understandable that you want to protect it.,,,,
1,671fff4fced93c3e5a17f230,counsellor,24,8,Your health is really important to you. It's understandable that you want to protect it. What are some other things that are pushing you towards quitting?,55,18,What are some other things that are pushing you towards quitting?,,,,
1,671fff4fced93c3e5a17f230,client,25,9,My wife,56,19,My wife,N,"The client's utterance 'My wife' is incomplete and does not provide enough context to determine a stance toward changing or maintaining the target behavior. It is neutral as it does not clearly express a reason, desire, or commitment to change or sustain the behavior.",N,The client's response is brief and does not clearly indicate support or opposition to change. It simply mentions a person (their wife) without providing context or direction regarding their stance on change.
1,671fff4fced93c3e5a17f230,counsellor,26,10,"Your wife plays an important role in your life, and it seems that her feelings or thoughts may be influencing your decision. How does she feel about your smoking, and how does that affect you?",57,20,"Your wife plays an important role in your life, and it seems that her feelings or thoughts may be influencing your decision.",,,,
1,671fff4fced93c3e5a17f230,counsellor,26,10,"Your wife plays an important role in your life, and it seems that her feelings or thoughts may be influencing your decision. How does she feel about your smoking, and how does that affect you?",58,21,"How does she feel about your smoking, and how does that affect you?",,,,
1,671fff4fced93c3e5a17f230,client,27,11,She's not feeling too good about it,59,22,She's not feeling too good about it,N,"The client is providing information about how their wife feels about their smoking, but they are not expressing a clear stance toward changing or maintaining the behavior themselves.",N,The client's response does not clearly indicate a stance on changing their behavior; it only reflects their wife's feelings.
1,671fff4fced93c3e5a17f230,counsellor,28,12,I can see how that could be challenging. It seems like her feelings about your smoking might be adding to your motivation to quit. Can you share more about how that impacts your relationship with her?,60,23,I can see how that could be challenging.,,,,
1,671fff4fced93c3e5a17f230,counsellor,28,12,I can see how that could be challenging. It seems like her feelings about your smoking might be adding to your motivation to quit. Can you share more about how that impacts your relationship with her?,61,24,It seems like her feelings about your smoking might be adding to your motivation to quit.,,,,
1,671fff4fced93c3e5a17f230,counsellor,28,12,I can see how that could be challenging. It seems like her feelings about your smoking might be adding to your motivation to quit. Can you share more about how that impacts your relationship with her?,62,25,Can you share more about how that impacts your relationship with her?,,,,
1,671fff4fced93c3e5a17f230,client,29,13,I love her so much and I don't want to do anything to hurt her,63,26,I love her so much,N,"The client's statement 'I love her so much' does not directly express a stance toward changing or maintaining the target behavior (smoking). It is a personal statement about their feelings, which does not clearly indicate a direction toward change or sustain.",N,The client's utterance expresses a strong emotional connection but does not clearly support or oppose change in the context of quitting smoking.
1,671fff4fced93c3e5a17f230,client,29,13,I love her so much and I don't want to do anything to hurt her,64,27,I don't want to do anything to hurt her,C,"The client expresses a desire to avoid hurting their partner, which aligns with a motivation to change the behavior (smoking) to protect the relationship.",R+,"The client expresses a desire to avoid causing harm to their relationship, which is a reason for changing the target behaviour."
1,671fff4fced93c3e5a17f230,counsellor,30,14,"It shows a lot about how much you care for her, and it's clear that her well-being is a priority for you. In thinking about quitting, you're considering not only your own health but also the impact on her. Are there specific ways in which quitting might improve things for both of you?",65,28,"It shows a lot about how much you care for her, and it's clear that her well-being is a priority for you.",,,,
1,671fff4fced93c3e5a17f230,counsellor,30,14,"It shows a lot about how much you care for her, and it's clear that her well-being is a priority for you. In thinking about quitting, you're considering not only your own health but also the impact on her. Are there specific ways in which quitting might improve things for both of you?",66,29,"In thinking about quitting, you're considering not only your own health but also the impact on her.",,,,
1,671fff4fced93c3e5a17f230,counsellor,30,14,"It shows a lot about how much you care for her, and it's clear that her well-being is a priority for you. In thinking about quitting, you're considering not only your own health but also the impact on her. Are there specific ways in which quitting might improve things for both of you?",67,30,Are there specific ways in which quitting might improve things for both of you?,,,,
1,671fff4fced93c3e5a17f230,client,31,15,Not really. Any ideas,68,31,Not really.,N,The client's response 'Not really' does not express a clear stance toward changing or maintaining the target behavior. It is a neutral statement that does not provide any specific reasons or commitments.,N,The client's response 'Not really' does not clearly support or oppose change. It is a neutral statement that does not provide specific information about the client's motivation or resistance to change.
1,671fff4fced93c3e5a17f230,client,31,15,Not really. Any ideas,69,32,Any ideas?,N,The client is asking for ideas and not expressing a clear stance toward changing or maintaining the target behavior.,N,The client's utterance 'Any ideas?' does not clearly support or oppose change. It is a neutral request for suggestions or input from the counsellor.
1,671fff4fced93c3e5a17f230,counsellor,32,16,"I’m happy to explore that with you if you’d like. Before I do, could you share any thoughts or ideas you have about what life might look like for you and your wife if you were to quit smoking?",70,33,I’m happy to explore that with you if you’d like.,,,,
1,671fff4fced93c3e5a17f230,counsellor,32,16,"I’m happy to explore that with you if you’d like. Before I do, could you share any thoughts or ideas you have about what life might look like for you and your wife if you were to quit smoking?",71,34,"Before I do, could you share any thoughts or ideas you have about what life might look like for you and your wife if you were to quit smoking?",,,,
1,671fff4fced93c3e5a17f230,client,33,17,Quite boring but better,72,35,Quite boring but better,C,"The client's response suggests a mixed sentiment, but it leans more towards a reason for change. The phrase 'better' implies a positive outcome if they were to quit, even if it might be 'boring'.",R+,"The client's statement suggests a recognition of the potential for a less exciting but improved life, which aligns with a reason for change."
1,671fff4fced93c3e5a17f230,counsellor,34,18,"It sounds like you see a picture of improvement in your lives, yet there's a concern about life becoming duller without smoking. Can you tell me more about what you mean by ""boring,"" and what ""better"" could look like for you both?",73,36,"It sounds like you see a picture of improvement in your lives, yet there's a concern about life becoming duller without smoking.",,,,
1,671fff4fced93c3e5a17f230,counsellor,34,18,"It sounds like you see a picture of improvement in your lives, yet there's a concern about life becoming duller without smoking. Can you tell me more about what you mean by ""boring,"" and what ""better"" could look like for you both?",74,37,"Can you tell me more about what you mean by 'boring,' and what 'better' could look like for you both?",,,,
1,671fff4fced93c3e5a17f230,client,35,19,"I love smoking, and I've been smoking since I was young, so its fun. But I'm going to live a better life. Good health",75,38,"I love smoking, and I've been smoking since I was young, so it's fun.",S,"The client expresses a desire to continue smoking and highlights the enjoyment and fun associated with it, which aligns with sustain talk.",D-,"The client expresses a desire to maintain smoking, highlighting the enjoyment and long-term habit associated with it."
1,671fff4fced93c3e5a17f230,client,35,19,"I love smoking, and I've been smoking since I was young, so its fun. But I'm going to live a better life. Good health",76,39,But I'm going to live a better life.,C,"The client expresses a positive outlook and a commitment to a better life, which implies a desire to change.",C+,"The client expresses a commitment to a better life, which implies a commitment to change."
1,671fff4fced93c3e5a17f230,client,35,19,"I love smoking, and I've been smoking since I was young, so its fun. But I'm going to live a better life. Good health",77,40,Good health.,N,"The client's response is a factual statement about a potential benefit of quitting smoking, but it does not clearly express a stance toward changing or maintaining the behavior.",N,The client's response is brief and does not clearly indicate a stance on change. It simply states a potential benefit without expressing a clear direction or ambivalence.
1,671fff4fced93c3e5a17f230,counsellor,36,20,"You've got a lot of history with smoking, and it brings some enjoyment to your life. At the same time, you've got a vision of living a healthier, better life without it. Balancing those feelings must be tough. What do you imagine might replace that fun if you were to quit smoking?",78,41,"You've got a lot of history with smoking, and it brings some enjoyment to your life.",,,,
1,671fff4fced93c3e5a17f230,counsellor,36,20,"You've got a lot of history with smoking, and it brings some enjoyment to your life. At the same time, you've got a vision of living a healthier, better life without it. Balancing those feelings must be tough. What do you imagine might replace that fun if you were to quit smoking?",79,42,"At the same time, you've got a vision of living a healthier, better life without it.",,,,
1,671fff4fced93c3e5a17f230,counsellor,36,20,"You've got a lot of history with smoking, and it brings some enjoyment to your life. At the same time, you've got a vision of living a healthier, better life without it. Balancing those feelings must be tough. What do you imagine might replace that fun if you were to quit smoking?",80,43,Balancing those feelings must be tough.,,,,
1,671fff4fced93c3e5a17f230,counsellor,36,20,"You've got a lot of history with smoking, and it brings some enjoyment to your life. At the same time, you've got a vision of living a healthier, better life without it. Balancing those feelings must be tough. What do you imagine might replace that fun if you were to quit smoking?",81,44,What do you imagine might replace that fun if you were to quit smoking?,,,,
1,671fff4fced93c3e5a17f230,client,37,21,My wife attention,82,45,My wife attention,N,"The client's utterance is brief and does not clearly express a stance toward changing or maintaining the target behavior. It seems to be a neutral statement or thought, possibly indicating that the client's wife's attention might be a replacement for the enjoyment from smoking, but it lacks a clear direction.",N,The client's utterance 'My wife attention' is vague and does not clearly support or oppose change. It lacks the context to determine a specific stance on change.
1,671fff4fced93c3e5a17f230,counsellor,38,22,It sounds like gaining your wife's attention and enjoying a deeper connection with her is something meaningful for you. That could be a powerful source of motivation and fulfillment if you were to quit smoking. How do you think your relationship might change if you succeeded in quitting?,83,46,It sounds like gaining your wife's attention and enjoying a deeper connection with her is something meaningful for you.,,,,
1,671fff4fced93c3e5a17f230,counsellor,38,22,It sounds like gaining your wife's attention and enjoying a deeper connection with her is something meaningful for you. That could be a powerful source of motivation and fulfillment if you were to quit smoking. How do you think your relationship might change if you succeeded in quitting?,84,47,That could be a powerful source of motivation and fulfillment if you were to quit smoking.,,,,
1,671fff4fced93c3e5a17f230,counsellor,38,22,It sounds like gaining your wife's attention and enjoying a deeper connection with her is something meaningful for you. That could be a powerful source of motivation and fulfillment if you were to quit smoking. How do you think your relationship might change if you succeeded in quitting?,85,48,How do you think your relationship might change if you succeeded in quitting?,,,,
1,671fff4fced93c3e5a17f230,client,39,23,It will be good one,86,49,It will be good one,C,"The client's response suggests a positive outcome of quitting smoking, which aligns with a reason for change.",R+,"The client's response is brief and somewhat vague, but it suggests a positive outcome related to the target behaviour (quitting smoking). It aligns with the Reasons (R+) category as it implies a reason for change, specifically the improvement in the client's relationship with his wife."
1,671fff4fced93c3e5a17f230,counsellor,40,24,"You envision a positive change in your relationship, making things even better between you two. That seems like a hopeful and motivating prospect. Knowing that possibility, what do you think your next steps might be?",87,50,"You envision a positive change in your relationship, making things even better between you two.",,,,
1,671fff4fced93c3e5a17f230,counsellor,40,24,"You envision a positive change in your relationship, making things even better between you two. That seems like a hopeful and motivating prospect. Knowing that possibility, what do you think your next steps might be?",88,51,That seems like a hopeful and motivating prospect.,,,,
1,671fff4fced93c3e5a17f230,counsellor,40,24,"You envision a positive change in your relationship, making things even better between you two. That seems like a hopeful and motivating prospect. Knowing that possibility, what do you think your next steps might be?",89,52,"Knowing that possibility, what do you think your next steps might be?",,,,
1,671fff4fced93c3e5a17f230,client,41,25,Give me some ideas,90,53,Give me some ideas,N,"The client is asking for ideas, which does not clearly indicate a stance toward changing or maintaining the target behavior. It is a neutral request for information.",N,"The client's utterance 'Give me some ideas' does not clearly support or oppose change. It is a request for more information or suggestions, but it does not indicate a clear stance on change."
1,671fff4fced93c3e5a17f230,counsellor,42,26,"Before we explore some ideas, is there anything else you'd like to discuss? We can also recap what we've talked about so far. Would you like a summary before we move forward?",91,54,"Before we explore some ideas, is there anything else you'd like to discuss?",,,,
1,671fff4fced93c3e5a17f230,counsellor,42,26,"Before we explore some ideas, is there anything else you'd like to discuss? We can also recap what we've talked about so far. Would you like a summary before we move forward?",92,55,We can also recap what we've talked about so far.,,,,
1,671fff4fced93c3e5a17f230,counsellor,42,26,"Before we explore some ideas, is there anything else you'd like to discuss? We can also recap what we've talked about so far. Would you like a summary before we move forward?",93,56,Would you like a summary before we move forward?,,,,
1,671fff4fced93c3e5a17f230,client,43,27,No,94,57,No,N,The client's response 'No' is brief and does not express a clear stance toward changing or maintaining the target behavior. It simply indicates that they do not have anything else to add or request a summary.,N,"The client's response 'No' does not provide any clear indication of support or opposition to change. It is a brief, neutral response to the counsellor's question."
1,671fff4fced93c3e5a17f230,counsellor,44,28,"All right. With your interest in improving your health and relationship, there are a few options to consider as steps forward. Would you like some suggestions on different approaches to quitting that others have found helpful?",95,58,All right.,,,,
1,671fff4fced93c3e5a17f230,counsellor,44,28,"All right. With your interest in improving your health and relationship, there are a few options to consider as steps forward. Would you like some suggestions on different approaches to quitting that others have found helpful?",96,59,"With your interest in improving your health and relationship, there are a few options to consider as steps forward.",,,,
1,671fff4fced93c3e5a17f230,counsellor,44,28,"All right. With your interest in improving your health and relationship, there are a few options to consider as steps forward. Would you like some suggestions on different approaches to quitting that others have found helpful?",97,60,Would you like some suggestions on different approaches to quitting that others have found helpful?,,,,
1,671fff4fced93c3e5a17f230,client,45,29,yes,98,61,yes,N,"The client's response 'yes' is a neutral affirmation to the counsellor's question, indicating they are open to hearing suggestions but does not express a clear stance toward changing or maintaining the target behavior.",N,The client's response 'yes' does not provide enough information to determine if it supports or opposes change. It is a neutral response to the counsellor's question.
1,671fff4fced93c3e5a17f230,counsellor,46,30,Great! One approach could be setting a quit date as a commitment to yourself and your goals. Another option is looking into support groups or counseling to connect with others on a similar journey. There are also nicotine replacement therapies or medications available that might help ease the transition. How do any of these ideas resonate with you?,99,62,Great!,,,,
1,671fff4fced93c3e5a17f230,counsellor,46,30,Great! One approach could be setting a quit date as a commitment to yourself and your goals. Another option is looking into support groups or counseling to connect with others on a similar journey. There are also nicotine replacement therapies or medications available that might help ease the transition. How do any of these ideas resonate with you?,100,63,One approach could be setting a quit date as a commitment to yourself and your goals.,,,,
1,671fff4fced93c3e5a17f230,counsellor,46,30,Great! One approach could be setting a quit date as a commitment to yourself and your goals. Another option is looking into support groups or counseling to connect with others on a similar journey. There are also nicotine replacement therapies or medications available that might help ease the transition. How do any of these ideas resonate with you?,101,64,Another option is looking into support groups or counseling to connect with others on a similar journey.,,,,
1,671fff4fced93c3e5a17f230,counsellor,46,30,Great! One approach could be setting a quit date as a commitment to yourself and your goals. Another option is looking into support groups or counseling to connect with others on a similar journey. There are also nicotine replacement therapies or medications available that might help ease the transition. How do any of these ideas resonate with you?,102,65,There are also nicotine replacement therapies or medications available that might help ease the transition.,,,,
1,671fff4fced93c3e5a17f230,counsellor,46,30,Great! One approach could be setting a quit date as a commitment to yourself and your goals. Another option is looking into support groups or counseling to connect with others on a similar journey. There are also nicotine replacement therapies or medications available that might help ease the transition. How do any of these ideas resonate with you?,103,66,How do any of these ideas resonate with you?,,,,
1,671fff4fced93c3e5a17f230,client,47,31,A great one,104,67,A great one,N,The client's response is brief and does not clearly indicate a stance toward changing or maintaining the target behavior. It is a positive acknowledgment but lacks specific content related to change or sustain talk.,N,The client's response is brief and does not provide clear support or opposition to change. It is a positive acknowledgment but lacks specific details about their intentions or feelings towards the suggestions.
1,671fff4fced93c3e5a17f230,counsellor,48,32,That's wonderful to hear! It sounds like one or more of these options might be a good fit for you. Is there a particular approach you'd like to explore further or try first?,105,68,That's wonderful to hear!,,,,
1,671fff4fced93c3e5a17f230,counsellor,48,32,That's wonderful to hear! It sounds like one or more of these options might be a good fit for you. Is there a particular approach you'd like to explore further or try first?,106,69,It sounds like one or more of these options might be a good fit for you.,,,,
1,671fff4fced93c3e5a17f230,counsellor,48,32,That's wonderful to hear! It sounds like one or more of these options might be a good fit for you. Is there a particular approach you'd like to explore further or try first?,107,70,Is there a particular approach you'd like to explore further or try first?,,,,
1,671fff4fced93c3e5a17f230,client,49,33,none,108,71,none,N,"The client did not provide an utterance in response to the counsellor's question, so there is no content to classify as Change Talk, Sustain Talk, or Neutral.",N,"The client did not provide an utterance in the given excerpt, so there is nothing to classify."
1,671fff4fced93c3e5a17f230,counsellor,50,34,"That's completely okay. You know yourself best, and this is your journey. Whenever you're ready or if you have any questions later on, I'm here to support you. Is there anything else you'd like to talk about today?",109,72,That's completely okay.,,,,
1,671fff4fced93c3e5a17f230,counsellor,50,34,"That's completely okay. You know yourself best, and this is your journey. Whenever you're ready or if you have any questions later on, I'm here to support you. Is there anything else you'd like to talk about today?",110,73,"You know yourself best, and this is your journey.",,,,
1,671fff4fced93c3e5a17f230,counsellor,50,34,"That's completely okay. You know yourself best, and this is your journey. Whenever you're ready or if you have any questions later on, I'm here to support you. Is there anything else you'd like to talk about today?",111,74,"Whenever you're ready or if you have any questions later on, I'm here to support you.",,,,
1,671fff4fced93c3e5a17f230,counsellor,50,34,"That's completely okay. You know yourself best, and this is your journey. Whenever you're ready or if you have any questions later on, I'm here to support you. Is there anything else you'd like to talk about today?",112,75,Is there anything else you'd like to talk about today?,,,,
1,671fff4fced93c3e5a17f230,client,51,35,No,113,76,No,N,The client's response 'No' is brief and does not express a clear stance toward changing or maintaining the target behavior. It simply indicates that they do not have anything else to add or discuss at the moment.,N,The client's response 'No' is brief and does not provide any clear indication of support or opposition to change. It simply indicates that the client does not have anything else to add at the moment.
1,671fff4fced93c3e5a17f230,counsellor,52,36,"Thank you for our conversation today. To summarize, we talked about your desire to quit smoking for health reasons and the importance of your wife's feelings, which adds motivation to your journey. Although you've enjoyed the fun aspects of smoking from a young age, you envision a healthier, better life with a deeper connection with your wife. We explored some potential approaches, like setting a quit date, support groups, and treatments, though you're not ready to choose one yet. I'm here to support you whenever you're ready to explore these options further or talk about anything else.

Would you like to continue the conversation?",114,77,Thank you for our conversation today.,,,,
1,671fff4fced93c3e5a17f230,counsellor,52,36,"Thank you for our conversation today. To summarize, we talked about your desire to quit smoking for health reasons and the importance of your wife's feelings, which adds motivation to your journey. Although you've enjoyed the fun aspects of smoking from a young age, you envision a healthier, better life with a deeper connection with your wife. We explored some potential approaches, like setting a quit date, support groups, and treatments, though you're not ready to choose one yet. I'm here to support you whenever you're ready to explore these options further or talk about anything else.

Would you like to continue the conversation?",115,78,"To summarize, we talked about your desire to quit smoking for health reasons and the importance of your wife's feelings, which adds motivation to your journey.",,,,
1,671fff4fced93c3e5a17f230,counsellor,52,36,"Thank you for our conversation today. To summarize, we talked about your desire to quit smoking for health reasons and the importance of your wife's feelings, which adds motivation to your journey. Although you've enjoyed the fun aspects of smoking from a young age, you envision a healthier, better life with a deeper connection with your wife. We explored some potential approaches, like setting a quit date, support groups, and treatments, though you're not ready to choose one yet. I'm here to support you whenever you're ready to explore these options further or talk about anything else.

Would you like to continue the conversation?",116,79,"Although you've enjoyed the fun aspects of smoking from a young age, you envision a healthier, better life with a deeper connection with your wife.",,,,
1,671fff4fced93c3e5a17f230,counsellor,52,36,"Thank you for our conversation today. To summarize, we talked about your desire to quit smoking for health reasons and the importance of your wife's feelings, which adds motivation to your journey. Although you've enjoyed the fun aspects of smoking from a young age, you envision a healthier, better life with a deeper connection with your wife. We explored some potential approaches, like setting a quit date, support groups, and treatments, though you're not ready to choose one yet. I'm here to support you whenever you're ready to explore these options further or talk about anything else.

Would you like to continue the conversation?",117,80,"We explored some potential approaches, like setting a quit date, support groups, and treatments, though you're not ready to choose one yet.",,,,
1,671fff4fced93c3e5a17f230,counsellor,52,36,"Thank you for our conversation today. To summarize, we talked about your desire to quit smoking for health reasons and the importance of your wife's feelings, which adds motivation to your journey. Although you've enjoyed the fun aspects of smoking from a young age, you envision a healthier, better life with a deeper connection with your wife. We explored some potential approaches, like setting a quit date, support groups, and treatments, though you're not ready to choose one yet. I'm here to support you whenever you're ready to explore these options further or talk about anything else.

Would you like to continue the conversation?",118,81,I'm here to support you whenever you're ready to explore these options further or talk about anything else.,,,,
1,671fff4fced93c3e5a17f230,counsellor,52,36,"Thank you for our conversation today. To summarize, we talked about your desire to quit smoking for health reasons and the importance of your wife's feelings, which adds motivation to your journey. Although you've enjoyed the fun aspects of smoking from a young age, you envision a healthier, better life with a deeper connection with your wife. We explored some potential approaches, like setting a quit date, support groups, and treatments, though you're not ready to choose one yet. I'm here to support you whenever you're ready to explore these options further or talk about anything else.

Would you like to continue the conversation?",119,82,Would you like to continue the conversation?,,,,
1,671fff4fced93c3e5a17f230,client,53,37,No,120,83,No,N,The client's response 'No' is brief and does not provide enough context to determine a clear stance toward change or maintaining the behavior. It could be interpreted as a neutral response to the counsellor's question about continuing the conversation.,N,The client's response 'No' does not provide enough context to determine if it supports or opposes change. It is a brief and ambiguous response that does not clearly indicate the client's stance on the proposed actions or the conversation.
2,6735337bd46a0b33a2bcf429,counsellor,54,0,Hello! It’s great to have you here today. How has your day been so far?,121,0,Hello!,,,,
2,6735337bd46a0b33a2bcf429,counsellor,54,0,Hello! It’s great to have you here today. How has your day been so far?,122,1,It’s great to have you here today.,,,,
2,6735337bd46a0b33a2bcf429,counsellor,54,0,Hello! It’s great to have you here today. How has your day been so far?,123,2,How has your day been so far?,,,,
2,6735337bd46a0b33a2bcf429,client,55,1,Not bad. I just got up about an hour ago.,124,3,Not bad.,N,The client's response is a neutral statement that does not express a stance toward changing or maintaining the target behavior.,N,The client's response 'Not bad' is neutral and does not clearly support or oppose any change. It is a general statement about their day without indicating any specific direction or intention.
2,6735337bd46a0b33a2bcf429,client,55,1,Not bad. I just got up about an hour ago.,125,4,I just got up about an hour ago.,N,"The client is providing a neutral statement about their day, without expressing any stance toward changing or maintaining the target behavior.",N,The client's response is a neutral statement about their current state and does not indicate any stance on change.
2,6735337bd46a0b33a2bcf429,counsellor,56,2,I hope you managed to get some good rest. Mornings can really set the tone for the day. How are you feeling about being here today?,126,5,I hope you managed to get some good rest.,,,,
2,6735337bd46a0b33a2bcf429,counsellor,56,2,I hope you managed to get some good rest. Mornings can really set the tone for the day. How are you feeling about being here today?,127,6,Mornings can really set the tone for the day.,,,,
2,6735337bd46a0b33a2bcf429,counsellor,56,2,I hope you managed to get some good rest. Mornings can really set the tone for the day. How are you feeling about being here today?,128,7,How are you feeling about being here today?,,,,
2,6735337bd46a0b33a2bcf429,client,57,3,"I'm actually feeling a bit hungry, and I might go make breakfast soon. Anyway, I feel good.",129,8,"I'm actually feeling a bit hungry, and I might go make breakfast soon.",N,The client's utterance is about their current feeling of hunger and their intention to make breakfast. It does not express a stance toward changing or maintaining the target behavior.,N,The client's utterance does not clearly support or oppose change; it is a neutral statement about their current state and plans.
2,6735337bd46a0b33a2bcf429,client,57,3,"I'm actually feeling a bit hungry, and I might go make breakfast soon. Anyway, I feel good.",130,9,"Anyway, I feel good.",N,"The client's utterance 'Anyway, I feel good.' does not clearly indicate a stance toward changing or maintaining the target behavior. It is a general statement about their current emotional state.",N,"The client's utterance 'Anyway, I feel good.' does not clearly indicate a stance on change. It is a general statement about their current emotional state."
2,6735337bd46a0b33a2bcf429,counsellor,58,4,"I'm glad to hear you feel good about being here. And breakfast is always a great idea! Before you head to the kitchen, is there anything on your mind that you'd like to talk about today?",131,10,I'm glad to hear you feel good about being here.,,,,
2,6735337bd46a0b33a2bcf429,counsellor,58,4,"I'm glad to hear you feel good about being here. And breakfast is always a great idea! Before you head to the kitchen, is there anything on your mind that you'd like to talk about today?",132,11,And breakfast is always a great idea!,,,,
2,6735337bd46a0b33a2bcf429,counsellor,58,4,"I'm glad to hear you feel good about being here. And breakfast is always a great idea! Before you head to the kitchen, is there anything on your mind that you'd like to talk about today?",133,12,"Before you head to the kitchen, is there anything on your mind that you'd like to talk about today?",,,,
2,6735337bd46a0b33a2bcf429,client,59,5,"Nothing in particular, how about you?",134,13,"Nothing in particular,",N,The client's response is neutral and does not express a stance toward changing or maintaining the target behavior.,N,The client's response does not clearly support or oppose change; it is a neutral statement indicating they do not have any specific concerns or topics to discuss at the moment.
2,6735337bd46a0b33a2bcf429,client,59,5,"Nothing in particular, how about you?",135,14,how about you?,N,The client's utterance is a question directed at the counsellor and does not express a stance toward changing or maintaining the target behavior.,N,The client's utterance 'how about you?' does not clearly support or oppose change. It is a neutral response that shifts the focus back to the counsellor.
2,6735337bd46a0b33a2bcf429,counsellor,60,6,"I’m honestly here to listen to what’s on your mind. Sometimes talking about things can bring a lot of clarity, even if nothing specific is pressing. Do you feel like there are any habits or routines in your life that you're curious to explore during our time together?",136,15,I’m honestly here to listen to what’s on your mind.,,,,
2,6735337bd46a0b33a2bcf429,counsellor,60,6,"I’m honestly here to listen to what’s on your mind. Sometimes talking about things can bring a lot of clarity, even if nothing specific is pressing. Do you feel like there are any habits or routines in your life that you're curious to explore during our time together?",137,16,"Sometimes talking about things can bring a lot of clarity, even if nothing specific is pressing.",,,,
2,6735337bd46a0b33a2bcf429,counsellor,60,6,"I’m honestly here to listen to what’s on your mind. Sometimes talking about things can bring a lot of clarity, even if nothing specific is pressing. Do you feel like there are any habits or routines in your life that you're curious to explore during our time together?",138,17,Do you feel like there are any habits or routines in your life that you're curious to explore during our time together?,,,,
2,6735337bd46a0b33a2bcf429,client,61,7,give me some ideas...,139,18,give me some ideas...,N,"The client is asking for ideas, which does not indicate a clear stance toward changing or maintaining the target behavior. It is a neutral request for information.",N,The client's utterance 'give me some ideas...' does not clearly support or oppose change. It is a request for suggestions and does not indicate a stance on change.
2,6735337bd46a0b33a2bcf429,counsellor,62,8,"Sure, we can delve into various aspects of life like your daily routines, any goals or changes you've been considering, or even habits like smoking that you might have mixed feelings about. Is there anything among these that catches your interest?",140,19,"Sure, we can delve into various aspects of life like your daily routines, any goals or changes you've been considering, or even habits like smoking that you might have mixed feelings about.",,,,
2,6735337bd46a0b33a2bcf429,counsellor,62,8,"Sure, we can delve into various aspects of life like your daily routines, any goals or changes you've been considering, or even habits like smoking that you might have mixed feelings about. Is there anything among these that catches your interest?",141,20,Is there anything among these that catches your interest?,,,,
2,6735337bd46a0b33a2bcf429,client,63,9,"Well I would like to quit smoking, and have tried in the past, but obviously my success rate after 3+ attempts is low.",142,21,"Well I would like to quit smoking,",C,"The client expresses a desire to quit smoking, which is a clear indication of change talk.",D+,"The client expresses a clear desire to change the target behaviour, which is quitting smoking."
2,6735337bd46a0b33a2bcf429,client,63,9,"Well I would like to quit smoking, and have tried in the past, but obviously my success rate after 3+ attempts is low.",143,22,"and have tried in the past,",N,"The client's utterance is incomplete and does not clearly express a stance toward changing or maintaining the target behavior. It provides no clear indication of commitment, reasons, desire, optimism, pessimism, or recent steps.",N,The client's utterance is incomplete and does not clearly support or oppose change. It lacks the context to determine a specific stance.
2,6735337bd46a0b33a2bcf429,client,63,9,"Well I would like to quit smoking, and have tried in the past, but obviously my success rate after 3+ attempts is low.",144,23,but obviously my success rate after 3+ attempts is low.,S,"The client is expressing a sense of pessimism about their ability to change, which aligns with Sustain Talk.",AB-,"The client is expressing a sense of pessimism about their ability to change, indicating that they have tried multiple times but have not been successful."
2,6735337bd46a0b33a2bcf429,counsellor,64,10,"Quitting smoking can be a challenging journey, especially after putting in so much effort. You’ve shown a lot of determination by trying multiple times, which is really commendable. What do you think kept you going even after facing those challenges?",145,24,"Quitting smoking can be a challenging journey, especially after putting in so much effort.",,,,
2,6735337bd46a0b33a2bcf429,counsellor,64,10,"Quitting smoking can be a challenging journey, especially after putting in so much effort. You’ve shown a lot of determination by trying multiple times, which is really commendable. What do you think kept you going even after facing those challenges?",146,25,"You’ve shown a lot of determination by trying multiple times, which is really commendable.",,,,
2,6735337bd46a0b33a2bcf429,counsellor,64,10,"Quitting smoking can be a challenging journey, especially after putting in so much effort. You’ve shown a lot of determination by trying multiple times, which is really commendable. What do you think kept you going even after facing those challenges?",147,26,What do you think kept you going even after facing those challenges?,,,,
2,6735337bd46a0b33a2bcf429,client,65,11,"What do you mean, why did I start again?",148,27,"What do you mean, why did I start again?",N,The client is asking a question and does not express a clear stance toward changing or maintaining the target behavior.,N,The client's utterance does not clearly support or oppose change. It is a question seeking clarification and does not indicate a direction towards or away from change.
2,6735337bd46a0b33a2bcf429,counsellor,66,12,I meant to reflect on the motivation behind your desire to quit and what gave you the push to try multiple times. Sometimes understanding what drives us can be inspiring. What do you think was behind your decision to quit those times?,149,28,I meant to reflect on the motivation behind your desire to quit and what gave you the push to try multiple times.,,,,
2,6735337bd46a0b33a2bcf429,counsellor,66,12,I meant to reflect on the motivation behind your desire to quit and what gave you the push to try multiple times. Sometimes understanding what drives us can be inspiring. What do you think was behind your decision to quit those times?,150,29,Sometimes understanding what drives us can be inspiring.,,,,
2,6735337bd46a0b33a2bcf429,counsellor,66,12,I meant to reflect on the motivation behind your desire to quit and what gave you the push to try multiple times. Sometimes understanding what drives us can be inspiring. What do you think was behind your decision to quit those times?,151,30,What do you think was behind your decision to quit those times?,,,,
2,6735337bd46a0b33a2bcf429,client,67,13,"Ah... Well, mostly for health reasons. You know what congizant dissonance is like? Knowing something is bad, and still doing it? Also, the alleged chemical dependency aspect of it all.",152,31,"Ah... Well, mostly for health reasons.",C,"The client mentions 'health reasons' as a motivation for quitting, which aligns with reasons for change.",R+,"The client provides a reason for their past attempts to quit, which is related to health concerns."
2,6735337bd46a0b33a2bcf429,client,67,13,"Ah... Well, mostly for health reasons. You know what congizant dissonance is like? Knowing something is bad, and still doing it? Also, the alleged chemical dependency aspect of it all.",153,32,You know what congizant dissonance is like?,N,The client is asking a question that does not clearly express a stance toward changing or maintaining the target behavior. It is a neutral statement seeking to understand a concept.,N,The client's utterance does not clearly support or oppose change. It introduces a concept (cognitive dissonance) but does not provide a clear stance on their motivation or decision to change.
2,6735337bd46a0b33a2bcf429,client,67,13,"Ah... Well, mostly for health reasons. You know what congizant dissonance is like? Knowing something is bad, and still doing it? Also, the alleged chemical dependency aspect of it all.",154,33,"Knowing something is bad, and still doing it?",N,The client's utterance does not clearly express a stance toward changing or maintaining the target behavior. It is a general statement that reflects a sense of conflict or frustration but does not indicate a specific direction.,N,The client's utterance does not clearly support or oppose change. It reflects a general observation about the nature of harmful behaviors without indicating a specific stance on their own change process.
2,6735337bd46a0b33a2bcf429,client,67,13,"Ah... Well, mostly for health reasons. You know what congizant dissonance is like? Knowing something is bad, and still doing it? Also, the alleged chemical dependency aspect of it all.",155,34,"Also, the alleged chemical dependency aspect of it all.",C,"The client is providing a reason for their past attempts to quit, which aligns with the 'Reasons for change' category of Change Talk.",R+,"The client mentions a reason related to the chemical dependency aspect, which is a reason for wanting to change the behavior."
2,6735337bd46a0b33a2bcf429,counsellor,68,14,"It sounds like you're caught in that challenging space where you’re aware of the health risks yet feeling the pull of both habit and dependency. It's a tough spot to be in, recognizing the harm and still finding yourself drawn to it. How does this inner conflict affect your daily life?",156,35,It sounds like you're caught in that challenging space where you’re aware of the health risks yet feeling the pull of both habit and dependency.,,,,
2,6735337bd46a0b33a2bcf429,counsellor,68,14,"It sounds like you're caught in that challenging space where you’re aware of the health risks yet feeling the pull of both habit and dependency. It's a tough spot to be in, recognizing the harm and still finding yourself drawn to it. How does this inner conflict affect your daily life?",157,36,"It's a tough spot to be in, recognizing the harm and still finding yourself drawn to it.",,,,
2,6735337bd46a0b33a2bcf429,counsellor,68,14,"It sounds like you're caught in that challenging space where you’re aware of the health risks yet feeling the pull of both habit and dependency. It's a tough spot to be in, recognizing the harm and still finding yourself drawn to it. How does this inner conflict affect your daily life?",158,37,How does this inner conflict affect your daily life?,,,,
2,6735337bd46a0b33a2bcf429,client,69,15,"Well, money is tight right now so it affects my anxiety levels when I'mhoping I won't have to make a choice between something important, or another pack of cigarettes. But then when I buy a fresh pack",159,38,"Well, money is tight right now so it affects my anxiety levels when I'm hoping I won't have to make a choice between something important, or another pack of cigarettes.",S,The client expresses a reason for maintaining the target behavior (smoking) by highlighting the financial stress and the anxiety associated with the potential need to choose between essential expenses and cigarettes. This indicates a need to maintain the behavior as a coping mechanism.,R-,"The client expresses a reason for maintaining the target behaviour, highlighting the financial strain and the resulting anxiety, which ties into the need to continue smoking."
2,6735337bd46a0b33a2bcf429,client,69,15,"Well, money is tight right now so it affects my anxiety levels when I'mhoping I won't have to make a choice between something important, or another pack of cigarettes. But then when I buy a fresh pack",160,39,But then when I buy a fresh pack,N,"The client's utterance is incomplete and does not clearly express a stance toward changing or maintaining the target behavior. It is a fragment that could lead to either change talk or sustain talk, but on its own, it is neutral.",N,The client's utterance is incomplete and does not clearly indicate a stance on change or provide enough context to determine a specific category.
2,6735337bd46a0b33a2bcf429,counsellor,70,16,"It must be really challenging to feel that pressure between financial constraints and the urge to buy cigarettes. Anxiety around finances can make things even harder. When you do buy a pack, how do you feel in those moments?",161,40,It must be really challenging to feel that pressure between financial constraints and the urge to buy cigarettes.,,,,
2,6735337bd46a0b33a2bcf429,counsellor,70,16,"It must be really challenging to feel that pressure between financial constraints and the urge to buy cigarettes. Anxiety around finances can make things even harder. When you do buy a pack, how do you feel in those moments?",162,41,Anxiety around finances can make things even harder.,,,,
2,6735337bd46a0b33a2bcf429,counsellor,70,16,"It must be really challenging to feel that pressure between financial constraints and the urge to buy cigarettes. Anxiety around finances can make things even harder. When you do buy a pack, how do you feel in those moments?",163,42,"When you do buy a pack, how do you feel in those moments?",,,,
2,6735337bd46a0b33a2bcf429,client,71,17,"It's like all those worries go away, but at the same time kind of lying to myself saying I'll quit after this one or ""soon"". It's mostly towards the end of a pack where the mini panic sets in.",164,43,"It's like all those worries go away, but at the same time kind of lying to myself saying I'll quit after this one or ""soon"".",S,"The client expresses a mix of reasons for maintaining the behavior (relief from worries) and a desire to change (lying to self about quitting), but the overall tone leans more towards maintaining the behavior.",R-,"The client expresses a reason for maintaining the target behaviour, highlighting the temporary relief from worries that smoking provides, even though it is accompanied by a false promise to quit later."
2,6735337bd46a0b33a2bcf429,client,71,17,"It's like all those worries go away, but at the same time kind of lying to myself saying I'll quit after this one or ""soon"". It's mostly towards the end of a pack where the mini panic sets in.",165,44,It's mostly towards the end of a pack where the mini panic sets in.,N,"The client is describing a feeling of anxiety or panic related to running out of cigarettes, which is a neutral statement about their experience without expressing a clear stance on changing or maintaining the behavior.",N,The client's utterance does not clearly support or oppose change. It describes a feeling or experience without indicating a direction towards or away from change.
2,6735337bd46a0b33a2bcf429,counsellor,72,18,"There's a sense of relief in the moment, almost like a temporary escape from the anxiety, and yet there’s also this underlying awareness and push to quit. It's understandable how that cycle can be tiring. What do you think makes the end of the pack bring up that mini panic for you?",166,45,"There's a sense of relief in the moment, almost like a temporary escape from the anxiety, and yet there’s also this underlying awareness and push to quit.",,,,
2,6735337bd46a0b33a2bcf429,counsellor,72,18,"There's a sense of relief in the moment, almost like a temporary escape from the anxiety, and yet there’s also this underlying awareness and push to quit. It's understandable how that cycle can be tiring. What do you think makes the end of the pack bring up that mini panic for you?",167,46,It's understandable how that cycle can be tiring.,,,,
2,6735337bd46a0b33a2bcf429,counsellor,72,18,"There's a sense of relief in the moment, almost like a temporary escape from the anxiety, and yet there’s also this underlying awareness and push to quit. It's understandable how that cycle can be tiring. What do you think makes the end of the pack bring up that mini panic for you?",168,47,What do you think makes the end of the pack bring up that mini panic for you?,,,,
2,6735337bd46a0b33a2bcf429,client,73,19,"I'd hate to have to go through an extended period of time without a cigarette, and really craving one.",169,48,"I'd hate to have to go through an extended period of time without a cigarette,",S,"The client expresses a negative sentiment about the idea of going without cigarettes for an extended period, which suggests a reluctance to change and a need to maintain the behavior.",D-,"The client expresses a reluctance to go through a period without smoking, which indicates a strong desire to maintain the behavior."
2,6735337bd46a0b33a2bcf429,client,73,19,"I'd hate to have to go through an extended period of time without a cigarette, and really craving one.",170,49,and really craving one.,S,"The client's utterance 'and really craving one' indicates a strong desire to continue the target behavior, which aligns with Sustain Talk.",D-,"The client's statement 'and really craving one' indicates a strong desire to maintain the target behaviour (smoking). It suggests a strong urge or need to smoke, which aligns with the 'Desire' category."
2,6735337bd46a0b33a2bcf429,counsellor,74,20,The idea of facing that period without cigarettes—and the cravings that could come with it—sounds daunting. It's understandable to feel apprehensive about that discomfort. Have you noticed any moments or situations where the cravings aren’t as strong or are more manageable for you?,171,50,The idea of facing that period without cigarettes—and the cravings that could come with it—sounds daunting.,,,,
2,6735337bd46a0b33a2bcf429,counsellor,74,20,The idea of facing that period without cigarettes—and the cravings that could come with it—sounds daunting. It's understandable to feel apprehensive about that discomfort. Have you noticed any moments or situations where the cravings aren’t as strong or are more manageable for you?,172,51,It's understandable to feel apprehensive about that discomfort.,,,,
2,6735337bd46a0b33a2bcf429,counsellor,74,20,The idea of facing that period without cigarettes—and the cravings that could come with it—sounds daunting. It's understandable to feel apprehensive about that discomfort. Have you noticed any moments or situations where the cravings aren’t as strong or are more manageable for you?,173,52,Have you noticed any moments or situations where the cravings aren’t as strong or are more manageable for you?,,,,
2,6735337bd46a0b33a2bcf429,client,75,21,"hmmm, good question. I can't say for sure... Maybe when I'm really sick or something. Smoking when I have a sore throat and a dry mouth isn't the most pleasant.",174,53,"hmmm, good question.",N,The client's response is a neutral acknowledgment of the counsellor's question without expressing a clear stance toward changing or maintaining the target behavior.,N,"The client's response 'hmmm, good question' does not clearly support or oppose change. It is a neutral acknowledgment of the counsellor's question."
2,6735337bd46a0b33a2bcf429,client,75,21,"hmmm, good question. I can't say for sure... Maybe when I'm really sick or something. Smoking when I have a sore throat and a dry mouth isn't the most pleasant.",175,54,I can't say for sure...,N,The client's response is vague and does not clearly express a stance toward changing or maintaining the target behavior. It neither supports nor opposes change.,N,The client's response is vague and does not clearly support or oppose change. It indicates uncertainty rather than a clear stance.
2,6735337bd46a0b33a2bcf429,client,75,21,"hmmm, good question. I can't say for sure... Maybe when I'm really sick or something. Smoking when I have a sore throat and a dry mouth isn't the most pleasant.",176,55,Maybe when I'm really sick or something.,N,"The client's response is neutral, as it neither expresses a clear stance toward changing nor maintaining the target behavior. It simply provides a factual observation about a situation where cravings might be less intense.",N,"The client's response does not clearly support or oppose change. It simply provides a specific situation where cravings might be less intense, without indicating a clear stance on changing their behavior."
2,6735337bd46a0b33a2bcf429,client,75,21,"hmmm, good question. I can't say for sure... Maybe when I'm really sick or something. Smoking when I have a sore throat and a dry mouth isn't the most pleasant.",177,56,Smoking when I have a sore throat and a dry mouth isn't the most pleasant.,N,"The client is providing a factual statement about the unpleasantness of smoking in certain conditions, but it does not clearly indicate a stance toward changing or maintaining the behavior.",N,"The client's utterance does not clearly support or oppose change. It simply describes a situation where smoking is less pleasant, but does not indicate a readiness to change or a resistance to change."
2,6735337bd46a0b33a2bcf429,counsellor,76,22,"Thank you for sharing your time and thoughts today. We've reached the end of our session, and I’d like to take a moment to reflect on what we’ve discussed. You expressed a strong desire to quit smoking, driven by health concerns and financial strain. There’s this conflict of understanding the risks while still feeling the pull of habit and dependency, especially facing the anxiety of choosing between a new pack and other important needs. You've noted that cravings are less intense when you're not feeling well, which is interesting. These insights could be valuable stepping stones as you continue to explore reasons to quit. I appreciate your openness today, and whenever you’re ready to talk more, I’m here to support you on this journey. Take care, and I hope you have a good day ahead.",178,57,Thank you for sharing your time and thoughts today.,,,,
2,6735337bd46a0b33a2bcf429,counsellor,76,22,"Thank you for sharing your time and thoughts today. We've reached the end of our session, and I’d like to take a moment to reflect on what we’ve discussed. You expressed a strong desire to quit smoking, driven by health concerns and financial strain. There’s this conflict of understanding the risks while still feeling the pull of habit and dependency, especially facing the anxiety of choosing between a new pack and other important needs. You've noted that cravings are less intense when you're not feeling well, which is interesting. These insights could be valuable stepping stones as you continue to explore reasons to quit. I appreciate your openness today, and whenever you’re ready to talk more, I’m here to support you on this journey. Take care, and I hope you have a good day ahead.",179,58,"We've reached the end of our session, and I’d like to take a moment to reflect on what we’ve discussed.",,,,
2,6735337bd46a0b33a2bcf429,counsellor,76,22,"Thank you for sharing your time and thoughts today. We've reached the end of our session, and I’d like to take a moment to reflect on what we’ve discussed. You expressed a strong desire to quit smoking, driven by health concerns and financial strain. There’s this conflict of understanding the risks while still feeling the pull of habit and dependency, especially facing the anxiety of choosing between a new pack and other important needs. You've noted that cravings are less intense when you're not feeling well, which is interesting. These insights could be valuable stepping stones as you continue to explore reasons to quit. I appreciate your openness today, and whenever you’re ready to talk more, I’m here to support you on this journey. Take care, and I hope you have a good day ahead.",180,59,"You expressed a strong desire to quit smoking, driven by health concerns and financial strain.",,,,
2,6735337bd46a0b33a2bcf429,counsellor,76,22,"Thank you for sharing your time and thoughts today. We've reached the end of our session, and I’d like to take a moment to reflect on what we’ve discussed. You expressed a strong desire to quit smoking, driven by health concerns and financial strain. There’s this conflict of understanding the risks while still feeling the pull of habit and dependency, especially facing the anxiety of choosing between a new pack and other important needs. You've noted that cravings are less intense when you're not feeling well, which is interesting. These insights could be valuable stepping stones as you continue to explore reasons to quit. I appreciate your openness today, and whenever you’re ready to talk more, I’m here to support you on this journey. Take care, and I hope you have a good day ahead.",181,60,"There’s this conflict of understanding the risks while still feeling the pull of habit and dependency, especially facing the anxiety of choosing between a new pack and other important needs.",,,,
2,6735337bd46a0b33a2bcf429,counsellor,76,22,"Thank you for sharing your time and thoughts today. We've reached the end of our session, and I’d like to take a moment to reflect on what we’ve discussed. You expressed a strong desire to quit smoking, driven by health concerns and financial strain. There’s this conflict of understanding the risks while still feeling the pull of habit and dependency, especially facing the anxiety of choosing between a new pack and other important needs. You've noted that cravings are less intense when you're not feeling well, which is interesting. These insights could be valuable stepping stones as you continue to explore reasons to quit. I appreciate your openness today, and whenever you’re ready to talk more, I’m here to support you on this journey. Take care, and I hope you have a good day ahead.",182,61,"You've noted that cravings are less intense when you're not feeling well, which is interesting.",,,,
2,6735337bd46a0b33a2bcf429,counsellor,76,22,"Thank you for sharing your time and thoughts today. We've reached the end of our session, and I’d like to take a moment to reflect on what we’ve discussed. You expressed a strong desire to quit smoking, driven by health concerns and financial strain. There’s this conflict of understanding the risks while still feeling the pull of habit and dependency, especially facing the anxiety of choosing between a new pack and other important needs. You've noted that cravings are less intense when you're not feeling well, which is interesting. These insights could be valuable stepping stones as you continue to explore reasons to quit. I appreciate your openness today, and whenever you’re ready to talk more, I’m here to support you on this journey. Take care, and I hope you have a good day ahead.",183,62,These insights could be valuable stepping stones as you continue to explore reasons to quit.,,,,
2,6735337bd46a0b33a2bcf429,counsellor,76,22,"Thank you for sharing your time and thoughts today. We've reached the end of our session, and I’d like to take a moment to reflect on what we’ve discussed. You expressed a strong desire to quit smoking, driven by health concerns and financial strain. There’s this conflict of understanding the risks while still feeling the pull of habit and dependency, especially facing the anxiety of choosing between a new pack and other important needs. You've noted that cravings are less intense when you're not feeling well, which is interesting. These insights could be valuable stepping stones as you continue to explore reasons to quit. I appreciate your openness today, and whenever you’re ready to talk more, I’m here to support you on this journey. Take care, and I hope you have a good day ahead.",184,63,"I appreciate your openness today, and whenever you’re ready to talk more, I’m here to support you on this journey.",,,,
2,6735337bd46a0b33a2bcf429,counsellor,76,22,"Thank you for sharing your time and thoughts today. We've reached the end of our session, and I’d like to take a moment to reflect on what we’ve discussed. You expressed a strong desire to quit smoking, driven by health concerns and financial strain. There’s this conflict of understanding the risks while still feeling the pull of habit and dependency, especially facing the anxiety of choosing between a new pack and other important needs. You've noted that cravings are less intense when you're not feeling well, which is interesting. These insights could be valuable stepping stones as you continue to explore reasons to quit. I appreciate your openness today, and whenever you’re ready to talk more, I’m here to support you on this journey. Take care, and I hope you have a good day ahead.",185,64,"Take care, and I hope you have a good day ahead.",,,,
3,6481e7756969fcd48ea9c634,counsellor,77,0,Hi there! I'm glad you could join me today. How are you doing? Anything on your mind that you'd like to talk about?,186,0,Hi there!,,,,
3,6481e7756969fcd48ea9c634,counsellor,77,0,Hi there! I'm glad you could join me today. How are you doing? Anything on your mind that you'd like to talk about?,187,1,I'm glad you could join me today.,,,,
3,6481e7756969fcd48ea9c634,counsellor,77,0,Hi there! I'm glad you could join me today. How are you doing? Anything on your mind that you'd like to talk about?,188,2,How are you doing?,,,,
3,6481e7756969fcd48ea9c634,counsellor,77,0,Hi there! I'm glad you could join me today. How are you doing? Anything on your mind that you'd like to talk about?,189,3,Anything on your mind that you'd like to talk about?,,,,
3,6481e7756969fcd48ea9c634,client,78,1,"Hello, I am feeling great right now!",190,4,"Hello, I am feeling great right now!",N,The client's utterance is a general statement about their current emotional state and does not express a stance toward changing or maintaining a specific behavior.,N,The client's utterance does not clearly support or oppose change; it is a general statement about their current emotional state.
3,6481e7756969fcd48ea9c634,counsellor,79,2,That's great to hear! I'm glad you're feeling good. Is there anything you'd like to explore or talk about during our time together today?,191,5,That's great to hear!,,,,
3,6481e7756969fcd48ea9c634,counsellor,79,2,That's great to hear! I'm glad you're feeling good. Is there anything you'd like to explore or talk about during our time together today?,192,6,I'm glad you're feeling good.,,,,
3,6481e7756969fcd48ea9c634,counsellor,79,2,That's great to hear! I'm glad you're feeling good. Is there anything you'd like to explore or talk about during our time together today?,193,7,Is there anything you'd like to explore or talk about during our time together today?,,,,
3,6481e7756969fcd48ea9c634,client,80,3,I would like to talk about ways you  can help me to reduce the amount of cigarettes I smoke each day.,194,8,I would like to talk about ways you can help me to reduce the amount of cigarettes I smoke each day.,C,"The client expresses a desire to change by asking for help to reduce their smoking, which indicates a stance toward changing the target behavior.",D+,The client expresses a desire to change the target behaviour by discussing ways to reduce smoking.
3,6481e7756969fcd48ea9c634,counsellor,81,4,"Of course, I'd be glad to help with that. It's great that you want to reduce your smoking. What has motivated you to think about cutting down on cigarettes?",195,9,"Of course, I'd be glad to help with that.",,,,
3,6481e7756969fcd48ea9c634,counsellor,81,4,"Of course, I'd be glad to help with that. It's great that you want to reduce your smoking. What has motivated you to think about cutting down on cigarettes?",196,10,It's great that you want to reduce your smoking.,,,,
3,6481e7756969fcd48ea9c634,counsellor,81,4,"Of course, I'd be glad to help with that. It's great that you want to reduce your smoking. What has motivated you to think about cutting down on cigarettes?",197,11,What has motivated you to think about cutting down on cigarettes?,,,,
3,6481e7756969fcd48ea9c634,client,82,5,My age has triggered me to reduce the amount. I also cough alot.,198,12,My age has triggered me to reduce the amount.,C,"The client mentions that their age has motivated them to reduce smoking, which indicates a reason for change.",R+,"The client provides a reason for wanting to reduce smoking, specifically mentioning their age as a motivating factor."
3,6481e7756969fcd48ea9c634,client,82,5,My age has triggered me to reduce the amount. I also cough alot.,199,13,I also cough a lot.,N,"The client mentions a health issue (coughing) that could be a reason for change, but it does not explicitly express a stance toward changing or maintaining the behavior.",N,"The client mentions a health issue (coughing) that could be related to smoking, but does not explicitly state a clear stance on changing their behavior."
3,6481e7756969fcd48ea9c634,counsellor,83,6,"You're noticing the impact smoking is having on your body, especially with the coughing, and you're considering your age as an important factor in wanting to make a change. It sounds like you're starting to weigh the benefits of reducing smoking for your health. What would you hope to gain from cutting back on cigarettes?",200,14,"You're noticing the impact smoking is having on your body, especially with the coughing, and you're considering your age as an important factor in wanting to make a change.",,,,
3,6481e7756969fcd48ea9c634,counsellor,83,6,"You're noticing the impact smoking is having on your body, especially with the coughing, and you're considering your age as an important factor in wanting to make a change. It sounds like you're starting to weigh the benefits of reducing smoking for your health. What would you hope to gain from cutting back on cigarettes?",201,15,It sounds like you're starting to weigh the benefits of reducing smoking for your health.,,,,
3,6481e7756969fcd48ea9c634,counsellor,83,6,"You're noticing the impact smoking is having on your body, especially with the coughing, and you're considering your age as an important factor in wanting to make a change. It sounds like you're starting to weigh the benefits of reducing smoking for your health. What would you hope to gain from cutting back on cigarettes?",202,16,What would you hope to gain from cutting back on cigarettes?,,,,
3,6481e7756969fcd48ea9c634,client,84,7,I am hoping for better health overall.,203,17,I am hoping for better health overall.,C,"The client expresses a reason for change, specifically the desire for better health, which aligns with the category of Change Talk.",R+,"The client expresses a reason for wanting to change, specifically the desire for better health."
3,6481e7756969fcd48ea9c634,counsellor,85,8,"Improving your health can have such a positive impact on your life. You're envisioning a healthier future for yourself, which is really motivating. What are some changes in your health you'd like to see as you start reducing smoking?",204,18,Improving your health can have such a positive impact on your life.,,,,
3,6481e7756969fcd48ea9c634,counsellor,85,8,"Improving your health can have such a positive impact on your life. You're envisioning a healthier future for yourself, which is really motivating. What are some changes in your health you'd like to see as you start reducing smoking?",205,19,"You're envisioning a healthier future for yourself, which is really motivating.",,,,
3,6481e7756969fcd48ea9c634,counsellor,85,8,"Improving your health can have such a positive impact on your life. You're envisioning a healthier future for yourself, which is really motivating. What are some changes in your health you'd like to see as you start reducing smoking?",206,20,What are some changes in your health you'd like to see as you start reducing smoking?,,,,
3,6481e7756969fcd48ea9c634,client,86,9,I would like to see me more motivated to eat healthier and exercise more often.,207,21,I would like to see me more motivated to eat healthier and exercise more often.,C,"The client expresses a desire to make positive changes in their health, which aligns with the goal of reducing smoking. This indicates a stance toward changing the target behavior.",D+,"The client expresses a desire to make positive changes in their health, specifically to eat healthier and exercise more often."
3,6481e7756969fcd48ea9c634,counsellor,87,10,"It sounds like you're hoping that by smoking less, it could lead to a domino effect of positive changes in your life, like better nutrition and increased exercise. You're imagining a healthier, more active version of yourself. How do you think smoking less might influence those other areas of your life?",208,22,"It sounds like you're hoping that by smoking less, it could lead to a domino effect of positive changes in your life, like better nutrition and increased exercise.",,,,
3,6481e7756969fcd48ea9c634,counsellor,87,10,"It sounds like you're hoping that by smoking less, it could lead to a domino effect of positive changes in your life, like better nutrition and increased exercise. You're imagining a healthier, more active version of yourself. How do you think smoking less might influence those other areas of your life?",209,23,"You're imagining a healthier, more active version of yourself.",,,,
3,6481e7756969fcd48ea9c634,counsellor,87,10,"It sounds like you're hoping that by smoking less, it could lead to a domino effect of positive changes in your life, like better nutrition and increased exercise. You're imagining a healthier, more active version of yourself. How do you think smoking less might influence those other areas of your life?",210,24,How do you think smoking less might influence those other areas of your life?,,,,
3,6481e7756969fcd48ea9c634,client,88,11,Smoking less will help with breathing when I start to do more exercising like going for long walks up and down slopes or hills.,211,25,Smoking less will help with breathing when I start to do more exercising like going for long walks up and down slopes or hills.,C,"The client is expressing a reason for change, specifically how reducing smoking will positively impact their ability to exercise. This aligns with the 'Reasons for change' category of Change Talk.",R+,"The client is expressing a reason for reducing smoking, specifically how it will improve their ability to exercise and lead a healthier lifestyle."
3,6481e7756969fcd48ea9c634,counsellor,89,12,Being able to breathe more easily during physical activities like walking up hills could make the experience more enjoyable and encourage you to be more active. You're connecting how reducing smoking could directly improve how you feel during exercise. What do you think might be some first steps you could take towards reducing your smoking?,212,26,Being able to breathe more easily during physical activities like walking up hills could make the experience more enjoyable and encourage you to be more active.,,,,
3,6481e7756969fcd48ea9c634,counsellor,89,12,Being able to breathe more easily during physical activities like walking up hills could make the experience more enjoyable and encourage you to be more active. You're connecting how reducing smoking could directly improve how you feel during exercise. What do you think might be some first steps you could take towards reducing your smoking?,213,27,You're connecting how reducing smoking could directly improve how you feel during exercise.,,,,
3,6481e7756969fcd48ea9c634,counsellor,89,12,Being able to breathe more easily during physical activities like walking up hills could make the experience more enjoyable and encourage you to be more active. You're connecting how reducing smoking could directly improve how you feel during exercise. What do you think might be some first steps you could take towards reducing your smoking?,214,28,What do you think might be some first steps you could take towards reducing your smoking?,,,,
3,6481e7756969fcd48ea9c634,client,90,13,"I could cut back on the amount of cigarettes I smoke each day. Possible reducing the number by 2 at first then as the weeks go on, I can reduce it by one more.",215,29,I could cut back on the amount of cigarettes I smoke each day.,C,"The client is suggesting a specific action (cutting back on cigarettes) that aligns with reducing smoking, which is a step towards change.",TS+,"The client suggests a specific action they could take to reduce their smoking, which indicates a readiness to take steps towards change."
3,6481e7756969fcd48ea9c634,client,90,13,"I could cut back on the amount of cigarettes I smoke each day. Possible reducing the number by 2 at first then as the weeks go on, I can reduce it by one more.",216,30,"Possible reducing the number by 2 at first then as the weeks go on, I can reduce it by one more.",C,"The client is outlining a specific plan to reduce smoking, which indicates a commitment to change.",AC+,"The client is suggesting a specific plan to reduce smoking gradually, which indicates a willingness to take action towards change."
3,6481e7756969fcd48ea9c634,counsellor,91,14,"Starting by cutting back a couple of cigarettes each day sounds like a thoughtful and manageable approach. You're making a realistic plan that allows for gradual change, which could make the process more sustainable for you. Are there specific times or situations where you feel most comfortable reducing those cigarettes?",217,31,Starting by cutting back a couple of cigarettes each day sounds like a thoughtful and manageable approach.,,,,
3,6481e7756969fcd48ea9c634,counsellor,91,14,"Starting by cutting back a couple of cigarettes each day sounds like a thoughtful and manageable approach. You're making a realistic plan that allows for gradual change, which could make the process more sustainable for you. Are there specific times or situations where you feel most comfortable reducing those cigarettes?",218,32,"You're making a realistic plan that allows for gradual change, which could make the process more sustainable for you.",,,,
3,6481e7756969fcd48ea9c634,counsellor,91,14,"Starting by cutting back a couple of cigarettes each day sounds like a thoughtful and manageable approach. You're making a realistic plan that allows for gradual change, which could make the process more sustainable for you. Are there specific times or situations where you feel most comfortable reducing those cigarettes?",219,33,Are there specific times or situations where you feel most comfortable reducing those cigarettes?,,,,
3,6481e7756969fcd48ea9c634,client,92,15,I feel that when I am less stressed I can manage the amount I smoke each day. It's when I get into stressful situations I tend to smoke more often.,220,34,I feel that when I am less stressed I can manage the amount I smoke each day.,C,"The client expresses a belief that reducing stress helps them manage their smoking, which implies a positive step toward change.",AB+,"The client expresses a belief that they can manage their smoking when they are less stressed, which indicates a sense of ability to change under certain conditions."
3,6481e7756969fcd48ea9c634,client,92,15,I feel that when I am less stressed I can manage the amount I smoke each day. It's when I get into stressful situations I tend to smoke more often.,221,35,It's when I get into stressful situations I tend to smoke more often.,S,"The client is identifying a specific situation (stress) that reinforces their smoking behavior, which aligns with sustain talk.",R-,"The client mentions a specific situation (stressful situations) where they tend to smoke more, which reinforces the target behaviour of smoking. This aligns with the 'Reasons' category as it provides a reason for maintaining the target behaviour."
3,6481e7756969fcd48ea9c634,counsellor,93,16,"Stressful situations seem to be closely tied to when you smoke more. You've noticed that when you're feeling relaxed, it's easier for you to manage your smoking. Understanding this pattern can really help as you look to cut back. How do you typically handle stress, and are there other strategies you might consider trying, in place of smoking, when stress arises?",222,36,Stressful situations seem to be closely tied to when you smoke more.,,,,
3,6481e7756969fcd48ea9c634,counsellor,93,16,"Stressful situations seem to be closely tied to when you smoke more. You've noticed that when you're feeling relaxed, it's easier for you to manage your smoking. Understanding this pattern can really help as you look to cut back. How do you typically handle stress, and are there other strategies you might consider trying, in place of smoking, when stress arises?",223,37,"You've noticed that when you're feeling relaxed, it's easier for you to manage your smoking.",,,,
3,6481e7756969fcd48ea9c634,counsellor,93,16,"Stressful situations seem to be closely tied to when you smoke more. You've noticed that when you're feeling relaxed, it's easier for you to manage your smoking. Understanding this pattern can really help as you look to cut back. How do you typically handle stress, and are there other strategies you might consider trying, in place of smoking, when stress arises?",224,38,Understanding this pattern can really help as you look to cut back.,,,,
3,6481e7756969fcd48ea9c634,counsellor,93,16,"Stressful situations seem to be closely tied to when you smoke more. You've noticed that when you're feeling relaxed, it's easier for you to manage your smoking. Understanding this pattern can really help as you look to cut back. How do you typically handle stress, and are there other strategies you might consider trying, in place of smoking, when stress arises?",225,39,"How do you typically handle stress, and are there other strategies you might consider trying, in place of smoking, when stress arises?",,,,
3,6481e7756969fcd48ea9c634,client,94,17,I manage stress by smoking. I also use breathing techniques and go for walks.,226,40,I manage stress by smoking.,S,"The client is expressing a reason for maintaining the target behavior (smoking) as a way to manage stress, which aligns with Sustain Talk.",R-,The client is providing a reason for maintaining the target behaviour (smoking) as a way to manage stress.
3,6481e7756969fcd48ea9c634,client,94,17,I manage stress by smoking. I also use breathing techniques and go for walks.,227,41,I also use breathing techniques and go for walks.,N,"The client mentions using alternative strategies (breathing techniques and going for walks) to manage stress, which suggests a willingness to explore non-smoking methods to cope. However, the statement is more neutral and does not explicitly express a stance toward changing or maintaining smoking behavior.",N,"The client mentions specific strategies (breathing techniques and going for walks) that they use to handle stress, which are alternatives to smoking. This indicates a supportive approach to change."
3,6481e7756969fcd48ea9c634,counsellor,95,18,"You have a couple of healthy strategies like breathing techniques and going for walks that help you manage stress, in addition to smoking. These are great tools you already have in place. How might you leverage them even more to support your goal of reducing smoking, especially in stressful times?",228,42,"You have a couple of healthy strategies like breathing techniques and going for walks that help you manage stress, in addition to smoking.",,,,
3,6481e7756969fcd48ea9c634,counsellor,95,18,"You have a couple of healthy strategies like breathing techniques and going for walks that help you manage stress, in addition to smoking. These are great tools you already have in place. How might you leverage them even more to support your goal of reducing smoking, especially in stressful times?",229,43,These are great tools you already have in place.,,,,
3,6481e7756969fcd48ea9c634,counsellor,95,18,"You have a couple of healthy strategies like breathing techniques and going for walks that help you manage stress, in addition to smoking. These are great tools you already have in place. How might you leverage them even more to support your goal of reducing smoking, especially in stressful times?",230,44,"How might you leverage them even more to support your goal of reducing smoking, especially in stressful times?",,,,
3,6481e7756969fcd48ea9c634,client,96,19,I could set a regular schedule for myself to exercise maybe 3 to 4 days a weeks.,231,45,I could set a regular schedule for myself to exercise maybe 3 to 4 days a week.,C,"The client is suggesting a specific plan to increase exercise, which is a step toward reducing smoking. This indicates a commitment to change.",AC+,"The client is suggesting a specific action they are willing to take, which aligns with the category of Activation (AC+)."
3,6481e7756969fcd48ea9c634,counsellor,97,20,Setting a regular exercise schedule sounds like a strong step towards managing stress and supporting your goal to reduce smoking. Committing to a routine could offer consistency and a healthy outlet for stress. Is there anything else you'd like to discuss or explore on this journey before we talk about any next steps?,232,46,Setting a regular exercise schedule sounds like a strong step towards managing stress and supporting your goal to reduce smoking.,,,,
3,6481e7756969fcd48ea9c634,counsellor,97,20,Setting a regular exercise schedule sounds like a strong step towards managing stress and supporting your goal to reduce smoking. Committing to a routine could offer consistency and a healthy outlet for stress. Is there anything else you'd like to discuss or explore on this journey before we talk about any next steps?,233,47,Committing to a routine could offer consistency and a healthy outlet for stress.,,,,
3,6481e7756969fcd48ea9c634,counsellor,97,20,Setting a regular exercise schedule sounds like a strong step towards managing stress and supporting your goal to reduce smoking. Committing to a routine could offer consistency and a healthy outlet for stress. Is there anything else you'd like to discuss or explore on this journey before we talk about any next steps?,234,48,Is there anything else you'd like to discuss or explore on this journey before we talk about any next steps?,,,,
3,6481e7756969fcd48ea9c634,client,98,21,no nothing,235,49,no,N,The client's response 'no' is brief and does not clearly indicate a stance toward changing or maintaining the target behavior. It simply indicates that they have no additional topics to discuss at the moment.,N,The client's response 'no' does not provide any clear indication of support or opposition to change. It is a brief and neutral response.
3,6481e7756969fcd48ea9c634,client,98,21,no nothing,236,50,nothing,N,The client's response 'nothing' does not express a clear stance toward changing or maintaining the target behavior. It is a neutral response that does not provide any additional information or commitment.,N,The client's response 'nothing' does not clearly support or oppose change; it simply indicates that they have no further topics to discuss at the moment.
3,6481e7756969fcd48ea9c634,counsellor,99,22,"Thank you for our conversation today. We've talked about your motivation to reduce smoking due to concerns about your health and age, and how you're experiencing frequent coughing as a result of smoking. You expressed a desire for better overall health and hope for more motivation to eat healthier and exercise more. You linked cutting down on smoking with easier breathing during walks, especially up hills. You've considered a gradual reduction in smoking, by a couple of cigarettes each day, as a practical first step. We also discussed how smoking is a response to stress for you, yet you also use breathing techniques and walks to manage stress. Committing to a regular exercise schedule, perhaps three to four days a week, could support both stress relief and your goal of smoking less. If there's anything else you'd like to explore or if you're ready to talk about next steps when the time is right, I'm here for you.

Would you like to continue the conversation?",237,51,Thank you for our conversation today.,,,,
3,6481e7756969fcd48ea9c634,counsellor,99,22,"Thank you for our conversation today. We've talked about your motivation to reduce smoking due to concerns about your health and age, and how you're experiencing frequent coughing as a result of smoking. You expressed a desire for better overall health and hope for more motivation to eat healthier and exercise more. You linked cutting down on smoking with easier breathing during walks, especially up hills. You've considered a gradual reduction in smoking, by a couple of cigarettes each day, as a practical first step. We also discussed how smoking is a response to stress for you, yet you also use breathing techniques and walks to manage stress. Committing to a regular exercise schedule, perhaps three to four days a week, could support both stress relief and your goal of smoking less. If there's anything else you'd like to explore or if you're ready to talk about next steps when the time is right, I'm here for you.

Would you like to continue the conversation?",238,52,"We've talked about your motivation to reduce smoking due to concerns about your health and age, and how you're experiencing frequent coughing as a result of smoking.",,,,
3,6481e7756969fcd48ea9c634,counsellor,99,22,"Thank you for our conversation today. We've talked about your motivation to reduce smoking due to concerns about your health and age, and how you're experiencing frequent coughing as a result of smoking. You expressed a desire for better overall health and hope for more motivation to eat healthier and exercise more. You linked cutting down on smoking with easier breathing during walks, especially up hills. You've considered a gradual reduction in smoking, by a couple of cigarettes each day, as a practical first step. We also discussed how smoking is a response to stress for you, yet you also use breathing techniques and walks to manage stress. Committing to a regular exercise schedule, perhaps three to four days a week, could support both stress relief and your goal of smoking less. If there's anything else you'd like to explore or if you're ready to talk about next steps when the time is right, I'm here for you.

Would you like to continue the conversation?",239,53,You expressed a desire for better overall health and hope for more motivation to eat healthier and exercise more.,,,,
3,6481e7756969fcd48ea9c634,counsellor,99,22,"Thank you for our conversation today. We've talked about your motivation to reduce smoking due to concerns about your health and age, and how you're experiencing frequent coughing as a result of smoking. You expressed a desire for better overall health and hope for more motivation to eat healthier and exercise more. You linked cutting down on smoking with easier breathing during walks, especially up hills. You've considered a gradual reduction in smoking, by a couple of cigarettes each day, as a practical first step. We also discussed how smoking is a response to stress for you, yet you also use breathing techniques and walks to manage stress. Committing to a regular exercise schedule, perhaps three to four days a week, could support both stress relief and your goal of smoking less. If there's anything else you'd like to explore or if you're ready to talk about next steps when the time is right, I'm here for you.

Would you like to continue the conversation?",240,54,"You linked cutting down on smoking with easier breathing during walks, especially up hills.",,,,
3,6481e7756969fcd48ea9c634,counsellor,99,22,"Thank you for our conversation today. We've talked about your motivation to reduce smoking due to concerns about your health and age, and how you're experiencing frequent coughing as a result of smoking. You expressed a desire for better overall health and hope for more motivation to eat healthier and exercise more. You linked cutting down on smoking with easier breathing during walks, especially up hills. You've considered a gradual reduction in smoking, by a couple of cigarettes each day, as a practical first step. We also discussed how smoking is a response to stress for you, yet you also use breathing techniques and walks to manage stress. Committing to a regular exercise schedule, perhaps three to four days a week, could support both stress relief and your goal of smoking less. If there's anything else you'd like to explore or if you're ready to talk about next steps when the time is right, I'm here for you.

Would you like to continue the conversation?",241,55,"You've considered a gradual reduction in smoking, by a couple of cigarettes each day, as a practical first step.",,,,
3,6481e7756969fcd48ea9c634,counsellor,99,22,"Thank you for our conversation today. We've talked about your motivation to reduce smoking due to concerns about your health and age, and how you're experiencing frequent coughing as a result of smoking. You expressed a desire for better overall health and hope for more motivation to eat healthier and exercise more. You linked cutting down on smoking with easier breathing during walks, especially up hills. You've considered a gradual reduction in smoking, by a couple of cigarettes each day, as a practical first step. We also discussed how smoking is a response to stress for you, yet you also use breathing techniques and walks to manage stress. Committing to a regular exercise schedule, perhaps three to four days a week, could support both stress relief and your goal of smoking less. If there's anything else you'd like to explore or if you're ready to talk about next steps when the time is right, I'm here for you.

Would you like to continue the conversation?",242,56,"We also discussed how smoking is a response to stress for you, yet you also use breathing techniques and walks to manage stress.",,,,
3,6481e7756969fcd48ea9c634,counsellor,99,22,"Thank you for our conversation today. We've talked about your motivation to reduce smoking due to concerns about your health and age, and how you're experiencing frequent coughing as a result of smoking. You expressed a desire for better overall health and hope for more motivation to eat healthier and exercise more. You linked cutting down on smoking with easier breathing during walks, especially up hills. You've considered a gradual reduction in smoking, by a couple of cigarettes each day, as a practical first step. We also discussed how smoking is a response to stress for you, yet you also use breathing techniques and walks to manage stress. Committing to a regular exercise schedule, perhaps three to four days a week, could support both stress relief and your goal of smoking less. If there's anything else you'd like to explore or if you're ready to talk about next steps when the time is right, I'm here for you.

Would you like to continue the conversation?",243,57,"Committing to a regular exercise schedule, perhaps three to four days a week, could support both stress relief and your goal of smoking less.",,,,
3,6481e7756969fcd48ea9c634,counsellor,99,22,"Thank you for our conversation today. We've talked about your motivation to reduce smoking due to concerns about your health and age, and how you're experiencing frequent coughing as a result of smoking. You expressed a desire for better overall health and hope for more motivation to eat healthier and exercise more. You linked cutting down on smoking with easier breathing during walks, especially up hills. You've considered a gradual reduction in smoking, by a couple of cigarettes each day, as a practical first step. We also discussed how smoking is a response to stress for you, yet you also use breathing techniques and walks to manage stress. Committing to a regular exercise schedule, perhaps three to four days a week, could support both stress relief and your goal of smoking less. If there's anything else you'd like to explore or if you're ready to talk about next steps when the time is right, I'm here for you.

Would you like to continue the conversation?",244,58,"If there's anything else you'd like to explore or if you're ready to talk about next steps when the time is right, I'm here for you.",,,,
3,6481e7756969fcd48ea9c634,counsellor,99,22,"Thank you for our conversation today. We've talked about your motivation to reduce smoking due to concerns about your health and age, and how you're experiencing frequent coughing as a result of smoking. You expressed a desire for better overall health and hope for more motivation to eat healthier and exercise more. You linked cutting down on smoking with easier breathing during walks, especially up hills. You've considered a gradual reduction in smoking, by a couple of cigarettes each day, as a practical first step. We also discussed how smoking is a response to stress for you, yet you also use breathing techniques and walks to manage stress. Committing to a regular exercise schedule, perhaps three to four days a week, could support both stress relief and your goal of smoking less. If there's anything else you'd like to explore or if you're ready to talk about next steps when the time is right, I'm here for you.

Would you like to continue the conversation?",245,59,Would you like to continue the conversation?,,,,
3,6481e7756969fcd48ea9c634,client,100,23,No,246,60,No,N,The client's response 'No' is brief and does not provide enough context to determine a clear stance toward change or maintaining the target behavior. It could be interpreted as a neutral response to the counsellor's open-ended question.,N,The client's response 'No' is brief and does not provide enough context to determine if it supports or opposes change. It is ambiguous and does not clearly indicate the client's stance on the counsellor's suggestions or the next steps.
4,6127b32b912465823dca1e4b,counsellor,101,0,Hello! It's lovely to have you here. How are you doing today?,247,0,Hello!,,,,
4,6127b32b912465823dca1e4b,counsellor,101,0,Hello! It's lovely to have you here. How are you doing today?,248,1,It's lovely to have you here.,,,,
4,6127b32b912465823dca1e4b,counsellor,101,0,Hello! It's lovely to have you here. How are you doing today?,249,2,How are you doing today?,,,,
4,6127b32b912465823dca1e4b,client,102,1,ok,250,3,ok,N,The client's response 'ok' is a neutral acknowledgment without expressing any stance toward changing or maintaining the target behavior.,N,The client's response 'ok' does not provide any clear indication of support or opposition to change. It is a neutral response that does not convey any specific direction or intent.
4,6127b32b912465823dca1e4b,counsellor,103,2,"It's good to hear you're okay. Thank you for being here today. I'm here to support you, especially with anything you might be feeling uncertain about right now. Is there anything about your smoking habits or anything else you'd like to discuss today?",251,4,It's good to hear you're okay.,,,,
4,6127b32b912465823dca1e4b,counsellor,103,2,"It's good to hear you're okay. Thank you for being here today. I'm here to support you, especially with anything you might be feeling uncertain about right now. Is there anything about your smoking habits or anything else you'd like to discuss today?",252,5,Thank you for being here today.,,,,
4,6127b32b912465823dca1e4b,counsellor,103,2,"It's good to hear you're okay. Thank you for being here today. I'm here to support you, especially with anything you might be feeling uncertain about right now. Is there anything about your smoking habits or anything else you'd like to discuss today?",253,6,"I'm here to support you, especially with anything you might be feeling uncertain about right now.",,,,
4,6127b32b912465823dca1e4b,counsellor,103,2,"It's good to hear you're okay. Thank you for being here today. I'm here to support you, especially with anything you might be feeling uncertain about right now. Is there anything about your smoking habits or anything else you'd like to discuss today?",254,7,Is there anything about your smoking habits or anything else you'd like to discuss today?,,,,
4,6127b32b912465823dca1e4b,client,104,3,not really,255,8,not really,N,The client's response 'not really' does not express a clear stance toward changing or maintaining the target behavior. It is a neutral response that does not provide any specific information or sentiment about smoking.,N,The client's response 'not really' does not clearly support or oppose change. It is a neutral statement that does not indicate a direction towards or away from change.
4,6127b32b912465823dca1e4b,counsellor,105,4,"That's perfectly fine. We can take things one step at a time. If there's anything on your mind, feel free to bring it up whenever you're ready. In the meantime, would you mind sharing a little about your experience with smoking? No pressure; just whatever you're comfortable with.",256,9,That's perfectly fine.,,,,
4,6127b32b912465823dca1e4b,counsellor,105,4,"That's perfectly fine. We can take things one step at a time. If there's anything on your mind, feel free to bring it up whenever you're ready. In the meantime, would you mind sharing a little about your experience with smoking? No pressure; just whatever you're comfortable with.",257,10,We can take things one step at a time.,,,,
4,6127b32b912465823dca1e4b,counsellor,105,4,"That's perfectly fine. We can take things one step at a time. If there's anything on your mind, feel free to bring it up whenever you're ready. In the meantime, would you mind sharing a little about your experience with smoking? No pressure; just whatever you're comfortable with.",258,11,"If there's anything on your mind, feel free to bring it up whenever you're ready.",,,,
4,6127b32b912465823dca1e4b,counsellor,105,4,"That's perfectly fine. We can take things one step at a time. If there's anything on your mind, feel free to bring it up whenever you're ready. In the meantime, would you mind sharing a little about your experience with smoking? No pressure; just whatever you're comfortable with.",259,12,"In the meantime, would you mind sharing a little about your experience with smoking?",,,,
4,6127b32b912465823dca1e4b,counsellor,105,4,"That's perfectly fine. We can take things one step at a time. If there's anything on your mind, feel free to bring it up whenever you're ready. In the meantime, would you mind sharing a little about your experience with smoking? No pressure; just whatever you're comfortable with.",260,13,No pressure; just whatever you're comfortable with.,,,,
4,6127b32b912465823dca1e4b,client,106,5,"ive smoked since 18 im 41 now, i like smoking",261,14,I've smoked since 18.,N,The client is providing a factual statement about their smoking history without expressing a clear stance toward changing or maintaining the behavior.,N,"The client's utterance is a straightforward statement about their history of smoking, without expressing a clear stance on change or resistance."
4,6127b32b912465823dca1e4b,client,106,5,"ive smoked since 18 im 41 now, i like smoking",262,15,I'm 41 now.,N,The client's statement is a factual statement about their age and does not express a stance toward changing or maintaining the target behavior.,N,The client's utterance 'I'm 41 now.' does not clearly support or oppose change. It is a neutral statement providing personal information.
4,6127b32b912465823dca1e4b,client,106,5,"ive smoked since 18 im 41 now, i like smoking",263,16,I like smoking.,S,"The client expresses a positive sentiment toward smoking, indicating a desire to continue the behavior.",D-,"The client expresses a positive sentiment towards smoking, indicating a desire to continue the behavior."
4,6127b32b912465823dca1e4b,counsellor,107,6,That's quite a long journey with smoking. It sounds like it's something you find enjoyable. What is it about smoking that you like?,264,17,That's quite a long journey with smoking.,,,,
4,6127b32b912465823dca1e4b,counsellor,107,6,That's quite a long journey with smoking. It sounds like it's something you find enjoyable. What is it about smoking that you like?,265,18,It sounds like it's something you find enjoyable.,,,,
4,6127b32b912465823dca1e4b,counsellor,107,6,That's quite a long journey with smoking. It sounds like it's something you find enjoyable. What is it about smoking that you like?,266,19,What is it about smoking that you like?,,,,
4,6127b32b912465823dca1e4b,client,108,7,it relaxes me and theres nothing better than a smoke after eating or sex,267,20,it relaxes me,S,"The client expresses a reason for maintaining the target behavior, specifically that smoking relaxes them, which is a common reason for continuing to smoke.",R-,"The client provides a reason for maintaining the target behaviour, specifically that smoking helps them relax."
4,6127b32b912465823dca1e4b,client,108,7,it relaxes me and theres nothing better than a smoke after eating or sex,268,21,and theres nothing better than a smoke after eating or sex,S,"The client expresses a positive aspect of smoking, indicating a desire to continue the behavior, which aligns with sustain talk.",R-,"The client is providing a reason for maintaining the target behaviour, specifically highlighting the enjoyment and satisfaction derived from smoking in certain situations."
4,6127b32b912465823dca1e4b,counsellor,109,8,"It sounds like smoking has become a way for you to unwind, especially during those moments that you find satisfying. Smoking seems to be tied to some of your daily routines. Are there any other moments or situations where you notice smoking playing a role in your life?",269,22,"It sounds like smoking has become a way for you to unwind, especially during those moments that you find satisfying.",,,,
4,6127b32b912465823dca1e4b,counsellor,109,8,"It sounds like smoking has become a way for you to unwind, especially during those moments that you find satisfying. Smoking seems to be tied to some of your daily routines. Are there any other moments or situations where you notice smoking playing a role in your life?",270,23,Smoking seems to be tied to some of your daily routines.,,,,
4,6127b32b912465823dca1e4b,counsellor,109,8,"It sounds like smoking has become a way for you to unwind, especially during those moments that you find satisfying. Smoking seems to be tied to some of your daily routines. Are there any other moments or situations where you notice smoking playing a role in your life?",271,24,Are there any other moments or situations where you notice smoking playing a role in your life?,,,,
4,6127b32b912465823dca1e4b,client,110,9,stress,272,25,stress,N,"The client's utterance 'stress' is a brief, single-word response that does not clearly indicate a stance toward changing or maintaining the target behavior. It provides a context but does not express a commitment, reason, desire, or need for change or continuation.",N,The client's utterance 'stress' is a single word that does not clearly support or oppose change. It simply identifies a situation where smoking plays a role.
4,6127b32b912465823dca1e4b,counsellor,111,10,"It seems like smoking has become a tool for managing stress as well. It’s understandable how it could feel like a moment of calm amidst chaos. How do you feel about its role in helping you deal with stress? Do you find it effective, or are there any mixed feelings about it?",273,26,It seems like smoking has become a tool for managing stress as well.,,,,
4,6127b32b912465823dca1e4b,counsellor,111,10,"It seems like smoking has become a tool for managing stress as well. It’s understandable how it could feel like a moment of calm amidst chaos. How do you feel about its role in helping you deal with stress? Do you find it effective, or are there any mixed feelings about it?",274,27,It’s understandable how it could feel like a moment of calm amidst chaos.,,,,
4,6127b32b912465823dca1e4b,counsellor,111,10,"It seems like smoking has become a tool for managing stress as well. It’s understandable how it could feel like a moment of calm amidst chaos. How do you feel about its role in helping you deal with stress? Do you find it effective, or are there any mixed feelings about it?",275,28,How do you feel about its role in helping you deal with stress?,,,,
4,6127b32b912465823dca1e4b,counsellor,111,10,"It seems like smoking has become a tool for managing stress as well. It’s understandable how it could feel like a moment of calm amidst chaos. How do you feel about its role in helping you deal with stress? Do you find it effective, or are there any mixed feelings about it?",276,29,"Do you find it effective, or are there any mixed feelings about it?",,,,
4,6127b32b912465823dca1e4b,client,112,11,it helps,277,30,it helps,S,"The client's statement 'it helps' indicates a reason for maintaining the target behavior (smoking) as a way to manage stress, which aligns with Sustain Talk.",R-,"The client's statement 'it helps' indicates that smoking serves a purpose in managing stress, which is a reason for maintaining the target behaviour."
4,6127b32b912465823dca1e4b,counsellor,113,12,"It seems that smoking is a reliable way for you to find some relief and cope with stress. That's really important. While it helps, are there any downsides or concerns you've noticed about smoking in your life?",278,31,It seems that smoking is a reliable way for you to find some relief and cope with stress.,,,,
4,6127b32b912465823dca1e4b,counsellor,113,12,"It seems that smoking is a reliable way for you to find some relief and cope with stress. That's really important. While it helps, are there any downsides or concerns you've noticed about smoking in your life?",279,32,That's really important.,,,,
4,6127b32b912465823dca1e4b,counsellor,113,12,"It seems that smoking is a reliable way for you to find some relief and cope with stress. That's really important. While it helps, are there any downsides or concerns you've noticed about smoking in your life?",280,33,"While it helps, are there any downsides or concerns you've noticed about smoking in your life?",,,,
4,6127b32b912465823dca1e4b,client,114,13,usual stuff smell etc,281,34,usual stuff,N,The client's response is vague and does not clearly express a stance toward changing or maintaining the target behavior. It lacks specific content that would indicate change talk or sustain talk.,N,The client's response is vague and does not clearly support or oppose change. It lacks specific content that would indicate a direction towards or away from change.
4,6127b32b912465823dca1e4b,client,114,13,usual stuff smell etc,282,35,smell,N,"The client's utterance 'smell' is a brief and vague response that does not clearly indicate a stance toward changing or maintaining the target behavior. It could be a neutral observation or a hint at a downside, but it lacks the context to be definitively classified as change talk or sustain talk.",N,The client's utterance 'smell' is too brief and lacks context to clearly indicate support or opposition to change.
4,6127b32b912465823dca1e4b,client,114,13,usual stuff smell etc,283,36,etc,N,The client's utterance is incomplete and does not provide enough information to determine a stance toward changing or maintaining the target behavior.,N,"The client's utterance is not provided, so it is impossible to determine if it supports or opposes change."
4,6127b32b912465823dca1e4b,counsellor,115,14,"It sounds like the common downsides like the smell are noticeable to you, even though smoking helps in other ways. Balancing these benefits and downsides can be difficult at times. Is there anything else about smoking that you'd like to talk about today?",284,37,"It sounds like the common downsides like the smell are noticeable to you, even though smoking helps in other ways.",,,,
4,6127b32b912465823dca1e4b,counsellor,115,14,"It sounds like the common downsides like the smell are noticeable to you, even though smoking helps in other ways. Balancing these benefits and downsides can be difficult at times. Is there anything else about smoking that you'd like to talk about today?",285,38,Balancing these benefits and downsides can be difficult at times.,,,,
4,6127b32b912465823dca1e4b,counsellor,115,14,"It sounds like the common downsides like the smell are noticeable to you, even though smoking helps in other ways. Balancing these benefits and downsides can be difficult at times. Is there anything else about smoking that you'd like to talk about today?",286,39,Is there anything else about smoking that you'd like to talk about today?,,,,
4,6127b32b912465823dca1e4b,client,116,15,arent u supposed to help me quit?,287,40,arent u supposed to help me quit?,C,"The client is indirectly expressing a desire for the counsellor to support their change efforts, which aligns with a stance toward changing the target behavior.",N+,"The client is indirectly expressing a need for the counsellor's assistance in quitting, which implies a recognition of the need to change."
4,6127b32b912465823dca1e4b,counsellor,117,16,"I'm here to support you in exploring your feelings about smoking and help you find your own path forward. If quitting is something you'd like to discuss, we can certainly talk about that together. How do you feel about the idea of quitting or cutting back on smoking right now?",288,41,I'm here to support you in exploring your feelings about smoking and help you find your own path forward.,,,,
4,6127b32b912465823dca1e4b,counsellor,117,16,"I'm here to support you in exploring your feelings about smoking and help you find your own path forward. If quitting is something you'd like to discuss, we can certainly talk about that together. How do you feel about the idea of quitting or cutting back on smoking right now?",289,42,"If quitting is something you'd like to discuss, we can certainly talk about that together.",,,,
4,6127b32b912465823dca1e4b,counsellor,117,16,"I'm here to support you in exploring your feelings about smoking and help you find your own path forward. If quitting is something you'd like to discuss, we can certainly talk about that together. How do you feel about the idea of quitting or cutting back on smoking right now?",290,43,How do you feel about the idea of quitting or cutting back on smoking right now?,,,,
4,6127b32b912465823dca1e4b,client,118,17,scared,291,44,scared,N,The client's utterance 'scared' does not clearly indicate a stance toward changing or maintaining the behavior. It expresses an emotional state but does not provide a clear direction.,N,The client's response 'scared' does not clearly support or oppose change; it expresses an emotional reaction but does not indicate a direction toward or away from change.
4,6127b32b912465823dca1e4b,counsellor,119,18,"Thank you for sharing that. Feeling scared is a very natural reaction, especially when thinking about making a change. It's understandable considering how smoking has been a part of your life for so long. What fears or concerns come up for you when you think about quitting or cutting back?",292,45,Thank you for sharing that.,,,,
4,6127b32b912465823dca1e4b,counsellor,119,18,"Thank you for sharing that. Feeling scared is a very natural reaction, especially when thinking about making a change. It's understandable considering how smoking has been a part of your life for so long. What fears or concerns come up for you when you think about quitting or cutting back?",293,46,"Feeling scared is a very natural reaction, especially when thinking about making a change.",,,,
4,6127b32b912465823dca1e4b,counsellor,119,18,"Thank you for sharing that. Feeling scared is a very natural reaction, especially when thinking about making a change. It's understandable considering how smoking has been a part of your life for so long. What fears or concerns come up for you when you think about quitting or cutting back?",294,47,It's understandable considering how smoking has been a part of your life for so long.,,,,
4,6127b32b912465823dca1e4b,counsellor,119,18,"Thank you for sharing that. Feeling scared is a very natural reaction, especially when thinking about making a change. It's understandable considering how smoking has been a part of your life for so long. What fears or concerns come up for you when you think about quitting or cutting back?",295,48,What fears or concerns come up for you when you think about quitting or cutting back?,,,,
4,6127b32b912465823dca1e4b,client,120,19,im a nervous person always have been,296,49,I'm a nervous person,N,The client's statement 'I'm a nervous person' does not clearly indicate a stance toward changing or maintaining the target behavior. It is a general statement about their personality and does not provide insight into their thoughts about smoking.,N,The client's utterance 'I'm a nervous person' does not clearly support or oppose change. It provides context about their general state but does not indicate a stance on the change being discussed.
4,6127b32b912465823dca1e4b,client,120,19,im a nervous person always have been,297,50,always have been,N,The client's utterance 'always have been' is a brief and incomplete statement that does not clearly express a stance toward changing or maintaining the target behavior. It lacks the context to indicate a specific position on smoking.,N,"The client's utterance 'always have been' does not clearly support or oppose change. It is a brief, neutral statement that does not provide insight into the client's motivation or resistance."
4,6127b32b912465823dca1e4b,counsellor,121,20,"It seems like smoking has been a way to manage some of those nervous feelings over the years. That makes a lot of sense if it's been a source of comfort for you. When you think about change, what would reassure you or make it feel safer?",298,51,It seems like smoking has been a way to manage some of those nervous feelings over the years.,,,,
4,6127b32b912465823dca1e4b,counsellor,121,20,"It seems like smoking has been a way to manage some of those nervous feelings over the years. That makes a lot of sense if it's been a source of comfort for you. When you think about change, what would reassure you or make it feel safer?",299,52,That makes a lot of sense if it's been a source of comfort for you.,,,,
4,6127b32b912465823dca1e4b,counsellor,121,20,"It seems like smoking has been a way to manage some of those nervous feelings over the years. That makes a lot of sense if it's been a source of comfort for you. When you think about change, what would reassure you or make it feel safer?",300,53,"When you think about change, what would reassure you or make it feel safer?",,,,
4,6127b32b912465823dca1e4b,client,122,21,i dont know any suggestions?,301,54,i dont know,N,The client's response 'I don't know' does not clearly express a stance toward changing or maintaining the target behavior. It is a neutral statement that indicates uncertainty.,N,"The client's response 'I don't know' does not clearly support or oppose change. It indicates uncertainty or ambivalence, but does not provide a clear direction."
4,6127b32b912465823dca1e4b,client,122,21,i dont know any suggestions?,302,55,any suggestions?,N,"The client is asking for suggestions, which does not clearly indicate a stance toward changing or maintaining the target behavior. It is a neutral request for information.",N,The client's utterance 'any suggestions?' does not clearly support or oppose change. It is a request for guidance rather than a statement of intent or resistance.
4,6127b32b912465823dca1e4b,counsellor,123,22,"We can explore some ideas together if you're open to it. Before we jump into that, is there anything else on your mind that you’d like to discuss first?",303,56,We can explore some ideas together if you're open to it.,,,,
4,6127b32b912465823dca1e4b,counsellor,123,22,"We can explore some ideas together if you're open to it. Before we jump into that, is there anything else on your mind that you’d like to discuss first?",304,57,"Before we jump into that, is there anything else on your mind that you’d like to discuss first?",,,,
4,6127b32b912465823dca1e4b,client,124,23,"no, id just like some ideas/suggestions",305,58,"no, id just like some ideas/suggestions",N,"The client is not expressing a clear stance toward changing or maintaining the target behavior. They are simply asking for ideas or suggestions, which is a neutral request.",N,The client's response does not clearly support or oppose change; it simply indicates a readiness to hear suggestions.
4,6127b32b912465823dca1e4b,counsellor,125,24,"Great, I appreciate your openness to explore some ideas. From what we've talked about, smoking is closely tied to relaxation and managing stress. We could think about finding small ways to introduce other calming activities or routines that might give you that similar sense of relaxation. 

Would it be alright if we explore different options that have worked for others, and see if anything resonates with you?",306,59,"Great, I appreciate your openness to explore some ideas.",,,,
4,6127b32b912465823dca1e4b,counsellor,125,24,"Great, I appreciate your openness to explore some ideas. From what we've talked about, smoking is closely tied to relaxation and managing stress. We could think about finding small ways to introduce other calming activities or routines that might give you that similar sense of relaxation. 

Would it be alright if we explore different options that have worked for others, and see if anything resonates with you?",307,60,"From what we've talked about, smoking is closely tied to relaxation and managing stress.",,,,
4,6127b32b912465823dca1e4b,counsellor,125,24,"Great, I appreciate your openness to explore some ideas. From what we've talked about, smoking is closely tied to relaxation and managing stress. We could think about finding small ways to introduce other calming activities or routines that might give you that similar sense of relaxation. 

Would it be alright if we explore different options that have worked for others, and see if anything resonates with you?",308,61,We could think about finding small ways to introduce other calming activities or routines that might give you that similar sense of relaxation.,,,,
4,6127b32b912465823dca1e4b,counsellor,125,24,"Great, I appreciate your openness to explore some ideas. From what we've talked about, smoking is closely tied to relaxation and managing stress. We could think about finding small ways to introduce other calming activities or routines that might give you that similar sense of relaxation. 

Would it be alright if we explore different options that have worked for others, and see if anything resonates with you?",309,62,"Would it be alright if we explore different options that have worked for others, and see if anything resonates with you?",,,,
4,6127b32b912465823dca1e4b,client,126,25,yes please,310,63,yes please,N,The client's response 'yes please' is a neutral affirmation to the counsellor's suggestion to explore different options. It does not express a clear stance toward changing or maintaining the target behavior.,N,"The client's response 'yes please' indicates a willingness to explore different options, but it does not clearly support or oppose change. It is a neutral response that shows openness to the counsellor's suggestion."
4,6127b32b912465823dca1e4b,counsellor,127,26,"Some people have found activities like deep breathing exercises, short walks, or even listening to music helpful for relaxation. Others enjoy finding a hobby that keeps their hands busy, like drawing or puzzles. Since you mentioned that you're a nervous person, setting up a calming routine or environment could also help. How do these ideas sound to you? Any that you think could potentially fit into your lifestyle?",311,64,"Some people have found activities like deep breathing exercises, short walks, or even listening to music helpful for relaxation.",,,,
4,6127b32b912465823dca1e4b,counsellor,127,26,"Some people have found activities like deep breathing exercises, short walks, or even listening to music helpful for relaxation. Others enjoy finding a hobby that keeps their hands busy, like drawing or puzzles. Since you mentioned that you're a nervous person, setting up a calming routine or environment could also help. How do these ideas sound to you? Any that you think could potentially fit into your lifestyle?",312,65,"Others enjoy finding a hobby that keeps their hands busy, like drawing or puzzles.",,,,
4,6127b32b912465823dca1e4b,counsellor,127,26,"Some people have found activities like deep breathing exercises, short walks, or even listening to music helpful for relaxation. Others enjoy finding a hobby that keeps their hands busy, like drawing or puzzles. Since you mentioned that you're a nervous person, setting up a calming routine or environment could also help. How do these ideas sound to you? Any that you think could potentially fit into your lifestyle?",313,66,"Since you mentioned that you're a nervous person, setting up a calming routine or environment could also help.",,,,
4,6127b32b912465823dca1e4b,counsellor,127,26,"Some people have found activities like deep breathing exercises, short walks, or even listening to music helpful for relaxation. Others enjoy finding a hobby that keeps their hands busy, like drawing or puzzles. Since you mentioned that you're a nervous person, setting up a calming routine or environment could also help. How do these ideas sound to you? Any that you think could potentially fit into your lifestyle?",314,67,How do these ideas sound to you?,,,,
4,6127b32b912465823dca1e4b,counsellor,127,26,"Some people have found activities like deep breathing exercises, short walks, or even listening to music helpful for relaxation. Others enjoy finding a hobby that keeps their hands busy, like drawing or puzzles. Since you mentioned that you're a nervous person, setting up a calming routine or environment could also help. How do these ideas sound to you? Any that you think could potentially fit into your lifestyle?",315,68,Any that you think could potentially fit into your lifestyle?,,,,
4,6127b32b912465823dca1e4b,client,128,27,i have a routine already,316,69,i have a routine already,N,The client is providing information about their current routine without expressing a clear stance toward changing or maintaining the target behavior.,N,"The client's response indicates that they already have a routine in place, but it does not clearly support or oppose the idea of making changes to it. The response is neutral and does not provide further information about their willingness to change."
4,6127b32b912465823dca1e4b,counsellor,129,28,"Having a routine is great. Sometimes weaving in small changes or additions can make a difference, especially if it aligns with what you're already used to. Is there any part of your current routine where you feel it might be easiest to try something new? If you could envision a small change, what might it look like for you?",317,70,Having a routine is great.,,,,
4,6127b32b912465823dca1e4b,counsellor,129,28,"Having a routine is great. Sometimes weaving in small changes or additions can make a difference, especially if it aligns with what you're already used to. Is there any part of your current routine where you feel it might be easiest to try something new? If you could envision a small change, what might it look like for you?",318,71,"Sometimes weaving in small changes or additions can make a difference, especially if it aligns with what you're already used to.",,,,
4,6127b32b912465823dca1e4b,counsellor,129,28,"Having a routine is great. Sometimes weaving in small changes or additions can make a difference, especially if it aligns with what you're already used to. Is there any part of your current routine where you feel it might be easiest to try something new? If you could envision a small change, what might it look like for you?",319,72,Is there any part of your current routine where you feel it might be easiest to try something new?,,,,
4,6127b32b912465823dca1e4b,counsellor,129,28,"Having a routine is great. Sometimes weaving in small changes or additions can make a difference, especially if it aligns with what you're already used to. Is there any part of your current routine where you feel it might be easiest to try something new? If you could envision a small change, what might it look like for you?",320,73,"If you could envision a small change, what might it look like for you?",,,,
4,6127b32b912465823dca1e4b,client,130,29,i was wondering about things that could help with withdrawel?,321,74,i was wondering about things that could help with withdrawel?,N,"The client is asking a question about ways to help with withdrawal, which does not clearly indicate a stance toward changing or maintaining the target behavior. It is a neutral inquiry.",N,"The client's utterance does not clearly support or oppose change. It is a question seeking information about ways to help with withdrawal, which does not indicate a clear stance on change."
4,6127b32b912465823dca1e4b,counsellor,131,30,"I appreciate you bringing that up. Withdrawal can indeed be challenging, and preparing for it is wise. Some people find that using nicotine replacement therapies such as patches or gum helps to ease the transition. These can provide nicotine in a safer way while you work on adjusting your habits.

Others find support groups or speaking with friends or family helpful during this time. What do you think about these options? Is there one that might make withdrawal feel a bit more manageable for you?",322,75,I appreciate you bringing that up.,,,,
4,6127b32b912465823dca1e4b,counsellor,131,30,"I appreciate you bringing that up. Withdrawal can indeed be challenging, and preparing for it is wise. Some people find that using nicotine replacement therapies such as patches or gum helps to ease the transition. These can provide nicotine in a safer way while you work on adjusting your habits.

Others find support groups or speaking with friends or family helpful during this time. What do you think about these options? Is there one that might make withdrawal feel a bit more manageable for you?",323,76,"Withdrawal can indeed be challenging, and preparing for it is wise.",,,,
4,6127b32b912465823dca1e4b,counsellor,131,30,"I appreciate you bringing that up. Withdrawal can indeed be challenging, and preparing for it is wise. Some people find that using nicotine replacement therapies such as patches or gum helps to ease the transition. These can provide nicotine in a safer way while you work on adjusting your habits.

Others find support groups or speaking with friends or family helpful during this time. What do you think about these options? Is there one that might make withdrawal feel a bit more manageable for you?",324,77,Some people find that using nicotine replacement therapies such as patches or gum helps to ease the transition.,,,,
4,6127b32b912465823dca1e4b,counsellor,131,30,"I appreciate you bringing that up. Withdrawal can indeed be challenging, and preparing for it is wise. Some people find that using nicotine replacement therapies such as patches or gum helps to ease the transition. These can provide nicotine in a safer way while you work on adjusting your habits.

Others find support groups or speaking with friends or family helpful during this time. What do you think about these options? Is there one that might make withdrawal feel a bit more manageable for you?",325,78,These can provide nicotine in a safer way while you work on adjusting your habits.,,,,
4,6127b32b912465823dca1e4b,counsellor,131,30,"I appreciate you bringing that up. Withdrawal can indeed be challenging, and preparing for it is wise. Some people find that using nicotine replacement therapies such as patches or gum helps to ease the transition. These can provide nicotine in a safer way while you work on adjusting your habits.

Others find support groups or speaking with friends or family helpful during this time. What do you think about these options? Is there one that might make withdrawal feel a bit more manageable for you?",326,79,Others find support groups or speaking with friends or family helpful during this time.,,,,
4,6127b32b912465823dca1e4b,counsellor,131,30,"I appreciate you bringing that up. Withdrawal can indeed be challenging, and preparing for it is wise. Some people find that using nicotine replacement therapies such as patches or gum helps to ease the transition. These can provide nicotine in a safer way while you work on adjusting your habits.

Others find support groups or speaking with friends or family helpful during this time. What do you think about these options? Is there one that might make withdrawal feel a bit more manageable for you?",327,80,What do you think about these options?,,,,
4,6127b32b912465823dca1e4b,counsellor,131,30,"I appreciate you bringing that up. Withdrawal can indeed be challenging, and preparing for it is wise. Some people find that using nicotine replacement therapies such as patches or gum helps to ease the transition. These can provide nicotine in a safer way while you work on adjusting your habits.

Others find support groups or speaking with friends or family helpful during this time. What do you think about these options? Is there one that might make withdrawal feel a bit more manageable for you?",328,81,Is there one that might make withdrawal feel a bit more manageable for you?,,,,
4,6127b32b912465823dca1e4b,client,132,31,nicotine replacement-whats the techniques used?,329,82,nicotine replacement-whats the techniques used?,N,"The client is asking a question about nicotine replacement techniques, which does not clearly indicate a stance toward changing or maintaining the target behavior. It is a neutral inquiry for more information.",N,"The client's utterance is a request for more information about nicotine replacement techniques, which does not clearly support or oppose change."
4,6127b32b912465823dca1e4b,counsellor,133,32,"Nicotine replacement therapies (NRTs) are designed to help by giving your body a lower dose of nicotine without the harmful chemicals found in cigarettes. They come in various forms like patches, gum, lozenges, or even inhalers and nasal sprays. These can be used to gradually reduce your nicotine intake, which can help with withdrawal symptoms.

Typically, people start with a higher dose matching their current nicotine levels and then slowly decrease it over time. Some combine NRT with behavioral changes or counseling for more support. It might be useful to discuss these options with a healthcare professional to determine what fits best for you.

Does this approach sound like something you'd consider exploring further?",330,83,Nicotine replacement therapies (NRTs) are designed to help by giving your body a lower dose of nicotine without the harmful chemicals found in cigarettes.,,,,
4,6127b32b912465823dca1e4b,counsellor,133,32,"Nicotine replacement therapies (NRTs) are designed to help by giving your body a lower dose of nicotine without the harmful chemicals found in cigarettes. They come in various forms like patches, gum, lozenges, or even inhalers and nasal sprays. These can be used to gradually reduce your nicotine intake, which can help with withdrawal symptoms.

Typically, people start with a higher dose matching their current nicotine levels and then slowly decrease it over time. Some combine NRT with behavioral changes or counseling for more support. It might be useful to discuss these options with a healthcare professional to determine what fits best for you.

Does this approach sound like something you'd consider exploring further?",331,84,"They come in various forms like patches, gum, lozenges, or even inhalers and nasal sprays.",,,,
4,6127b32b912465823dca1e4b,counsellor,133,32,"Nicotine replacement therapies (NRTs) are designed to help by giving your body a lower dose of nicotine without the harmful chemicals found in cigarettes. They come in various forms like patches, gum, lozenges, or even inhalers and nasal sprays. These can be used to gradually reduce your nicotine intake, which can help with withdrawal symptoms.

Typically, people start with a higher dose matching their current nicotine levels and then slowly decrease it over time. Some combine NRT with behavioral changes or counseling for more support. It might be useful to discuss these options with a healthcare professional to determine what fits best for you.

Does this approach sound like something you'd consider exploring further?",332,85,"These can be used to gradually reduce your nicotine intake, which can help with withdrawal symptoms.",,,,
4,6127b32b912465823dca1e4b,counsellor,133,32,"Nicotine replacement therapies (NRTs) are designed to help by giving your body a lower dose of nicotine without the harmful chemicals found in cigarettes. They come in various forms like patches, gum, lozenges, or even inhalers and nasal sprays. These can be used to gradually reduce your nicotine intake, which can help with withdrawal symptoms.

Typically, people start with a higher dose matching their current nicotine levels and then slowly decrease it over time. Some combine NRT with behavioral changes or counseling for more support. It might be useful to discuss these options with a healthcare professional to determine what fits best for you.

Does this approach sound like something you'd consider exploring further?",333,86,"Typically, people start with a higher dose matching their current nicotine levels and then slowly decrease it over time.",,,,
4,6127b32b912465823dca1e4b,counsellor,133,32,"Nicotine replacement therapies (NRTs) are designed to help by giving your body a lower dose of nicotine without the harmful chemicals found in cigarettes. They come in various forms like patches, gum, lozenges, or even inhalers and nasal sprays. These can be used to gradually reduce your nicotine intake, which can help with withdrawal symptoms.

Typically, people start with a higher dose matching their current nicotine levels and then slowly decrease it over time. Some combine NRT with behavioral changes or counseling for more support. It might be useful to discuss these options with a healthcare professional to determine what fits best for you.

Does this approach sound like something you'd consider exploring further?",334,87,Some combine NRT with behavioral changes or counseling for more support.,,,,
4,6127b32b912465823dca1e4b,counsellor,133,32,"Nicotine replacement therapies (NRTs) are designed to help by giving your body a lower dose of nicotine without the harmful chemicals found in cigarettes. They come in various forms like patches, gum, lozenges, or even inhalers and nasal sprays. These can be used to gradually reduce your nicotine intake, which can help with withdrawal symptoms.

Typically, people start with a higher dose matching their current nicotine levels and then slowly decrease it over time. Some combine NRT with behavioral changes or counseling for more support. It might be useful to discuss these options with a healthcare professional to determine what fits best for you.

Does this approach sound like something you'd consider exploring further?",335,88,It might be useful to discuss these options with a healthcare professional to determine what fits best for you.,,,,
4,6127b32b912465823dca1e4b,counsellor,133,32,"Nicotine replacement therapies (NRTs) are designed to help by giving your body a lower dose of nicotine without the harmful chemicals found in cigarettes. They come in various forms like patches, gum, lozenges, or even inhalers and nasal sprays. These can be used to gradually reduce your nicotine intake, which can help with withdrawal symptoms.

Typically, people start with a higher dose matching their current nicotine levels and then slowly decrease it over time. Some combine NRT with behavioral changes or counseling for more support. It might be useful to discuss these options with a healthcare professional to determine what fits best for you.

Does this approach sound like something you'd consider exploring further?",336,89,Does this approach sound like something you'd consider exploring further?,,,,
4,6127b32b912465823dca1e4b,client,134,33,yeah maybe,337,90,yeah maybe,N,The client's response is non-committal and does not clearly express a stance toward changing or maintaining the target behavior. It is a vague acknowledgment that does not indicate a clear direction.,N,The client's response 'yeah maybe' does not clearly support or oppose the idea of exploring NRTs. It is a non-committal response that does not indicate a clear direction.
4,6127b32b912465823dca1e4b,counsellor,135,34,It’s great that considering nicotine replacement as a possibility feels okay for you. It's normal to take time to decide what feels right. Is there any other information or support you feel you might need as you think about next steps?,338,91,It’s great that considering nicotine replacement as a possibility feels okay for you.,,,,
4,6127b32b912465823dca1e4b,counsellor,135,34,It’s great that considering nicotine replacement as a possibility feels okay for you. It's normal to take time to decide what feels right. Is there any other information or support you feel you might need as you think about next steps?,339,92,It's normal to take time to decide what feels right.,,,,
4,6127b32b912465823dca1e4b,counsellor,135,34,It’s great that considering nicotine replacement as a possibility feels okay for you. It's normal to take time to decide what feels right. Is there any other information or support you feel you might need as you think about next steps?,340,93,Is there any other information or support you feel you might need as you think about next steps?,,,,
4,6127b32b912465823dca1e4b,client,136,35,"its the wobbly jitters i fear, would this help with that?",341,94,"its the wobbly jitters i fear,",S,"The client expresses a specific concern about the physical symptoms (wobbly jitters) associated with quitting, which indicates a hesitation or fear about the change process. This aligns with sustain talk as it reflects a reason for maintaining the current behavior.",R-,"The client expresses a specific concern about the physical symptoms (wobbly jitters) associated with quitting, which indicates a reason for maintaining the current behavior."
4,6127b32b912465823dca1e4b,client,136,35,"its the wobbly jitters i fear, would this help with that?",342,95,would this help with that?,N,"The client is asking a question to gather more information about nicotine replacement, which does not clearly indicate a stance toward changing or maintaining the target behavior.",N,"The client's utterance is a question seeking more information about the potential benefits of nicotine replacement, which does not clearly support or oppose change."
4,6127b32b912465823dca1e4b,counsellor,137,36,"Many people find that nicotine replacement can help reduce those jitters by providing a steadier, controlled amount of nicotine to the body. The idea is to minimize those intense withdrawal symptoms while you transition. Everyone's experience is unique, so finding the right type and dosage would be important. Does knowing that it could help with the jitters make you feel more at ease with considering it?",343,96,"Many people find that nicotine replacement can help reduce those jitters by providing a steadier, controlled amount of nicotine to the body.",,,,
4,6127b32b912465823dca1e4b,counsellor,137,36,"Many people find that nicotine replacement can help reduce those jitters by providing a steadier, controlled amount of nicotine to the body. The idea is to minimize those intense withdrawal symptoms while you transition. Everyone's experience is unique, so finding the right type and dosage would be important. Does knowing that it could help with the jitters make you feel more at ease with considering it?",344,97,The idea is to minimize those intense withdrawal symptoms while you transition.,,,,
4,6127b32b912465823dca1e4b,counsellor,137,36,"Many people find that nicotine replacement can help reduce those jitters by providing a steadier, controlled amount of nicotine to the body. The idea is to minimize those intense withdrawal symptoms while you transition. Everyone's experience is unique, so finding the right type and dosage would be important. Does knowing that it could help with the jitters make you feel more at ease with considering it?",345,98,"Everyone's experience is unique, so finding the right type and dosage would be important.",,,,
4,6127b32b912465823dca1e4b,counsellor,137,36,"Many people find that nicotine replacement can help reduce those jitters by providing a steadier, controlled amount of nicotine to the body. The idea is to minimize those intense withdrawal symptoms while you transition. Everyone's experience is unique, so finding the right type and dosage would be important. Does knowing that it could help with the jitters make you feel more at ease with considering it?",346,99,Does knowing that it could help with the jitters make you feel more at ease with considering it?,,,,
4,6127b32b912465823dca1e4b,client,138,37,oh yes,347,100,oh yes,C,"The client's response 'oh yes' indicates a positive reaction to the counsellor's suggestion about nicotine replacement, suggesting a willingness to consider it. This aligns with a stance toward change.",AC+,"The client's response 'oh yes' indicates a positive reaction to the counsellor's suggestion about nicotine replacement, suggesting a willingness to consider it. This leans towards activation towards action."
4,6127b32b912465823dca1e4b,counsellor,139,38,I'm glad to hear that. Feeling a bit more at ease can certainly make the process less daunting. We've covered a lot today about your relationship with smoking and some potential paths forward. Is there anything else you'd like to discuss before we wrap up for now?,348,101,I'm glad to hear that.,,,,
4,6127b32b912465823dca1e4b,counsellor,139,38,I'm glad to hear that. Feeling a bit more at ease can certainly make the process less daunting. We've covered a lot today about your relationship with smoking and some potential paths forward. Is there anything else you'd like to discuss before we wrap up for now?,349,102,Feeling a bit more at ease can certainly make the process less daunting.,,,,
4,6127b32b912465823dca1e4b,counsellor,139,38,I'm glad to hear that. Feeling a bit more at ease can certainly make the process less daunting. We've covered a lot today about your relationship with smoking and some potential paths forward. Is there anything else you'd like to discuss before we wrap up for now?,350,103,We've covered a lot today about your relationship with smoking and some potential paths forward.,,,,
4,6127b32b912465823dca1e4b,counsellor,139,38,I'm glad to hear that. Feeling a bit more at ease can certainly make the process less daunting. We've covered a lot today about your relationship with smoking and some potential paths forward. Is there anything else you'd like to discuss before we wrap up for now?,351,104,Is there anything else you'd like to discuss before we wrap up for now?,,,,
4,6127b32b912465823dca1e4b,client,140,39,no youve helped a lot thanks,352,105,no,N,The client's response 'no' is brief and does not provide any clear indication of a stance toward changing or maintaining the target behavior. It simply indicates that they have no additional topics to discuss.,N,The client's response 'no' does not clearly support or oppose change; it simply indicates that they do not have anything else to add at the moment.
4,6127b32b912465823dca1e4b,client,140,39,no youve helped a lot thanks,353,106,you've helped a lot,N,The client's utterance 'you've helped a lot' is a positive feedback to the counsellor but does not clearly express a stance toward changing or maintaining the target behavior. It is more of a neutral statement of appreciation.,N,The client's utterance does not clearly indicate a stance on change. It is a general positive feedback to the counsellor's support.
4,6127b32b912465823dca1e4b,client,140,39,no youve helped a lot thanks,354,107,thanks,N,The client's utterance 'thanks' is a general expression of gratitude and does not clearly indicate a stance toward changing or maintaining the target behavior.,N,The client's utterance 'thanks' does not clearly support or oppose change. It is a general expression of gratitude without any specific indication of change-related intent.
4,6127b32b912465823dca1e4b,counsellor,141,40,"Thank you for the conversation today. I'd like to take a moment to summarize what we've discussed. 

You've shared that you've been smoking for quite some time, and it provides a sense of relaxation and stress relief for you, particularly in moments after meals and during stressful times. While you enjoy smoking, there are typical downsides like the smell that you're aware of. We explored your thoughts on quitting, and feelings of nervousness and fear you associate with change.

You expressed interest in nicotine replacement therapies as a potential way to manage withdrawal symptoms, especially the fear of feeling jittery, and we discussed how these therapies might provide relief by delivering a steady amount of nicotine. You mentioned that understanding this option more made you feel more at ease. 

I'm here to support you as you consider your next steps, and I'm glad that reflecting on these options has been helpful. If there's anything more you'd like to delve into another time, feel free to reach out.

Would you like to continue the conversation?",355,108,Thank you for the conversation today.,,,,
4,6127b32b912465823dca1e4b,counsellor,141,40,"Thank you for the conversation today. I'd like to take a moment to summarize what we've discussed. 

You've shared that you've been smoking for quite some time, and it provides a sense of relaxation and stress relief for you, particularly in moments after meals and during stressful times. While you enjoy smoking, there are typical downsides like the smell that you're aware of. We explored your thoughts on quitting, and feelings of nervousness and fear you associate with change.

You expressed interest in nicotine replacement therapies as a potential way to manage withdrawal symptoms, especially the fear of feeling jittery, and we discussed how these therapies might provide relief by delivering a steady amount of nicotine. You mentioned that understanding this option more made you feel more at ease. 

I'm here to support you as you consider your next steps, and I'm glad that reflecting on these options has been helpful. If there's anything more you'd like to delve into another time, feel free to reach out.

Would you like to continue the conversation?",356,109,I'd like to take a moment to summarize what we've discussed.,,,,
4,6127b32b912465823dca1e4b,counsellor,141,40,"Thank you for the conversation today. I'd like to take a moment to summarize what we've discussed. 

You've shared that you've been smoking for quite some time, and it provides a sense of relaxation and stress relief for you, particularly in moments after meals and during stressful times. While you enjoy smoking, there are typical downsides like the smell that you're aware of. We explored your thoughts on quitting, and feelings of nervousness and fear you associate with change.

You expressed interest in nicotine replacement therapies as a potential way to manage withdrawal symptoms, especially the fear of feeling jittery, and we discussed how these therapies might provide relief by delivering a steady amount of nicotine. You mentioned that understanding this option more made you feel more at ease. 

I'm here to support you as you consider your next steps, and I'm glad that reflecting on these options has been helpful. If there's anything more you'd like to delve into another time, feel free to reach out.

Would you like to continue the conversation?",357,110,"You've shared that you've been smoking for quite some time, and it provides a sense of relaxation and stress relief for you, particularly in moments after meals and during stressful times.",,,,
4,6127b32b912465823dca1e4b,counsellor,141,40,"Thank you for the conversation today. I'd like to take a moment to summarize what we've discussed. 

You've shared that you've been smoking for quite some time, and it provides a sense of relaxation and stress relief for you, particularly in moments after meals and during stressful times. While you enjoy smoking, there are typical downsides like the smell that you're aware of. We explored your thoughts on quitting, and feelings of nervousness and fear you associate with change.

You expressed interest in nicotine replacement therapies as a potential way to manage withdrawal symptoms, especially the fear of feeling jittery, and we discussed how these therapies might provide relief by delivering a steady amount of nicotine. You mentioned that understanding this option more made you feel more at ease. 

I'm here to support you as you consider your next steps, and I'm glad that reflecting on these options has been helpful. If there's anything more you'd like to delve into another time, feel free to reach out.

Would you like to continue the conversation?",358,111,"While you enjoy smoking, there are typical downsides like the smell that you're aware of.",,,,
4,6127b32b912465823dca1e4b,counsellor,141,40,"Thank you for the conversation today. I'd like to take a moment to summarize what we've discussed. 

You've shared that you've been smoking for quite some time, and it provides a sense of relaxation and stress relief for you, particularly in moments after meals and during stressful times. While you enjoy smoking, there are typical downsides like the smell that you're aware of. We explored your thoughts on quitting, and feelings of nervousness and fear you associate with change.

You expressed interest in nicotine replacement therapies as a potential way to manage withdrawal symptoms, especially the fear of feeling jittery, and we discussed how these therapies might provide relief by delivering a steady amount of nicotine. You mentioned that understanding this option more made you feel more at ease. 

I'm here to support you as you consider your next steps, and I'm glad that reflecting on these options has been helpful. If there's anything more you'd like to delve into another time, feel free to reach out.

Would you like to continue the conversation?",359,112,"We explored your thoughts on quitting, and feelings of nervousness and fear you associate with change.",,,,
4,6127b32b912465823dca1e4b,counsellor,141,40,"Thank you for the conversation today. I'd like to take a moment to summarize what we've discussed. 

You've shared that you've been smoking for quite some time, and it provides a sense of relaxation and stress relief for you, particularly in moments after meals and during stressful times. While you enjoy smoking, there are typical downsides like the smell that you're aware of. We explored your thoughts on quitting, and feelings of nervousness and fear you associate with change.

You expressed interest in nicotine replacement therapies as a potential way to manage withdrawal symptoms, especially the fear of feeling jittery, and we discussed how these therapies might provide relief by delivering a steady amount of nicotine. You mentioned that understanding this option more made you feel more at ease. 

I'm here to support you as you consider your next steps, and I'm glad that reflecting on these options has been helpful. If there's anything more you'd like to delve into another time, feel free to reach out.

Would you like to continue the conversation?",360,113,"You expressed interest in nicotine replacement therapies as a potential way to manage withdrawal symptoms, especially the fear of feeling jittery, and we discussed how these therapies might provide relief by delivering a steady amount of nicotine.",,,,
4,6127b32b912465823dca1e4b,counsellor,141,40,"Thank you for the conversation today. I'd like to take a moment to summarize what we've discussed. 

You've shared that you've been smoking for quite some time, and it provides a sense of relaxation and stress relief for you, particularly in moments after meals and during stressful times. While you enjoy smoking, there are typical downsides like the smell that you're aware of. We explored your thoughts on quitting, and feelings of nervousness and fear you associate with change.

You expressed interest in nicotine replacement therapies as a potential way to manage withdrawal symptoms, especially the fear of feeling jittery, and we discussed how these therapies might provide relief by delivering a steady amount of nicotine. You mentioned that understanding this option more made you feel more at ease. 

I'm here to support you as you consider your next steps, and I'm glad that reflecting on these options has been helpful. If there's anything more you'd like to delve into another time, feel free to reach out.

Would you like to continue the conversation?",361,114,You mentioned that understanding this option more made you feel more at ease.,,,,
4,6127b32b912465823dca1e4b,counsellor,141,40,"Thank you for the conversation today. I'd like to take a moment to summarize what we've discussed. 

You've shared that you've been smoking for quite some time, and it provides a sense of relaxation and stress relief for you, particularly in moments after meals and during stressful times. While you enjoy smoking, there are typical downsides like the smell that you're aware of. We explored your thoughts on quitting, and feelings of nervousness and fear you associate with change.

You expressed interest in nicotine replacement therapies as a potential way to manage withdrawal symptoms, especially the fear of feeling jittery, and we discussed how these therapies might provide relief by delivering a steady amount of nicotine. You mentioned that understanding this option more made you feel more at ease. 

I'm here to support you as you consider your next steps, and I'm glad that reflecting on these options has been helpful. If there's anything more you'd like to delve into another time, feel free to reach out.

Would you like to continue the conversation?",362,115,"I'm here to support you as you consider your next steps, and I'm glad that reflecting on these options has been helpful.",,,,
4,6127b32b912465823dca1e4b,counsellor,141,40,"Thank you for the conversation today. I'd like to take a moment to summarize what we've discussed. 

You've shared that you've been smoking for quite some time, and it provides a sense of relaxation and stress relief for you, particularly in moments after meals and during stressful times. While you enjoy smoking, there are typical downsides like the smell that you're aware of. We explored your thoughts on quitting, and feelings of nervousness and fear you associate with change.

You expressed interest in nicotine replacement therapies as a potential way to manage withdrawal symptoms, especially the fear of feeling jittery, and we discussed how these therapies might provide relief by delivering a steady amount of nicotine. You mentioned that understanding this option more made you feel more at ease. 

I'm here to support you as you consider your next steps, and I'm glad that reflecting on these options has been helpful. If there's anything more you'd like to delve into another time, feel free to reach out.

Would you like to continue the conversation?",363,116,"If there's anything more you'd like to delve into another time, feel free to reach out.",,,,
4,6127b32b912465823dca1e4b,counsellor,141,40,"Thank you for the conversation today. I'd like to take a moment to summarize what we've discussed. 

You've shared that you've been smoking for quite some time, and it provides a sense of relaxation and stress relief for you, particularly in moments after meals and during stressful times. While you enjoy smoking, there are typical downsides like the smell that you're aware of. We explored your thoughts on quitting, and feelings of nervousness and fear you associate with change.

You expressed interest in nicotine replacement therapies as a potential way to manage withdrawal symptoms, especially the fear of feeling jittery, and we discussed how these therapies might provide relief by delivering a steady amount of nicotine. You mentioned that understanding this option more made you feel more at ease. 

I'm here to support you as you consider your next steps, and I'm glad that reflecting on these options has been helpful. If there's anything more you'd like to delve into another time, feel free to reach out.

Would you like to continue the conversation?",364,117,Would you like to continue the conversation?,,,,
4,6127b32b912465823dca1e4b,client,142,41,No,365,118,No,N,The client's response 'No' is brief and does not provide any clear indication of a stance toward changing or maintaining the target behavior. It simply indicates that the client does not want to continue the conversation at this moment.,N,The client's utterance 'No' is brief and does not provide enough context to determine if it supports or opposes change. It simply indicates a negative response to the counsellor's question about continuing the conversation.
5,60dde1621f6e206dea63a7dd,counsellor,143,0,"Hello! How are you doing today? I'm really glad you chose to spend some time here. Shall we start by talking a bit about how things have been going for you lately? Whatever's on your mind, feel free to share.",366,0,Hello!,,,,
5,60dde1621f6e206dea63a7dd,counsellor,143,0,"Hello! How are you doing today? I'm really glad you chose to spend some time here. Shall we start by talking a bit about how things have been going for you lately? Whatever's on your mind, feel free to share.",367,1,How are you doing today?,,,,
5,60dde1621f6e206dea63a7dd,counsellor,143,0,"Hello! How are you doing today? I'm really glad you chose to spend some time here. Shall we start by talking a bit about how things have been going for you lately? Whatever's on your mind, feel free to share.",368,2,I'm really glad you chose to spend some time here.,,,,
5,60dde1621f6e206dea63a7dd,counsellor,143,0,"Hello! How are you doing today? I'm really glad you chose to spend some time here. Shall we start by talking a bit about how things have been going for you lately? Whatever's on your mind, feel free to share.",369,3,Shall we start by talking a bit about how things have been going for you lately?,,,,
5,60dde1621f6e206dea63a7dd,counsellor,143,0,"Hello! How are you doing today? I'm really glad you chose to spend some time here. Shall we start by talking a bit about how things have been going for you lately? Whatever's on your mind, feel free to share.",370,4,"Whatever's on your mind, feel free to share.",,,,
5,60dde1621f6e206dea63a7dd,client,144,1,"Things are gong well, I am enjoying work and finding my footing in London",371,5,"Things are going well,",N,The client's response is brief and does not express a clear stance toward changing or maintaining the target behavior. It is a neutral statement about their current state.,N,The client's utterance 'Things are going well' does not clearly indicate a stance on change. It is a neutral statement about their current state.
5,60dde1621f6e206dea63a7dd,client,144,1,"Things are gong well, I am enjoying work and finding my footing in London",372,6,I am enjoying work,N,The client's statement is a neutral observation about their current state and does not express a stance toward changing or maintaining a specific behavior.,N,The client's utterance 'I am enjoying work' does not clearly indicate a stance on change. It is a neutral statement about their current state.
5,60dde1621f6e206dea63a7dd,client,144,1,"Things are gong well, I am enjoying work and finding my footing in London",373,7,and finding my footing in London.,N,The client's utterance is a general statement about their current situation and does not express a clear stance toward changing or maintaining a specific behavior.,N,The client's utterance does not clearly indicate a stance on change; it is a neutral statement about their current situation.
5,60dde1621f6e206dea63a7dd,counsellor,145,2,It sounds like you're settling in and enjoying your work. Adjusting to a new city can be both exciting and challenging. How are you finding life in London overall? Is there anything in particular that you’re adjusting to?,374,8,It sounds like you're settling in and enjoying your work.,,,,
5,60dde1621f6e206dea63a7dd,counsellor,145,2,It sounds like you're settling in and enjoying your work. Adjusting to a new city can be both exciting and challenging. How are you finding life in London overall? Is there anything in particular that you’re adjusting to?,375,9,Adjusting to a new city can be both exciting and challenging.,,,,
5,60dde1621f6e206dea63a7dd,counsellor,145,2,It sounds like you're settling in and enjoying your work. Adjusting to a new city can be both exciting and challenging. How are you finding life in London overall? Is there anything in particular that you’re adjusting to?,376,10,How are you finding life in London overall?,,,,
5,60dde1621f6e206dea63a7dd,counsellor,145,2,It sounds like you're settling in and enjoying your work. Adjusting to a new city can be both exciting and challenging. How are you finding life in London overall? Is there anything in particular that you’re adjusting to?,377,11,Is there anything in particular that you’re adjusting to?,,,,
5,60dde1621f6e206dea63a7dd,client,146,3,Adusting to working fultime now I've left uni. Its good but chalenging,378,12,Adusting to working fultime now I've left uni.,N,The client is providing a neutral statement about their current situation without expressing a clear stance toward changing or maintaining a specific behavior.,N,The client's utterance does not clearly support or oppose change. It is a neutral statement about their current situation.
5,60dde1621f6e206dea63a7dd,client,146,3,Adusting to working fultime now I've left uni. Its good but chalenging,379,13,Its good but chalenging,N,"The client's response is neutral, providing a general statement about their experience without expressing a clear stance toward changing or maintaining a specific behavior.",N,"The client's response is neutral, acknowledging both positive and challenging aspects without clearly supporting or opposing change."
5,60dde1621f6e206dea63a7dd,counsellor,147,4,"Moving from university to full-time work is a big transition. It's great to hear you're finding some positives in it, even though it can be challenging at times. What have you been enjoying in the new routine, and what are some of the challenges you've been facing?",380,14,Moving from university to full-time work is a big transition.,,,,
5,60dde1621f6e206dea63a7dd,counsellor,147,4,"Moving from university to full-time work is a big transition. It's great to hear you're finding some positives in it, even though it can be challenging at times. What have you been enjoying in the new routine, and what are some of the challenges you've been facing?",381,15,"It's great to hear you're finding some positives in it, even though it can be challenging at times.",,,,
5,60dde1621f6e206dea63a7dd,counsellor,147,4,"Moving from university to full-time work is a big transition. It's great to hear you're finding some positives in it, even though it can be challenging at times. What have you been enjoying in the new routine, and what are some of the challenges you've been facing?",382,16,"What have you been enjoying in the new routine, and what are some of the challenges you've been facing?",,,,
5,60dde1621f6e206dea63a7dd,client,148,5,"I am enjoying haveing a set time to my days, the consistancy! Though I love to socialise which I o outside of work but it means i do burn myself out alot",383,17,"I am enjoying having a set time to my days, the consistency!",N,"The client is expressing a positive aspect of their new routine, which is neutral in terms of change or sustain talk. It does not indicate a stance toward changing or maintaining a specific behavior.",N,"The client's utterance expresses a positive aspect of the change, indicating enjoyment of the new routine. However, it does not clearly support or oppose the overall change process."
5,60dde1621f6e206dea63a7dd,client,148,5,"I am enjoying haveing a set time to my days, the consistancy! Though I love to socialise which I o outside of work but it means i do burn myself out alot",384,18,Though I love to socialise which I do outside of work but it means I do burn myself out a lot.,S,"The client is expressing a reason for maintaining their current behavior (socializing), but also acknowledging a negative consequence (burning out). This is a mixed statement, but it leans more towards sustain talk as it highlights a reason to continue the behavior.",R-,"The client expresses a reason for maintaining their current behavior, which is socializing despite the negative consequence of burning out."
5,60dde1621f6e206dea63a7dd,counsellor,149,6,"Having a routine can really help provide that sense of structure, while socializing brings energy and joy. Balancing both, however, can lead to feeling burnt out. How do you usually handle things when you notice you're getting burned out?",385,19,"Having a routine can really help provide that sense of structure, while socializing brings energy and joy.",,,,
5,60dde1621f6e206dea63a7dd,counsellor,149,6,"Having a routine can really help provide that sense of structure, while socializing brings energy and joy. Balancing both, however, can lead to feeling burnt out. How do you usually handle things when you notice you're getting burned out?",386,20,"Balancing both, however, can lead to feeling burnt out.",,,,
5,60dde1621f6e206dea63a7dd,counsellor,149,6,"Having a routine can really help provide that sense of structure, while socializing brings energy and joy. Balancing both, however, can lead to feeling burnt out. How do you usually handle things when you notice you're getting burned out?",387,21,How do you usually handle things when you notice you're getting burned out?,,,,
5,60dde1621f6e206dea63a7dd,client,150,7,I sleep. Or try and keep some time to myself,388,22,I sleep.,N,"The client's response is a factual statement about their behavior when they feel burnt out, without expressing a clear stance toward changing or maintaining the target behavior.",N,The client's response is brief and does not clearly indicate a stance on change. It simply states a behavior without expressing a desire or resistance to change.
5,60dde1621f6e206dea63a7dd,client,150,7,I sleep. Or try and keep some time to myself,389,23,Or try and keep some time to myself.,N,The client's response is neutral as it does not clearly express a stance toward changing or maintaining the target behavior. It simply suggests a general strategy for managing burnout.,N,The client's response does not clearly indicate a stance for or against change; it simply suggests a potential strategy without expressing a commitment or resistance.
5,60dde1621f6e206dea63a7dd,counsellor,151,8,"Finding time to recharge through sleep and solitude sounds like a thoughtful approach. Balancing social life and work can be tricky. Have you noticed any habits or routines, besides socializing, that play into how you're feeling about stress or burnout, perhaps more related to your lifestyle?",390,24,Finding time to recharge through sleep and solitude sounds like a thoughtful approach.,,,,
5,60dde1621f6e206dea63a7dd,counsellor,151,8,"Finding time to recharge through sleep and solitude sounds like a thoughtful approach. Balancing social life and work can be tricky. Have you noticed any habits or routines, besides socializing, that play into how you're feeling about stress or burnout, perhaps more related to your lifestyle?",391,25,Balancing social life and work can be tricky.,,,,
5,60dde1621f6e206dea63a7dd,counsellor,151,8,"Finding time to recharge through sleep and solitude sounds like a thoughtful approach. Balancing social life and work can be tricky. Have you noticed any habits or routines, besides socializing, that play into how you're feeling about stress or burnout, perhaps more related to your lifestyle?",392,26,"Have you noticed any habits or routines, besides socializing, that play into how you're feeling about stress or burnout, perhaps more related to your lifestyle?",,,,
5,60dde1621f6e206dea63a7dd,client,152,9,yeah i think smoking and drining can affect me too as it makes me more tired,393,27,yeah i think smoking and drinking can affect me too,N,"The client is providing a neutral statement about how smoking and drinking can affect them, without expressing a clear stance toward changing or maintaining these behaviors.",N,"The client's utterance does not clearly support or oppose change. It simply acknowledges that smoking and drinking can affect them, without indicating a direction towards or away from change."
5,60dde1621f6e206dea63a7dd,client,152,9,yeah i think smoking and drining can affect me too as it makes me more tired,394,28,as it makes me more tired,N,The client's utterance does not clearly express a stance toward changing or maintaining a specific behavior. It is a neutral statement about the effect of a habit or routine on their energy levels.,N,The client's utterance does not clearly support or oppose change; it simply states an observation about the effect of a habit or routine on their energy levels.
5,60dde1621f6e206dea63a7dd,counsellor,153,10,Smoking and drinking can definitely affect energy levels and contribute to feeling tired. It sounds like you're aware of their impact on you. What are your thoughts on smoking and how it fits into your life right now?,395,29,Smoking and drinking can definitely affect energy levels and contribute to feeling tired.,,,,
5,60dde1621f6e206dea63a7dd,counsellor,153,10,Smoking and drinking can definitely affect energy levels and contribute to feeling tired. It sounds like you're aware of their impact on you. What are your thoughts on smoking and how it fits into your life right now?,396,30,It sounds like you're aware of their impact on you.,,,,
5,60dde1621f6e206dea63a7dd,counsellor,153,10,Smoking and drinking can definitely affect energy levels and contribute to feeling tired. It sounds like you're aware of their impact on you. What are your thoughts on smoking and how it fits into your life right now?,397,31,What are your thoughts on smoking and how it fits into your life right now?,,,,
5,60dde1621f6e206dea63a7dd,client,154,11,i have done it for a while but i dont enjoy having to rely on it. I only really enjoy it when im drinking,398,32,i have done it for a while but i dont enjoy having to rely on it.,C,"The client expresses a desire to reduce reliance on smoking, which suggests a stance toward changing the behavior.",O+,"The client expresses a recognition of the problem with relying on smoking, which aligns with problem recognition and supports the idea of change, but does not fit neatly into the other more specific categories."
5,60dde1621f6e206dea63a7dd,client,154,11,i have done it for a while but i dont enjoy having to rely on it. I only really enjoy it when im drinking,399,33,I only really enjoy it when im drinking,S,"The client expresses a reason for maintaining the target behavior (smoking) by linking it to a specific context (drinking), indicating a desire to continue the behavior in that context.",R-,"The client expresses a reason for maintaining the target behaviour, specifically that they enjoy smoking when drinking."
5,60dde1621f6e206dea63a7dd,counsellor,155,12,"It seems like smoking has become a habitual part of your life, even though there's an underlying desire to not depend on it. It brings enjoyment in certain social settings, but it sounds like you have mixed feelings about that reliance. What are some of the things you like and dislike about smoking?",400,34,"It seems like smoking has become a habitual part of your life, even though there's an underlying desire to not depend on it.",,,,
5,60dde1621f6e206dea63a7dd,counsellor,155,12,"It seems like smoking has become a habitual part of your life, even though there's an underlying desire to not depend on it. It brings enjoyment in certain social settings, but it sounds like you have mixed feelings about that reliance. What are some of the things you like and dislike about smoking?",401,35,"It brings enjoyment in certain social settings, but it sounds like you have mixed feelings about that reliance.",,,,
5,60dde1621f6e206dea63a7dd,counsellor,155,12,"It seems like smoking has become a habitual part of your life, even though there's an underlying desire to not depend on it. It brings enjoyment in certain social settings, but it sounds like you have mixed feelings about that reliance. What are some of the things you like and dislike about smoking?",402,36,What are some of the things you like and dislike about smoking?,,,,
5,60dde1621f6e206dea63a7dd,client,156,13,i like the socialness of it and also my grndad used to smoke so i do do it to remind me of him sometimes,403,37,i like the socialness of it,S,"The client expresses a positive aspect of smoking, specifically the social enjoyment it brings, which aligns with reasons for maintaining the behavior.",R-,"The client is expressing a reason for maintaining the target behaviour, specifically the social aspect of smoking."
5,60dde1621f6e206dea63a7dd,client,156,13,i like the socialness of it and also my grndad used to smoke so i do do it to remind me of him sometimes,404,38,and also my grndad used to smoke,N,The client is providing a factual statement about their grandfather's smoking habit without expressing a clear stance on their own behavior or intentions to change.,N,The client's utterance does not clearly support or oppose change. It simply provides additional context about their history with smoking.
5,60dde1621f6e206dea63a7dd,client,156,13,i like the socialness of it and also my grndad used to smoke so i do do it to remind me of him sometimes,405,39,so i do do it to remind me of him sometimes,S,"The client's statement indicates a reason for maintaining the behavior (smoking) as a way to remember someone, which aligns with sustain talk.",R-,"The client mentions smoking as a way to remember someone, which is a reason for maintaining the behavior."
5,60dde1621f6e206dea63a7dd,counsellor,157,14,"Smoking holds a social value for you and carries a sentimental connection to your grandfather, which makes it meaningful in a way. On the other side, the reliance seems to be something you might not be completely comfortable with. Have you ever thought about what life might look like without this reliance, or is it something you're not ready to consider just yet?",406,40,"Smoking holds a social value for you and carries a sentimental connection to your grandfather, which makes it meaningful in a way.",,,,
5,60dde1621f6e206dea63a7dd,counsellor,157,14,"Smoking holds a social value for you and carries a sentimental connection to your grandfather, which makes it meaningful in a way. On the other side, the reliance seems to be something you might not be completely comfortable with. Have you ever thought about what life might look like without this reliance, or is it something you're not ready to consider just yet?",407,41,"On the other side, the reliance seems to be something you might not be completely comfortable with.",,,,
5,60dde1621f6e206dea63a7dd,counsellor,157,14,"Smoking holds a social value for you and carries a sentimental connection to your grandfather, which makes it meaningful in a way. On the other side, the reliance seems to be something you might not be completely comfortable with. Have you ever thought about what life might look like without this reliance, or is it something you're not ready to consider just yet?",408,42,"Have you ever thought about what life might look like without this reliance, or is it something you're not ready to consider just yet?",,,,
5,60dde1621f6e206dea63a7dd,client,158,15,i have considered it and id lie to be stronger to prove to myself i can quit,409,43,i have considered it,C,"The client's statement 'I have considered it' indicates that they have thought about the possibility of change, which aligns with the category of Change Talk (C). However, it does not express a strong commitment, desire, or reason for change, but it does show that the client has reflected on the idea of change.",AC+,"The client's statement indicates that they have thought about life without smoking, which suggests a level of activation towards considering change."
5,60dde1621f6e206dea63a7dd,client,158,15,i have considered it and id lie to be stronger to prove to myself i can quit,410,44,id like to be stronger to prove to myself i can quit,C,"The client expresses a desire to prove to themselves that they can quit, which indicates a commitment to change and a sense of personal empowerment.",D+,"The client expresses a desire to change (quit smoking) in order to prove to themselves that they can do it, which indicates a personal motivation and a sense of self-efficacy."
5,60dde1621f6e206dea63a7dd,counsellor,159,16,"The idea of proving to yourself that you can quit shows a strong desire for strength and self-empowerment. This could be a step toward exploring change if it's something you're thinking about more often. Is there anything else about smoking that's on your mind, or any other feelings around this topic you'd like to talk about today?",411,45,The idea of proving to yourself that you can quit shows a strong desire for strength and self-empowerment.,,,,
5,60dde1621f6e206dea63a7dd,counsellor,159,16,"The idea of proving to yourself that you can quit shows a strong desire for strength and self-empowerment. This could be a step toward exploring change if it's something you're thinking about more often. Is there anything else about smoking that's on your mind, or any other feelings around this topic you'd like to talk about today?",412,46,This could be a step toward exploring change if it's something you're thinking about more often.,,,,
5,60dde1621f6e206dea63a7dd,counsellor,159,16,"The idea of proving to yourself that you can quit shows a strong desire for strength and self-empowerment. This could be a step toward exploring change if it's something you're thinking about more often. Is there anything else about smoking that's on your mind, or any other feelings around this topic you'd like to talk about today?",413,47,"Is there anything else about smoking that's on your mind, or any other feelings around this topic you'd like to talk about today?",,,,
5,60dde1621f6e206dea63a7dd,client,160,17,what would be your firts stepsin advice fr stopping,414,48,what would be your first steps in advice for stopping,N,"The client is asking for advice on stopping, which indicates an openness to discussing change, but does not clearly express a stance toward changing or maintaining the behavior.",N,The client's utterance is a request for advice and does not clearly indicate a position for or against change.
5,60dde1621f6e206dea63a7dd,counsellor,161,18,"I appreciate you asking about that, and it's great that you're interested in exploring this further. Before we dive into any advice, I'd like to summarize what we've talked about to make sure we're on the same page.

We've discussed how you're enjoying your new work routine and the social aspects of your life in London, despite the challenges of balancing it all. Smoking seems to be something you associate with social life and memories of your grandfather, but there's also a sense of wanting to not rely on it so much. You've considered what quitting might mean for your personal strength and empowerment.

If it’s all right with you, would you like to explore some potential steps for change?",415,49,"I appreciate you asking about that, and it's great that you're interested in exploring this further.",,,,
5,60dde1621f6e206dea63a7dd,counsellor,161,18,"I appreciate you asking about that, and it's great that you're interested in exploring this further. Before we dive into any advice, I'd like to summarize what we've talked about to make sure we're on the same page.

We've discussed how you're enjoying your new work routine and the social aspects of your life in London, despite the challenges of balancing it all. Smoking seems to be something you associate with social life and memories of your grandfather, but there's also a sense of wanting to not rely on it so much. You've considered what quitting might mean for your personal strength and empowerment.

If it’s all right with you, would you like to explore some potential steps for change?",416,50,"Before we dive into any advice, I'd like to summarize what we've talked about to make sure we're on the same page.",,,,
5,60dde1621f6e206dea63a7dd,counsellor,161,18,"I appreciate you asking about that, and it's great that you're interested in exploring this further. Before we dive into any advice, I'd like to summarize what we've talked about to make sure we're on the same page.

We've discussed how you're enjoying your new work routine and the social aspects of your life in London, despite the challenges of balancing it all. Smoking seems to be something you associate with social life and memories of your grandfather, but there's also a sense of wanting to not rely on it so much. You've considered what quitting might mean for your personal strength and empowerment.

If it’s all right with you, would you like to explore some potential steps for change?",417,51,"We've discussed how you're enjoying your new work routine and the social aspects of your life in London, despite the challenges of balancing it all.",,,,
5,60dde1621f6e206dea63a7dd,counsellor,161,18,"I appreciate you asking about that, and it's great that you're interested in exploring this further. Before we dive into any advice, I'd like to summarize what we've talked about to make sure we're on the same page.

We've discussed how you're enjoying your new work routine and the social aspects of your life in London, despite the challenges of balancing it all. Smoking seems to be something you associate with social life and memories of your grandfather, but there's also a sense of wanting to not rely on it so much. You've considered what quitting might mean for your personal strength and empowerment.

If it’s all right with you, would you like to explore some potential steps for change?",418,52,"Smoking seems to be something you associate with social life and memories of your grandfather, but there's also a sense of wanting to not rely on it so much.",,,,
5,60dde1621f6e206dea63a7dd,counsellor,161,18,"I appreciate you asking about that, and it's great that you're interested in exploring this further. Before we dive into any advice, I'd like to summarize what we've talked about to make sure we're on the same page.

We've discussed how you're enjoying your new work routine and the social aspects of your life in London, despite the challenges of balancing it all. Smoking seems to be something you associate with social life and memories of your grandfather, but there's also a sense of wanting to not rely on it so much. You've considered what quitting might mean for your personal strength and empowerment.

If it’s all right with you, would you like to explore some potential steps for change?",419,53,You've considered what quitting might mean for your personal strength and empowerment.,,,,
5,60dde1621f6e206dea63a7dd,counsellor,161,18,"I appreciate you asking about that, and it's great that you're interested in exploring this further. Before we dive into any advice, I'd like to summarize what we've talked about to make sure we're on the same page.

We've discussed how you're enjoying your new work routine and the social aspects of your life in London, despite the challenges of balancing it all. Smoking seems to be something you associate with social life and memories of your grandfather, but there's also a sense of wanting to not rely on it so much. You've considered what quitting might mean for your personal strength and empowerment.

If it’s all right with you, would you like to explore some potential steps for change?",420,54,"If it’s all right with you, would you like to explore some potential steps for change?",,,,
5,60dde1621f6e206dea63a7dd,client,162,19,yes!,421,55,yes!,N,"The client's utterance 'yes!' is a brief, positive response to the counsellor's summary and invitation to explore potential steps for change. However, it does not clearly express a stance toward changing or maintaining the target behavior.",N,"The client's utterance 'yes!' indicates a positive response to the counsellor's summary and invitation to explore potential steps for change, but it does not clearly support or oppose change itself."
5,60dde1621f6e206dea63a7dd,counsellor,163,20,"Great! It's wonderful you're open to exploring some steps without feeling rushed. One approach people often find helpful is to start with identifying specific moments or reasons that motivate them to quit, like the desire for more energy or proving their strength. 

Would you like to start by talking about any particular motivations or changes you're looking to see in your life by reducing or stopping smoking?",422,56,Great!,,,,
5,60dde1621f6e206dea63a7dd,counsellor,163,20,"Great! It's wonderful you're open to exploring some steps without feeling rushed. One approach people often find helpful is to start with identifying specific moments or reasons that motivate them to quit, like the desire for more energy or proving their strength. 

Would you like to start by talking about any particular motivations or changes you're looking to see in your life by reducing or stopping smoking?",423,57,It's wonderful you're open to exploring some steps without feeling rushed.,,,,
5,60dde1621f6e206dea63a7dd,counsellor,163,20,"Great! It's wonderful you're open to exploring some steps without feeling rushed. One approach people often find helpful is to start with identifying specific moments or reasons that motivate them to quit, like the desire for more energy or proving their strength. 

Would you like to start by talking about any particular motivations or changes you're looking to see in your life by reducing or stopping smoking?",424,58,"One approach people often find helpful is to start with identifying specific moments or reasons that motivate them to quit, like the desire for more energy or proving their strength.",,,,
5,60dde1621f6e206dea63a7dd,counsellor,163,20,"Great! It's wonderful you're open to exploring some steps without feeling rushed. One approach people often find helpful is to start with identifying specific moments or reasons that motivate them to quit, like the desire for more energy or proving their strength. 

Would you like to start by talking about any particular motivations or changes you're looking to see in your life by reducing or stopping smoking?",425,59,Would you like to start by talking about any particular motivations or changes you're looking to see in your life by reducing or stopping smoking?,,,,
5,60dde1621f6e206dea63a7dd,client,164,21,"i would like o be healthily and breathe better. i find that i think im orally fixated. i chew thing, my nails etc so smoking is probab;y fu;filling that desire too",426,60,i would like to be healthy and breathe better.,C,"The client expresses a desire to be healthy and breathe better, which are reasons for change.",R+,"The client expresses a reason for wanting to change, specifically to improve their health and breathing."
5,60dde1621f6e206dea63a7dd,client,164,21,"i would like o be healthily and breathe better. i find that i think im orally fixated. i chew thing, my nails etc so smoking is probab;y fu;filling that desire too",427,61,i find that i think i'm orally fixated.,N,"The client's statement is a neutral observation about their behavior, without expressing a clear stance toward changing or maintaining the target behavior.",N,The client's utterance does not clearly support or oppose change; it is a neutral statement about a personal observation.
5,60dde1621f6e206dea63a7dd,client,164,21,"i would like o be healthily and breathe better. i find that i think im orally fixated. i chew thing, my nails etc so smoking is probab;y fu;filling that desire too",428,62,"i chew things, my nails etc.",N,"The client's utterance does not clearly indicate a stance toward changing or maintaining the target behavior. It is a neutral statement about a habit, without expressing a desire or reason for change or continuation.",N,The client's utterance does not clearly support or oppose change. It provides information about a behavior but does not indicate a stance on changing the smoking habit.
5,60dde1621f6e206dea63a7dd,client,164,21,"i would like o be healthily and breathe better. i find that i think im orally fixated. i chew thing, my nails etc so smoking is probab;y fu;filling that desire too",429,63,so smoking is probably fulfilling that desire too.,S,"The client is suggesting that smoking fulfills a desire, which implies a reason for maintaining the behavior.",R-,"The client is suggesting that smoking fulfills a desire, which aligns with the Reasons (R-) category as it provides a reason for maintaining the target behavior."
5,60dde1621f6e206dea63a7dd,counsellor,165,22,"Aiming for better health and breathing are really strong motivators, and recognizing the role of oral fixation is insightful. Some people find it helpful to address that by finding a substitute that satisfies that need, like chewing gum or using a stress ball.

Would exploring strategies that might support these goals and desires be something you're interested in?",430,64,"Aiming for better health and breathing are really strong motivators, and recognizing the role of oral fixation is insightful.",,,,
5,60dde1621f6e206dea63a7dd,counsellor,165,22,"Aiming for better health and breathing are really strong motivators, and recognizing the role of oral fixation is insightful. Some people find it helpful to address that by finding a substitute that satisfies that need, like chewing gum or using a stress ball.

Would exploring strategies that might support these goals and desires be something you're interested in?",431,65,"Some people find it helpful to address that by finding a substitute that satisfies that need, like chewing gum or using a stress ball.",,,,
5,60dde1621f6e206dea63a7dd,counsellor,165,22,"Aiming for better health and breathing are really strong motivators, and recognizing the role of oral fixation is insightful. Some people find it helpful to address that by finding a substitute that satisfies that need, like chewing gum or using a stress ball.

Would exploring strategies that might support these goals and desires be something you're interested in?",432,66,Would exploring strategies that might support these goals and desires be something you're interested in?,,,,
5,60dde1621f6e206dea63a7dd,client,166,23,yes,433,67,yes,C,"The client's 'yes' indicates a willingness to explore strategies to support their goals and desires, which aligns with a stance toward change.",AC+,"The client's 'yes' indicates a willingness to explore strategies to support their goals, which leans towards taking action."
5,60dde1621f6e206dea63a7dd,counsellor,167,24,"Wonderful! Let's take a look at some strategies that could align with what you're hoping to achieve. Since breathing and health are priorities, finding alternatives to smoking that also address your oral fixation can be key. 

Some options might include:
- Trying sugar-free gum or healthy snacks like carrot sticks to keep your mouth busy.
- Exploring relaxation techniques, like deep breathing exercises, which can help when you feel the urge to smoke and improve your lung health.
- Gradually reducing the amount you smoke each day to ease into the process.

Would any of these ideas feel like a good fit to start with, or are there other alternatives you've thought about trying?",434,68,Wonderful!,,,,
5,60dde1621f6e206dea63a7dd,counsellor,167,24,"Wonderful! Let's take a look at some strategies that could align with what you're hoping to achieve. Since breathing and health are priorities, finding alternatives to smoking that also address your oral fixation can be key. 

Some options might include:
- Trying sugar-free gum or healthy snacks like carrot sticks to keep your mouth busy.
- Exploring relaxation techniques, like deep breathing exercises, which can help when you feel the urge to smoke and improve your lung health.
- Gradually reducing the amount you smoke each day to ease into the process.

Would any of these ideas feel like a good fit to start with, or are there other alternatives you've thought about trying?",435,69,Let's take a look at some strategies that could align with what you're hoping to achieve.,,,,
5,60dde1621f6e206dea63a7dd,counsellor,167,24,"Wonderful! Let's take a look at some strategies that could align with what you're hoping to achieve. Since breathing and health are priorities, finding alternatives to smoking that also address your oral fixation can be key. 

Some options might include:
- Trying sugar-free gum or healthy snacks like carrot sticks to keep your mouth busy.
- Exploring relaxation techniques, like deep breathing exercises, which can help when you feel the urge to smoke and improve your lung health.
- Gradually reducing the amount you smoke each day to ease into the process.

Would any of these ideas feel like a good fit to start with, or are there other alternatives you've thought about trying?",436,70,"Since breathing and health are priorities, finding alternatives to smoking that also address your oral fixation can be key.",,,,
5,60dde1621f6e206dea63a7dd,counsellor,167,24,"Wonderful! Let's take a look at some strategies that could align with what you're hoping to achieve. Since breathing and health are priorities, finding alternatives to smoking that also address your oral fixation can be key. 

Some options might include:
- Trying sugar-free gum or healthy snacks like carrot sticks to keep your mouth busy.
- Exploring relaxation techniques, like deep breathing exercises, which can help when you feel the urge to smoke and improve your lung health.
- Gradually reducing the amount you smoke each day to ease into the process.

Would any of these ideas feel like a good fit to start with, or are there other alternatives you've thought about trying?",437,71,Some options might include:,,,,
5,60dde1621f6e206dea63a7dd,counsellor,167,24,"Wonderful! Let's take a look at some strategies that could align with what you're hoping to achieve. Since breathing and health are priorities, finding alternatives to smoking that also address your oral fixation can be key. 

Some options might include:
- Trying sugar-free gum or healthy snacks like carrot sticks to keep your mouth busy.
- Exploring relaxation techniques, like deep breathing exercises, which can help when you feel the urge to smoke and improve your lung health.
- Gradually reducing the amount you smoke each day to ease into the process.

Would any of these ideas feel like a good fit to start with, or are there other alternatives you've thought about trying?",438,72,Trying sugar-free gum or healthy snacks like carrot sticks to keep your mouth busy.,,,,
5,60dde1621f6e206dea63a7dd,counsellor,167,24,"Wonderful! Let's take a look at some strategies that could align with what you're hoping to achieve. Since breathing and health are priorities, finding alternatives to smoking that also address your oral fixation can be key. 

Some options might include:
- Trying sugar-free gum or healthy snacks like carrot sticks to keep your mouth busy.
- Exploring relaxation techniques, like deep breathing exercises, which can help when you feel the urge to smoke and improve your lung health.
- Gradually reducing the amount you smoke each day to ease into the process.

Would any of these ideas feel like a good fit to start with, or are there other alternatives you've thought about trying?",439,73,"Exploring relaxation techniques, like deep breathing exercises, which can help when you feel the urge to smoke and improve your lung health.",,,,
5,60dde1621f6e206dea63a7dd,counsellor,167,24,"Wonderful! Let's take a look at some strategies that could align with what you're hoping to achieve. Since breathing and health are priorities, finding alternatives to smoking that also address your oral fixation can be key. 

Some options might include:
- Trying sugar-free gum or healthy snacks like carrot sticks to keep your mouth busy.
- Exploring relaxation techniques, like deep breathing exercises, which can help when you feel the urge to smoke and improve your lung health.
- Gradually reducing the amount you smoke each day to ease into the process.

Would any of these ideas feel like a good fit to start with, or are there other alternatives you've thought about trying?",440,74,Gradually reducing the amount you smoke each day to ease into the process.,,,,
5,60dde1621f6e206dea63a7dd,counsellor,167,24,"Wonderful! Let's take a look at some strategies that could align with what you're hoping to achieve. Since breathing and health are priorities, finding alternatives to smoking that also address your oral fixation can be key. 

Some options might include:
- Trying sugar-free gum or healthy snacks like carrot sticks to keep your mouth busy.
- Exploring relaxation techniques, like deep breathing exercises, which can help when you feel the urge to smoke and improve your lung health.
- Gradually reducing the amount you smoke each day to ease into the process.

Would any of these ideas feel like a good fit to start with, or are there other alternatives you've thought about trying?",441,75,"Would any of these ideas feel like a good fit to start with, or are there other alternatives you've thought about trying?",,,,
5,60dde1621f6e206dea63a7dd,client,168,25,"i think gum etc would be a good start, i dont mind myself having a cheeky cig whrn i drink s i do enjoy it. i just want to stop the daily habit",442,76,"i think gum etc would be a good start,",C,"The client expresses a positive stance toward trying alternatives to smoking, specifically mentioning gum as a good starting point. This indicates a willingness to take steps toward change.",AC+,"The client expresses a willingness to try an alternative to smoking, which aligns with the category of Activation (AC+)."
5,60dde1621f6e206dea63a7dd,client,168,25,"i think gum etc would be a good start, i dont mind myself having a cheeky cig whrn i drink s i do enjoy it. i just want to stop the daily habit",443,77,i dont mind myself having a cheeky cig whrn i drink s i do enjoy it.,S,"The client expresses a desire to continue smoking when drinking, indicating a reason to maintain the target behavior.",D-,"The client expresses a desire to continue smoking when drinking, indicating a specific context where they enjoy smoking."
5,60dde1621f6e206dea63a7dd,client,168,25,"i think gum etc would be a good start, i dont mind myself having a cheeky cig whrn i drink s i do enjoy it. i just want to stop the daily habit",444,78,i just want to stop the daily habit,C,The client expresses a clear desire to change the target behavior by stating a wish to stop the daily habit of smoking.,D+,"The client expresses a clear desire to change the target behavior, which is the daily habit of smoking."
5,60dde1621f6e206dea63a7dd,counsellor,169,26,"Starting with gum or other similar alternatives sounds like a practical option, especially for addressing that daily habit. Enjoying a cigarette socially when drinking, while reducing daily smoking, seems like a step toward finding a balance you're comfortable with.

Would you like to think about setting any specific goals for how you might incorporate these changes into your daily routine, or is there anything else you'd like to discuss or plan?",445,79,"Starting with gum or other similar alternatives sounds like a practical option, especially for addressing that daily habit.",,,,
5,60dde1621f6e206dea63a7dd,counsellor,169,26,"Starting with gum or other similar alternatives sounds like a practical option, especially for addressing that daily habit. Enjoying a cigarette socially when drinking, while reducing daily smoking, seems like a step toward finding a balance you're comfortable with.

Would you like to think about setting any specific goals for how you might incorporate these changes into your daily routine, or is there anything else you'd like to discuss or plan?",446,80,"Enjoying a cigarette socially when drinking, while reducing daily smoking, seems like a step toward finding a balance you're comfortable with.",,,,
5,60dde1621f6e206dea63a7dd,counsellor,169,26,"Starting with gum or other similar alternatives sounds like a practical option, especially for addressing that daily habit. Enjoying a cigarette socially when drinking, while reducing daily smoking, seems like a step toward finding a balance you're comfortable with.

Would you like to think about setting any specific goals for how you might incorporate these changes into your daily routine, or is there anything else you'd like to discuss or plan?",447,81,"Would you like to think about setting any specific goals for how you might incorporate these changes into your daily routine, or is there anything else you'd like to discuss or plan?",,,,
5,60dde1621f6e206dea63a7dd,client,170,27,i think maybe limitiig to like one or two a day woud be a good first step,448,82,i think maybe limitiig to like one or two a day woud be a good first step,C,"The client expresses a desire to reduce their smoking to one or two cigarettes a day, which indicates a commitment to making a change, even if it is a small step.",AC+,"The client is expressing a willingness to take a specific action towards reducing their smoking, which aligns with the category of Activation (AC+)."
5,60dde1621f6e206dea63a7dd,counsellor,171,28,"Limiting yourself to one or two cigarettes a day sounds like a realistic and manageable first step. It can provide some reassurance that change is possible without feeling too overwhelming. 

Would it be helpful to set a target date to start this, or would you rather approach it more flexibly? Also, if any challenges come up in this process, know that I'd be here to support you in navigating them.",449,83,Limiting yourself to one or two cigarettes a day sounds like a realistic and manageable first step.,,,,
5,60dde1621f6e206dea63a7dd,counsellor,171,28,"Limiting yourself to one or two cigarettes a day sounds like a realistic and manageable first step. It can provide some reassurance that change is possible without feeling too overwhelming. 

Would it be helpful to set a target date to start this, or would you rather approach it more flexibly? Also, if any challenges come up in this process, know that I'd be here to support you in navigating them.",450,84,It can provide some reassurance that change is possible without feeling too overwhelming.,,,,
5,60dde1621f6e206dea63a7dd,counsellor,171,28,"Limiting yourself to one or two cigarettes a day sounds like a realistic and manageable first step. It can provide some reassurance that change is possible without feeling too overwhelming. 

Would it be helpful to set a target date to start this, or would you rather approach it more flexibly? Also, if any challenges come up in this process, know that I'd be here to support you in navigating them.",451,85,"Would it be helpful to set a target date to start this, or would you rather approach it more flexibly?",,,,
5,60dde1621f6e206dea63a7dd,counsellor,171,28,"Limiting yourself to one or two cigarettes a day sounds like a realistic and manageable first step. It can provide some reassurance that change is possible without feeling too overwhelming. 

Would it be helpful to set a target date to start this, or would you rather approach it more flexibly? Also, if any challenges come up in this process, know that I'd be here to support you in navigating them.",452,86,"Also, if any challenges come up in this process, know that I'd be here to support you in navigating them.",,,,
5,60dde1621f6e206dea63a7dd,client,172,29,thanks! yeah lets set a date,453,87,thanks!,N,The client's utterance 'thanks!' is a general expression of gratitude and does not clearly indicate a stance toward changing or maintaining the target behavior. It lacks specific content related to change or sustain talk.,N,The client's utterance 'thanks!' does not clearly support or oppose change. It is a general expression of gratitude without indicating a specific stance on the proposed change.
5,60dde1621f6e206dea63a7dd,client,172,29,thanks! yeah lets set a date,454,88,yeah lets set a date,C,"The client is agreeing to set a target date, which indicates a commitment to taking a step toward change.",AC+,The client is leaning towards action by agreeing to set a specific date to start the change process.
5,60dde1621f6e206dea63a7dd,counsellor,173,30,Setting a date can give you a clear starting point and something to aim for. How about choosing a day within the next week that feels right for you to begin this change? Think about a time when you feel ready and supported to take on this new step.,455,89,Setting a date can give you a clear starting point and something to aim for.,,,,
5,60dde1621f6e206dea63a7dd,counsellor,173,30,Setting a date can give you a clear starting point and something to aim for. How about choosing a day within the next week that feels right for you to begin this change? Think about a time when you feel ready and supported to take on this new step.,456,90,How about choosing a day within the next week that feels right for you to begin this change?,,,,
5,60dde1621f6e206dea63a7dd,counsellor,173,30,Setting a date can give you a clear starting point and something to aim for. How about choosing a day within the next week that feels right for you to begin this change? Think about a time when you feel ready and supported to take on this new step.,457,91,Think about a time when you feel ready and supported to take on this new step.,,,,
5,60dde1621f6e206dea63a7dd,client,174,31,perhaps sunday,458,92,perhaps sunday,C,"The client suggests a specific day (Sunday) to start the change, which indicates a commitment to the change process.",AC+,"The client is suggesting a specific day to start the change, indicating a willingness to take action."
5,60dde1621f6e206dea63a7dd,counsellor,175,32,"Sunday sounds like a great choice. It can be a good day to reflect and prepare for the week ahead. As you move towards this goal, remember that small, consistent steps can lead to meaningful change. 

Is there anything else you'd like to plan, or any other concerns about this process you'd like to talk through before Sunday arrives?",459,93,Sunday sounds like a great choice.,,,,
5,60dde1621f6e206dea63a7dd,counsellor,175,32,"Sunday sounds like a great choice. It can be a good day to reflect and prepare for the week ahead. As you move towards this goal, remember that small, consistent steps can lead to meaningful change. 

Is there anything else you'd like to plan, or any other concerns about this process you'd like to talk through before Sunday arrives?",460,94,It can be a good day to reflect and prepare for the week ahead.,,,,
5,60dde1621f6e206dea63a7dd,counsellor,175,32,"Sunday sounds like a great choice. It can be a good day to reflect and prepare for the week ahead. As you move towards this goal, remember that small, consistent steps can lead to meaningful change. 

Is there anything else you'd like to plan, or any other concerns about this process you'd like to talk through before Sunday arrives?",461,95,"As you move towards this goal, remember that small, consistent steps can lead to meaningful change.",,,,
5,60dde1621f6e206dea63a7dd,counsellor,175,32,"Sunday sounds like a great choice. It can be a good day to reflect and prepare for the week ahead. As you move towards this goal, remember that small, consistent steps can lead to meaningful change. 

Is there anything else you'd like to plan, or any other concerns about this process you'd like to talk through before Sunday arrives?",462,96,"Is there anything else you'd like to plan, or any other concerns about this process you'd like to talk through before Sunday arrives?",,,,
5,60dde1621f6e206dea63a7dd,client,176,33,i dont think so!,463,97,i dont think so!,N,The client's response 'I don't think so!' is brief and does not clearly indicate a stance toward changing or maintaining the target behavior. It simply indicates that the client does not have any additional concerns or plans to discuss at the moment.,N,"The client's response 'I don't think so!' indicates a lack of additional concerns or plans, but it does not clearly support or oppose the change itself."
5,60dde1621f6e206dea63a7dd,counsellor,177,34,"Thank you for spending this time talking with me today. I’d like to summarize what we’ve discussed so far. You shared how you're adjusting to life in London and enjoying your new work routine, though balancing work and social life can sometimes lead to burnout. Alongside this, smoking plays a role in your life, both socially and sentimentally, though you have a desire to gain more control over it. You've expressed a motivation to improve your health and breathing by reducing your daily smoking habit. You've chosen Sunday as a day to start limiting your smoking to one or two cigarettes a day, while considering alternatives like gum to help address the oral fixation. You've taken thoughtful steps toward change, and I'm here to support you as you move forward. If anything else comes up, feel free to reach out. Take care!

Would you like to continue the conversation?",464,98,Thank you for spending this time talking with me today.,,,,
5,60dde1621f6e206dea63a7dd,counsellor,177,34,"Thank you for spending this time talking with me today. I’d like to summarize what we’ve discussed so far. You shared how you're adjusting to life in London and enjoying your new work routine, though balancing work and social life can sometimes lead to burnout. Alongside this, smoking plays a role in your life, both socially and sentimentally, though you have a desire to gain more control over it. You've expressed a motivation to improve your health and breathing by reducing your daily smoking habit. You've chosen Sunday as a day to start limiting your smoking to one or two cigarettes a day, while considering alternatives like gum to help address the oral fixation. You've taken thoughtful steps toward change, and I'm here to support you as you move forward. If anything else comes up, feel free to reach out. Take care!

Would you like to continue the conversation?",465,99,I’d like to summarize what we’ve discussed so far.,,,,
5,60dde1621f6e206dea63a7dd,counsellor,177,34,"Thank you for spending this time talking with me today. I’d like to summarize what we’ve discussed so far. You shared how you're adjusting to life in London and enjoying your new work routine, though balancing work and social life can sometimes lead to burnout. Alongside this, smoking plays a role in your life, both socially and sentimentally, though you have a desire to gain more control over it. You've expressed a motivation to improve your health and breathing by reducing your daily smoking habit. You've chosen Sunday as a day to start limiting your smoking to one or two cigarettes a day, while considering alternatives like gum to help address the oral fixation. You've taken thoughtful steps toward change, and I'm here to support you as you move forward. If anything else comes up, feel free to reach out. Take care!

Would you like to continue the conversation?",466,100,"You shared how you're adjusting to life in London and enjoying your new work routine, though balancing work and social life can sometimes lead to burnout.",,,,
5,60dde1621f6e206dea63a7dd,counsellor,177,34,"Thank you for spending this time talking with me today. I’d like to summarize what we’ve discussed so far. You shared how you're adjusting to life in London and enjoying your new work routine, though balancing work and social life can sometimes lead to burnout. Alongside this, smoking plays a role in your life, both socially and sentimentally, though you have a desire to gain more control over it. You've expressed a motivation to improve your health and breathing by reducing your daily smoking habit. You've chosen Sunday as a day to start limiting your smoking to one or two cigarettes a day, while considering alternatives like gum to help address the oral fixation. You've taken thoughtful steps toward change, and I'm here to support you as you move forward. If anything else comes up, feel free to reach out. Take care!

Would you like to continue the conversation?",467,101,"Alongside this, smoking plays a role in your life, both socially and sentimentally, though you have a desire to gain more control over it.",,,,
5,60dde1621f6e206dea63a7dd,counsellor,177,34,"Thank you for spending this time talking with me today. I’d like to summarize what we’ve discussed so far. You shared how you're adjusting to life in London and enjoying your new work routine, though balancing work and social life can sometimes lead to burnout. Alongside this, smoking plays a role in your life, both socially and sentimentally, though you have a desire to gain more control over it. You've expressed a motivation to improve your health and breathing by reducing your daily smoking habit. You've chosen Sunday as a day to start limiting your smoking to one or two cigarettes a day, while considering alternatives like gum to help address the oral fixation. You've taken thoughtful steps toward change, and I'm here to support you as you move forward. If anything else comes up, feel free to reach out. Take care!

Would you like to continue the conversation?",468,102,You've expressed a motivation to improve your health and breathing by reducing your daily smoking habit.,,,,
5,60dde1621f6e206dea63a7dd,counsellor,177,34,"Thank you for spending this time talking with me today. I’d like to summarize what we’ve discussed so far. You shared how you're adjusting to life in London and enjoying your new work routine, though balancing work and social life can sometimes lead to burnout. Alongside this, smoking plays a role in your life, both socially and sentimentally, though you have a desire to gain more control over it. You've expressed a motivation to improve your health and breathing by reducing your daily smoking habit. You've chosen Sunday as a day to start limiting your smoking to one or two cigarettes a day, while considering alternatives like gum to help address the oral fixation. You've taken thoughtful steps toward change, and I'm here to support you as you move forward. If anything else comes up, feel free to reach out. Take care!

Would you like to continue the conversation?",469,103,"You've chosen Sunday as a day to start limiting your smoking to one or two cigarettes a day, while considering alternatives like gum to help address the oral fixation.",,,,
5,60dde1621f6e206dea63a7dd,counsellor,177,34,"Thank you for spending this time talking with me today. I’d like to summarize what we’ve discussed so far. You shared how you're adjusting to life in London and enjoying your new work routine, though balancing work and social life can sometimes lead to burnout. Alongside this, smoking plays a role in your life, both socially and sentimentally, though you have a desire to gain more control over it. You've expressed a motivation to improve your health and breathing by reducing your daily smoking habit. You've chosen Sunday as a day to start limiting your smoking to one or two cigarettes a day, while considering alternatives like gum to help address the oral fixation. You've taken thoughtful steps toward change, and I'm here to support you as you move forward. If anything else comes up, feel free to reach out. Take care!

Would you like to continue the conversation?",470,104,"You've taken thoughtful steps toward change, and I'm here to support you as you move forward.",,,,
5,60dde1621f6e206dea63a7dd,counsellor,177,34,"Thank you for spending this time talking with me today. I’d like to summarize what we’ve discussed so far. You shared how you're adjusting to life in London and enjoying your new work routine, though balancing work and social life can sometimes lead to burnout. Alongside this, smoking plays a role in your life, both socially and sentimentally, though you have a desire to gain more control over it. You've expressed a motivation to improve your health and breathing by reducing your daily smoking habit. You've chosen Sunday as a day to start limiting your smoking to one or two cigarettes a day, while considering alternatives like gum to help address the oral fixation. You've taken thoughtful steps toward change, and I'm here to support you as you move forward. If anything else comes up, feel free to reach out. Take care!

Would you like to continue the conversation?",471,105,"If anything else comes up, feel free to reach out.",,,,
5,60dde1621f6e206dea63a7dd,counsellor,177,34,"Thank you for spending this time talking with me today. I’d like to summarize what we’ve discussed so far. You shared how you're adjusting to life in London and enjoying your new work routine, though balancing work and social life can sometimes lead to burnout. Alongside this, smoking plays a role in your life, both socially and sentimentally, though you have a desire to gain more control over it. You've expressed a motivation to improve your health and breathing by reducing your daily smoking habit. You've chosen Sunday as a day to start limiting your smoking to one or two cigarettes a day, while considering alternatives like gum to help address the oral fixation. You've taken thoughtful steps toward change, and I'm here to support you as you move forward. If anything else comes up, feel free to reach out. Take care!

Would you like to continue the conversation?",472,106,Take care!,,,,
5,60dde1621f6e206dea63a7dd,counsellor,177,34,"Thank you for spending this time talking with me today. I’d like to summarize what we’ve discussed so far. You shared how you're adjusting to life in London and enjoying your new work routine, though balancing work and social life can sometimes lead to burnout. Alongside this, smoking plays a role in your life, both socially and sentimentally, though you have a desire to gain more control over it. You've expressed a motivation to improve your health and breathing by reducing your daily smoking habit. You've chosen Sunday as a day to start limiting your smoking to one or two cigarettes a day, while considering alternatives like gum to help address the oral fixation. You've taken thoughtful steps toward change, and I'm here to support you as you move forward. If anything else comes up, feel free to reach out. Take care!

Would you like to continue the conversation?",473,107,Would you like to continue the conversation?,,,,
5,60dde1621f6e206dea63a7dd,client,178,35,No,474,108,No,N,The client's response 'No' is brief and does not provide any clear indication of a stance toward changing or maintaining the target behavior. It simply declines the offer to continue the conversation.,N,The client's response 'No' is brief and does not provide enough context to determine if it supports or opposes change. It simply indicates that the client does not want to continue the conversation.
6,663b79f76293a4480abba57d,counsellor,179,0,Hello! I'm so glad you could make it today. How are you feeling right now?,475,0,Hello!,,,,
6,663b79f76293a4480abba57d,counsellor,179,0,Hello! I'm so glad you could make it today. How are you feeling right now?,476,1,I'm so glad you could make it today.,,,,
6,663b79f76293a4480abba57d,counsellor,179,0,Hello! I'm so glad you could make it today. How are you feeling right now?,477,2,How are you feeling right now?,,,,
6,663b79f76293a4480abba57d,client,180,1,I am feeling fine.,478,3,I am feeling fine.,N,The client's response is a neutral statement about their current state without expressing a stance toward changing or maintaining the target behavior.,N,The client's response is neutral and does not indicate a clear stance on change or any specific direction in the conversation.
6,663b79f76293a4480abba57d,counsellor,181,2,That's great to hear. I'm here to explore anything on your mind that you'd like to discuss. We can talk about smoking and how it fits into your life if that's something you're open to. What's been your experience with that lately?,479,4,That's great to hear.,,,,
6,663b79f76293a4480abba57d,counsellor,181,2,That's great to hear. I'm here to explore anything on your mind that you'd like to discuss. We can talk about smoking and how it fits into your life if that's something you're open to. What's been your experience with that lately?,480,5,I'm here to explore anything on your mind that you'd like to discuss.,,,,
6,663b79f76293a4480abba57d,counsellor,181,2,That's great to hear. I'm here to explore anything on your mind that you'd like to discuss. We can talk about smoking and how it fits into your life if that's something you're open to. What's been your experience with that lately?,481,6,We can talk about smoking and how it fits into your life if that's something you're open to.,,,,
6,663b79f76293a4480abba57d,counsellor,181,2,That's great to hear. I'm here to explore anything on your mind that you'd like to discuss. We can talk about smoking and how it fits into your life if that's something you're open to. What's been your experience with that lately?,482,7,What's been your experience with that lately?,,,,
6,663b79f76293a4480abba57d,client,182,3,I've been smoking for about 11 years now. I smoke on average around 10 cigarettes a day.,483,8,I've been smoking for about 11 years now.,N,The client provides a factual statement about their smoking history without expressing a stance toward changing or maintaining the behavior.,N,The client's utterance is a neutral statement of fact about their smoking history and does not indicate a clear stance on change.
6,663b79f76293a4480abba57d,client,182,3,I've been smoking for about 11 years now. I smoke on average around 10 cigarettes a day.,484,9,I smoke on average around 10 cigarettes a day.,N,The client is providing factual information about their smoking habits without expressing a stance toward changing or maintaining the behavior.,N,The client's statement is a neutral fact about their smoking habits and does not clearly support or oppose change.
6,663b79f76293a4480abba57d,counsellor,183,4,"That's a long time, and it sounds like smoking has been a part of your routine. I'm curious, what are some things you like about smoking, and what are some things you might not like as much?",485,10,"That's a long time, and it sounds like smoking has been a part of your routine.",,,,
6,663b79f76293a4480abba57d,counsellor,183,4,"That's a long time, and it sounds like smoking has been a part of your routine. I'm curious, what are some things you like about smoking, and what are some things you might not like as much?",486,11,"I'm curious, what are some things you like about smoking, and what are some things you might not like as much?",,,,
6,663b79f76293a4480abba57d,client,184,5,"I like that it basically gives me a break from whatever I was doing and whatever was on my mind, it gives me a chance to clear my head. I don't like that I have to spend money on cigarettes.",487,12,"I like that it basically gives me a break from whatever I was doing and whatever was on my mind, it gives me a chance to clear my head.",S,"The client expresses a positive aspect of smoking, indicating that it provides a break and helps them clear their head. This supports the continuation of the behavior.",R-,"The client expresses that smoking provides a break and a chance to clear their head, which is a reason for maintaining the target behaviour."
6,663b79f76293a4480abba57d,client,184,5,"I like that it basically gives me a break from whatever I was doing and whatever was on my mind, it gives me a chance to clear my head. I don't like that I have to spend money on cigarettes.",488,13,I don't like that I have to spend money on cigarettes.,C,"The client expresses a reason for not liking smoking, specifically the financial cost, which can be seen as a reason to change the behavior.",R+,"The client provides a reason for not liking smoking, specifically the financial cost. This aligns with the Reasons (R+) category."
6,663b79f76293a4480abba57d,counsellor,185,6,"Taking a moment to pause and clear your mind with a cigarette sounds like a benefit for you. At the same time, the financial cost is something you're not happy about. It seems like there's a balance between what smoking offers you and the drawbacks it brings. How do you feel about that balance at the moment?",489,14,Taking a moment to pause and clear your mind with a cigarette sounds like a benefit for you.,,,,
6,663b79f76293a4480abba57d,counsellor,185,6,"Taking a moment to pause and clear your mind with a cigarette sounds like a benefit for you. At the same time, the financial cost is something you're not happy about. It seems like there's a balance between what smoking offers you and the drawbacks it brings. How do you feel about that balance at the moment?",490,15,"At the same time, the financial cost is something you're not happy about.",,,,
6,663b79f76293a4480abba57d,counsellor,185,6,"Taking a moment to pause and clear your mind with a cigarette sounds like a benefit for you. At the same time, the financial cost is something you're not happy about. It seems like there's a balance between what smoking offers you and the drawbacks it brings. How do you feel about that balance at the moment?",491,16,It seems like there's a balance between what smoking offers you and the drawbacks it brings.,,,,
6,663b79f76293a4480abba57d,counsellor,185,6,"Taking a moment to pause and clear your mind with a cigarette sounds like a benefit for you. At the same time, the financial cost is something you're not happy about. It seems like there's a balance between what smoking offers you and the drawbacks it brings. How do you feel about that balance at the moment?",492,17,How do you feel about that balance at the moment?,,,,
6,663b79f76293a4480abba57d,client,186,7,I'm fine with the balance. I spend less money on other things to make up for the cost of cigarettes.,493,18,I'm fine with the balance.,S,"The client is indicating that they are content with the current balance between the benefits and drawbacks of smoking, which suggests a stance toward maintaining the behavior.",AC-,"The client's statement indicates a sense of contentment with the current situation, suggesting they are not ready to make a change. This aligns with the Activation category, which includes a leaning towards inaction."
6,663b79f76293a4480abba57d,client,186,7,I'm fine with the balance. I spend less money on other things to make up for the cost of cigarettes.,494,19,I spend less money on other things to make up for the cost of cigarettes.,S,"The client is providing a reason for maintaining the target behavior (smoking) by explaining how they manage the financial cost, which aligns with sustain talk.",R-,The client is providing a reason for maintaining the target behaviour by explaining how they manage the financial cost of smoking.
6,663b79f76293a4480abba57d,counsellor,187,8,"You've adjusted your expenses in other areas to accommodate for cigarettes, which shows how you've managed to maintain this balance. It’s understandable how these trade-offs might work for you. Has there been anything that's made you reconsider this balance or think about the role smoking plays in your life?",495,20,"You've adjusted your expenses in other areas to accommodate for cigarettes, which shows how you've managed to maintain this balance.",,,,
6,663b79f76293a4480abba57d,counsellor,187,8,"You've adjusted your expenses in other areas to accommodate for cigarettes, which shows how you've managed to maintain this balance. It’s understandable how these trade-offs might work for you. Has there been anything that's made you reconsider this balance or think about the role smoking plays in your life?",496,21,It’s understandable how these trade-offs might work for you.,,,,
6,663b79f76293a4480abba57d,counsellor,187,8,"You've adjusted your expenses in other areas to accommodate for cigarettes, which shows how you've managed to maintain this balance. It’s understandable how these trade-offs might work for you. Has there been anything that's made you reconsider this balance or think about the role smoking plays in your life?",497,22,Has there been anything that's made you reconsider this balance or think about the role smoking plays in your life?,,,,
6,663b79f76293a4480abba57d,client,188,9,"On the positive side, I also like the relaxing feeling cigarettes give me. On the negative side, of course there are health risks associated with smoking.",498,23,"On the positive side, I also like the relaxing feeling cigarettes give me.",S,"The client expresses a positive aspect of smoking, which supports maintaining the behavior.",R-,"The client expresses a positive aspect of smoking, which is the relaxing feeling it provides. This aligns with the Reasons (R-) category as it provides a reason for maintaining the target behavior."
6,663b79f76293a4480abba57d,client,188,9,"On the positive side, I also like the relaxing feeling cigarettes give me. On the negative side, of course there are health risks associated with smoking.",499,24,"On the negative side, of course there are health risks associated with smoking.",C,"The client mentions the health risks associated with smoking, which is a reason for change, even though it is not a direct commitment or desire to change.",R+,"The client mentions the health risks associated with smoking, which provides a reason for why they might consider changing their behavior."
6,663b79f76293a4480abba57d,counsellor,189,10,"The relaxation you get from smoking is clearly significant for you. At the same time, the potential health risks are on your mind. It's like there's a tug-of-war between the immediate comfort and the long-term concerns. How do you find yourself navigating those thoughts and feelings?",500,25,The relaxation you get from smoking is clearly significant for you.,,,,
6,663b79f76293a4480abba57d,counsellor,189,10,"The relaxation you get from smoking is clearly significant for you. At the same time, the potential health risks are on your mind. It's like there's a tug-of-war between the immediate comfort and the long-term concerns. How do you find yourself navigating those thoughts and feelings?",501,26,"At the same time, the potential health risks are on your mind.",,,,
6,663b79f76293a4480abba57d,counsellor,189,10,"The relaxation you get from smoking is clearly significant for you. At the same time, the potential health risks are on your mind. It's like there's a tug-of-war between the immediate comfort and the long-term concerns. How do you find yourself navigating those thoughts and feelings?",502,27,It's like there's a tug-of-war between the immediate comfort and the long-term concerns.,,,,
6,663b79f76293a4480abba57d,counsellor,189,10,"The relaxation you get from smoking is clearly significant for you. At the same time, the potential health risks are on your mind. It's like there's a tug-of-war between the immediate comfort and the long-term concerns. How do you find yourself navigating those thoughts and feelings?",503,28,How do you find yourself navigating those thoughts and feelings?,,,,
6,663b79f76293a4480abba57d,client,190,11,I don't really give it much thought. It's become sort of a routine by now to smoke.,504,29,I don't really give it much thought.,N,"The client's statement does not express a clear stance toward changing or maintaining the behavior. It indicates a lack of active consideration, which is neutral.",N,"The client's response does not clearly indicate support or opposition to change. It suggests a lack of active consideration of the issue, but does not provide a clear direction towards or away from change."
6,663b79f76293a4480abba57d,client,190,11,I don't really give it much thought. It's become sort of a routine by now to smoke.,505,30,It's become sort of a routine by now to smoke.,S,"The client is expressing that smoking has become a routine, which implies a sense of habitual behavior and a reason for maintaining the target behavior.",O-,"The client is expressing that smoking has become a habitual part of their routine, which supports maintaining the target behaviour but does not fit into the more specific categories like Desire, Ability, Reasons, Need, Commitment, Activation, or Taking Steps."
6,663b79f76293a4480abba57d,counsellor,191,12,"Smoking has become a routine for you, something that you do almost automatically. It’s understandable that it might not always be on your mind. Do you ever notice moments when that routine is challenged or where you find yourself questioning it, even a little bit?",506,31,"Smoking has become a routine for you, something that you do almost automatically.",,,,
6,663b79f76293a4480abba57d,counsellor,191,12,"Smoking has become a routine for you, something that you do almost automatically. It’s understandable that it might not always be on your mind. Do you ever notice moments when that routine is challenged or where you find yourself questioning it, even a little bit?",507,32,It’s understandable that it might not always be on your mind.,,,,
6,663b79f76293a4480abba57d,counsellor,191,12,"Smoking has become a routine for you, something that you do almost automatically. It’s understandable that it might not always be on your mind. Do you ever notice moments when that routine is challenged or where you find yourself questioning it, even a little bit?",508,33,"Do you ever notice moments when that routine is challenged or where you find yourself questioning it, even a little bit?",,,,
6,663b79f76293a4480abba57d,client,192,13,"Yes. If I can't smoke for whatever reason, I do get a craving for one. I also do think of the possible negative health consequences from time to time.",509,34,Yes.,N,The client's response 'Yes' is brief and does not provide enough context to determine a clear stance toward changing or maintaining the target behavior. It simply acknowledges the counsellor's statement without expressing a specific position.,N,The client's response 'Yes' does not provide enough information to determine if it supports or opposes change. It is a brief acknowledgment without further context or elaboration.
6,663b79f76293a4480abba57d,client,192,13,"Yes. If I can't smoke for whatever reason, I do get a craving for one. I also do think of the possible negative health consequences from time to time.",510,35,"If I can't smoke for whatever reason, I do get a craving for one.",S,"The client is expressing a need to maintain the behavior by indicating that they experience cravings when they cannot smoke, which suggests a dependency on the behavior.",N-,"The client is expressing a need to smoke, indicating that they experience cravings when they cannot smoke, which suggests a strong need to maintain the behavior."
6,663b79f76293a4480abba57d,client,192,13,"Yes. If I can't smoke for whatever reason, I do get a craving for one. I also do think of the possible negative health consequences from time to time.",511,36,I also do think of the possible negative health consequences from time to time.,C,"The client mentions thinking about the negative health consequences, which is a reason for change.",R+,"The client mentions the negative health consequences, which provides a reason for considering change."
6,663b79f76293a4480abba57d,counsellor,193,14,"It makes sense that cravings would pop up when you can't smoke, and the health consequences sometimes come to mind. These moments of craving and concern seem like they might add layers to your relationship with smoking. How do you usually handle those cravings or thoughts about health when they surface?",512,37,"It makes sense that cravings would pop up when you can't smoke, and the health consequences sometimes come to mind.",,,,
6,663b79f76293a4480abba57d,counsellor,193,14,"It makes sense that cravings would pop up when you can't smoke, and the health consequences sometimes come to mind. These moments of craving and concern seem like they might add layers to your relationship with smoking. How do you usually handle those cravings or thoughts about health when they surface?",513,38,These moments of craving and concern seem like they might add layers to your relationship with smoking.,,,,
6,663b79f76293a4480abba57d,counsellor,193,14,"It makes sense that cravings would pop up when you can't smoke, and the health consequences sometimes come to mind. These moments of craving and concern seem like they might add layers to your relationship with smoking. How do you usually handle those cravings or thoughts about health when they surface?",514,39,How do you usually handle those cravings or thoughts about health when they surface?,,,,
6,663b79f76293a4480abba57d,client,194,15,"If I can't smoke at that moment I usually just try to get my mind off of the idea. In regards to the thoughts of health, I also just try not to think about it.",515,40,If I can't smoke at that moment I usually just try to get my mind off of the idea.,N,"The client is describing a strategy they use to manage cravings, which is a neutral statement about their behavior without expressing a clear stance toward changing or maintaining smoking.",N,The client's response does not clearly indicate support or opposition to change. It simply describes a current coping mechanism without expressing a stance on changing the behavior.
6,663b79f76293a4480abba57d,client,194,15,"If I can't smoke at that moment I usually just try to get my mind off of the idea. In regards to the thoughts of health, I also just try not to think about it.",516,41,"In regards to the thoughts of health, I also just try not to think about it.",S,"The client is expressing a desire to avoid thinking about the health consequences of smoking, which aligns with maintaining the current behavior.",AC-,"The client is expressing a strategy to avoid thinking about the health consequences, which leans towards inaction and maintaining the current behavior."
6,663b79f76293a4480abba57d,counsellor,195,16,"Distracting yourself from cravings and trying not to dwell on health thoughts seem like strategies you use to navigate those challenges. It takes resilience to manage those feelings when they arise. Have there been times when you've thought about making any changes, or is staying with your routine more comfortable for now?",517,42,Distracting yourself from cravings and trying not to dwell on health thoughts seem like strategies you use to navigate those challenges.,,,,
6,663b79f76293a4480abba57d,counsellor,195,16,"Distracting yourself from cravings and trying not to dwell on health thoughts seem like strategies you use to navigate those challenges. It takes resilience to manage those feelings when they arise. Have there been times when you've thought about making any changes, or is staying with your routine more comfortable for now?",518,43,It takes resilience to manage those feelings when they arise.,,,,
6,663b79f76293a4480abba57d,counsellor,195,16,"Distracting yourself from cravings and trying not to dwell on health thoughts seem like strategies you use to navigate those challenges. It takes resilience to manage those feelings when they arise. Have there been times when you've thought about making any changes, or is staying with your routine more comfortable for now?",519,44,"Have there been times when you've thought about making any changes, or is staying with your routine more comfortable for now?",,,,
6,663b79f76293a4480abba57d,client,196,17,"Where I am at right now in my life, I couldn't see myself quitting just yet. I am at a sort of stressful point in my life and smoking aids that. However, I would like to quit eventually.",520,45,"Where I am at right now in my life, I couldn't see myself quitting just yet.",S,"The client expresses a commitment to maintaining the current behavior, indicating that they are not ready to quit at this point in their life.",AC-,"The client expresses that they are not ready to quit smoking at this point in their life, indicating a lack of readiness to take action."
6,663b79f76293a4480abba57d,client,196,17,"Where I am at right now in my life, I couldn't see myself quitting just yet. I am at a sort of stressful point in my life and smoking aids that. However, I would like to quit eventually.",521,46,I am at a sort of stressful point in my life and smoking aids that.,S,"The client expresses that smoking helps them manage stress, which is a reason for maintaining the target behavior.",R-,"The client is expressing that smoking helps them manage stress, which is a reason for maintaining the target behaviour."
6,663b79f76293a4480abba57d,client,196,17,"Where I am at right now in my life, I couldn't see myself quitting just yet. I am at a sort of stressful point in my life and smoking aids that. However, I would like to quit eventually.",522,47,"However, I would like to quit eventually.",C,"The client expresses a desire to quit, indicating a stance toward changing the target behavior.",D+,"The client expresses a desire to quit smoking in the future, indicating a wish to change the target behaviour."
6,663b79f76293a4480abba57d,counsellor,197,18,"Right now, smoking provides some relief during a stressful time, and it seems like it's helping you manage that stress. It's also clear that there's a part of you that envisions a future where quitting is possible. How do you visualize that future, when the time comes that quitting might feel right for you?",523,48,"Right now, smoking provides some relief during a stressful time, and it seems like it's helping you manage that stress.",,,,
6,663b79f76293a4480abba57d,counsellor,197,18,"Right now, smoking provides some relief during a stressful time, and it seems like it's helping you manage that stress. It's also clear that there's a part of you that envisions a future where quitting is possible. How do you visualize that future, when the time comes that quitting might feel right for you?",524,49,It's also clear that there's a part of you that envisions a future where quitting is possible.,,,,
6,663b79f76293a4480abba57d,counsellor,197,18,"Right now, smoking provides some relief during a stressful time, and it seems like it's helping you manage that stress. It's also clear that there's a part of you that envisions a future where quitting is possible. How do you visualize that future, when the time comes that quitting might feel right for you?",525,50,"How do you visualize that future, when the time comes that quitting might feel right for you?",,,,
6,663b79f76293a4480abba57d,client,198,19,"I think that when I am financially secure, have a good stable job and if I am raising a family that I would like to quit at that point.",526,51,"I think that when I am financially secure, have a good stable job and if I am raising a family that I would like to quit at that point.",C,"The client expresses a future desire to quit smoking under specific conditions, indicating a commitment to change when those conditions are met.",R+,"The client is providing a reason for why they would like to quit smoking in the future, specifically when they are in a more stable and family-oriented situation."
6,663b79f76293a4480abba57d,counsellor,199,20,"Imagining a future where quitting aligns with financial security, career stability, and family life paints a promising picture for you. It's a time when you see things coming together in a way that supports making a change. Though you're not ready to quit right now, having that vision shows you're already thinking about what you want for yourself. Is there anything you'd like to talk about or explore around this vision or your current routine today?",527,52,"Imagining a future where quitting aligns with financial security, career stability, and family life paints a promising picture for you.",,,,
6,663b79f76293a4480abba57d,counsellor,199,20,"Imagining a future where quitting aligns with financial security, career stability, and family life paints a promising picture for you. It's a time when you see things coming together in a way that supports making a change. Though you're not ready to quit right now, having that vision shows you're already thinking about what you want for yourself. Is there anything you'd like to talk about or explore around this vision or your current routine today?",528,53,It's a time when you see things coming together in a way that supports making a change.,,,,
6,663b79f76293a4480abba57d,counsellor,199,20,"Imagining a future where quitting aligns with financial security, career stability, and family life paints a promising picture for you. It's a time when you see things coming together in a way that supports making a change. Though you're not ready to quit right now, having that vision shows you're already thinking about what you want for yourself. Is there anything you'd like to talk about or explore around this vision or your current routine today?",529,54,"Though you're not ready to quit right now, having that vision shows you're already thinking about what you want for yourself.",,,,
6,663b79f76293a4480abba57d,counsellor,199,20,"Imagining a future where quitting aligns with financial security, career stability, and family life paints a promising picture for you. It's a time when you see things coming together in a way that supports making a change. Though you're not ready to quit right now, having that vision shows you're already thinking about what you want for yourself. Is there anything you'd like to talk about or explore around this vision or your current routine today?",530,55,Is there anything you'd like to talk about or explore around this vision or your current routine today?,,,,
6,663b79f76293a4480abba57d,client,200,21,"The vision for quitting would be that once I feel i'm in a less stressful phase of my life, I will cut down the number of cigarettes per day slowly, and eventually entirely quit them.",531,56,"The vision for quitting would be that once I feel I'm in a less stressful phase of my life,",C,"The client is expressing a desire to quit in the future, contingent on a less stressful phase of life, which aligns with the idea of change.",D+,"The client is expressing a future-oriented desire to quit smoking, contingent on a less stressful phase of life. This indicates a desire to change, even though it is not immediate."
6,663b79f76293a4480abba57d,client,200,21,"The vision for quitting would be that once I feel i'm in a less stressful phase of my life, I will cut down the number of cigarettes per day slowly, and eventually entirely quit them.",532,57,"I will cut down the number of cigarettes per day slowly,",C,"The client expresses a plan to reduce the number of cigarettes they smoke, which indicates a step toward changing the target behavior.",TS+,"The client expresses a specific action they are willing to take towards reducing their smoking, which indicates a step towards change."
6,663b79f76293a4480abba57d,client,200,21,"The vision for quitting would be that once I feel i'm in a less stressful phase of my life, I will cut down the number of cigarettes per day slowly, and eventually entirely quit them.",533,58,and eventually entirely quit them.,C,"The client expresses a future intention to quit, which indicates a commitment to change.",D+,"The client expresses a future-oriented desire to quit, indicating a long-term goal or aspiration."
6,663b79f76293a4480abba57d,counsellor,201,22,"Thank you so much for spending time with me today. We've reached a natural point to wrap up, and I'd like to take a moment to summarize what we've talked about. 

We explored your smoking routine and how it's been a part of your life for about 11 years, providing both a mental break and a relaxing feeling. You've also been mindful of the financial cost and health risks associated with smoking. Right now, during a stressful phase, smoking seems to offer some comfort. But there's a vision you hold for the future: a time when you're financially secure, stable in your job, and possibly raising a family, which includes slowly cutting down cigarettes and eventually quitting. 

This vision, while not immediately actionable, reflects a thoughtful approach to how you might navigate change when the timing feels right for you. Please feel free to reach out whenever you'd like to explore more, and I’m here to support you along the way. 

Take care, and I look forward to our next conversation if that feels right for you.",534,59,Thank you so much for spending time with me today.,,,,
6,663b79f76293a4480abba57d,counsellor,201,22,"Thank you so much for spending time with me today. We've reached a natural point to wrap up, and I'd like to take a moment to summarize what we've talked about. 

We explored your smoking routine and how it's been a part of your life for about 11 years, providing both a mental break and a relaxing feeling. You've also been mindful of the financial cost and health risks associated with smoking. Right now, during a stressful phase, smoking seems to offer some comfort. But there's a vision you hold for the future: a time when you're financially secure, stable in your job, and possibly raising a family, which includes slowly cutting down cigarettes and eventually quitting. 

This vision, while not immediately actionable, reflects a thoughtful approach to how you might navigate change when the timing feels right for you. Please feel free to reach out whenever you'd like to explore more, and I’m here to support you along the way. 

Take care, and I look forward to our next conversation if that feels right for you.",535,60,"We've reached a natural point to wrap up, and I'd like to take a moment to summarize what we've talked about.",,,,
6,663b79f76293a4480abba57d,counsellor,201,22,"Thank you so much for spending time with me today. We've reached a natural point to wrap up, and I'd like to take a moment to summarize what we've talked about. 

We explored your smoking routine and how it's been a part of your life for about 11 years, providing both a mental break and a relaxing feeling. You've also been mindful of the financial cost and health risks associated with smoking. Right now, during a stressful phase, smoking seems to offer some comfort. But there's a vision you hold for the future: a time when you're financially secure, stable in your job, and possibly raising a family, which includes slowly cutting down cigarettes and eventually quitting. 

This vision, while not immediately actionable, reflects a thoughtful approach to how you might navigate change when the timing feels right for you. Please feel free to reach out whenever you'd like to explore more, and I’m here to support you along the way. 

Take care, and I look forward to our next conversation if that feels right for you.",536,61,"We explored your smoking routine and how it's been a part of your life for about 11 years, providing both a mental break and a relaxing feeling.",,,,
6,663b79f76293a4480abba57d,counsellor,201,22,"Thank you so much for spending time with me today. We've reached a natural point to wrap up, and I'd like to take a moment to summarize what we've talked about. 

We explored your smoking routine and how it's been a part of your life for about 11 years, providing both a mental break and a relaxing feeling. You've also been mindful of the financial cost and health risks associated with smoking. Right now, during a stressful phase, smoking seems to offer some comfort. But there's a vision you hold for the future: a time when you're financially secure, stable in your job, and possibly raising a family, which includes slowly cutting down cigarettes and eventually quitting. 

This vision, while not immediately actionable, reflects a thoughtful approach to how you might navigate change when the timing feels right for you. Please feel free to reach out whenever you'd like to explore more, and I’m here to support you along the way. 

Take care, and I look forward to our next conversation if that feels right for you.",537,62,You've also been mindful of the financial cost and health risks associated with smoking.,,,,
6,663b79f76293a4480abba57d,counsellor,201,22,"Thank you so much for spending time with me today. We've reached a natural point to wrap up, and I'd like to take a moment to summarize what we've talked about. 

We explored your smoking routine and how it's been a part of your life for about 11 years, providing both a mental break and a relaxing feeling. You've also been mindful of the financial cost and health risks associated with smoking. Right now, during a stressful phase, smoking seems to offer some comfort. But there's a vision you hold for the future: a time when you're financially secure, stable in your job, and possibly raising a family, which includes slowly cutting down cigarettes and eventually quitting. 

This vision, while not immediately actionable, reflects a thoughtful approach to how you might navigate change when the timing feels right for you. Please feel free to reach out whenever you'd like to explore more, and I’m here to support you along the way. 

Take care, and I look forward to our next conversation if that feels right for you.",538,63,"Right now, during a stressful phase, smoking seems to offer some comfort.",,,,
6,663b79f76293a4480abba57d,counsellor,201,22,"Thank you so much for spending time with me today. We've reached a natural point to wrap up, and I'd like to take a moment to summarize what we've talked about. 

We explored your smoking routine and how it's been a part of your life for about 11 years, providing both a mental break and a relaxing feeling. You've also been mindful of the financial cost and health risks associated with smoking. Right now, during a stressful phase, smoking seems to offer some comfort. But there's a vision you hold for the future: a time when you're financially secure, stable in your job, and possibly raising a family, which includes slowly cutting down cigarettes and eventually quitting. 

This vision, while not immediately actionable, reflects a thoughtful approach to how you might navigate change when the timing feels right for you. Please feel free to reach out whenever you'd like to explore more, and I’m here to support you along the way. 

Take care, and I look forward to our next conversation if that feels right for you.",539,64,"But there's a vision you hold for the future: a time when you're financially secure, stable in your job, and possibly raising a family, which includes slowly cutting down cigarettes and eventually quitting.",,,,
6,663b79f76293a4480abba57d,counsellor,201,22,"Thank you so much for spending time with me today. We've reached a natural point to wrap up, and I'd like to take a moment to summarize what we've talked about. 

We explored your smoking routine and how it's been a part of your life for about 11 years, providing both a mental break and a relaxing feeling. You've also been mindful of the financial cost and health risks associated with smoking. Right now, during a stressful phase, smoking seems to offer some comfort. But there's a vision you hold for the future: a time when you're financially secure, stable in your job, and possibly raising a family, which includes slowly cutting down cigarettes and eventually quitting. 

This vision, while not immediately actionable, reflects a thoughtful approach to how you might navigate change when the timing feels right for you. Please feel free to reach out whenever you'd like to explore more, and I’m here to support you along the way. 

Take care, and I look forward to our next conversation if that feels right for you.",540,65,"This vision, while not immediately actionable, reflects a thoughtful approach to how you might navigate change when the timing feels right for you.",,,,
6,663b79f76293a4480abba57d,counsellor,201,22,"Thank you so much for spending time with me today. We've reached a natural point to wrap up, and I'd like to take a moment to summarize what we've talked about. 

We explored your smoking routine and how it's been a part of your life for about 11 years, providing both a mental break and a relaxing feeling. You've also been mindful of the financial cost and health risks associated with smoking. Right now, during a stressful phase, smoking seems to offer some comfort. But there's a vision you hold for the future: a time when you're financially secure, stable in your job, and possibly raising a family, which includes slowly cutting down cigarettes and eventually quitting. 

This vision, while not immediately actionable, reflects a thoughtful approach to how you might navigate change when the timing feels right for you. Please feel free to reach out whenever you'd like to explore more, and I’m here to support you along the way. 

Take care, and I look forward to our next conversation if that feels right for you.",541,66,"Please feel free to reach out whenever you'd like to explore more, and I’m here to support you along the way.",,,,
6,663b79f76293a4480abba57d,counsellor,201,22,"Thank you so much for spending time with me today. We've reached a natural point to wrap up, and I'd like to take a moment to summarize what we've talked about. 

We explored your smoking routine and how it's been a part of your life for about 11 years, providing both a mental break and a relaxing feeling. You've also been mindful of the financial cost and health risks associated with smoking. Right now, during a stressful phase, smoking seems to offer some comfort. But there's a vision you hold for the future: a time when you're financially secure, stable in your job, and possibly raising a family, which includes slowly cutting down cigarettes and eventually quitting. 

This vision, while not immediately actionable, reflects a thoughtful approach to how you might navigate change when the timing feels right for you. Please feel free to reach out whenever you'd like to explore more, and I’m here to support you along the way. 

Take care, and I look forward to our next conversation if that feels right for you.",542,67,"Take care, and I look forward to our next conversation if that feels right for you.",,,,
7,67336dc4beb89674ca687d87,counsellor,202,0,Hi there! I'm really glad you've taken the time to chat today. How have you been feeling lately?,543,0,Hi there!,,,,
7,67336dc4beb89674ca687d87,counsellor,202,0,Hi there! I'm really glad you've taken the time to chat today. How have you been feeling lately?,544,1,I'm really glad you've taken the time to chat today.,,,,
7,67336dc4beb89674ca687d87,counsellor,202,0,Hi there! I'm really glad you've taken the time to chat today. How have you been feeling lately?,545,2,How have you been feeling lately?,,,,
7,67336dc4beb89674ca687d87,client,203,1,ive been feeling abit low on energy and motivation,546,3,I've been feeling a bit low on energy and motivation.,N,The client is providing a factual statement about their current state without expressing a clear stance toward changing or maintaining the target behavior.,N,The client's utterance does not clearly support or oppose change; it simply describes their current state of feeling low on energy and motivation.
7,67336dc4beb89674ca687d87,counsellor,204,2,I'm sorry to hear that. Feeling low on energy and motivation can be really challenging. Can you tell me more about what's been going on for you lately?,547,4,I'm sorry to hear that.,,,,
7,67336dc4beb89674ca687d87,counsellor,204,2,I'm sorry to hear that. Feeling low on energy and motivation can be really challenging. Can you tell me more about what's been going on for you lately?,548,5,Feeling low on energy and motivation can be really challenging.,,,,
7,67336dc4beb89674ca687d87,counsellor,204,2,I'm sorry to hear that. Feeling low on energy and motivation can be really challenging. Can you tell me more about what's been going on for you lately?,549,6,Can you tell me more about what's been going on for you lately?,,,,
7,67336dc4beb89674ca687d87,client,205,3,"I have alot of things happening currently in my life,my family is pressuring me into quitting smoking and my health hasnt been that good for the past few weeks",550,7,"I have a lot of things happening currently in my life,",N,The client is providing context about their current situation without expressing a clear stance toward changing or maintaining the target behavior.,N,The client's utterance does not clearly indicate a stance on change. It is a neutral statement providing context about their current situation.
7,67336dc4beb89674ca687d87,client,205,3,"I have alot of things happening currently in my life,my family is pressuring me into quitting smoking and my health hasnt been that good for the past few weeks",551,8,my family is pressuring me into quitting smoking,N,"The client mentions family pressure to quit smoking, which implies an external reason for considering change, but does not explicitly express a personal stance or commitment to change.",N,The client's utterance does not clearly indicate a stance for or against change. It simply states a fact about family pressure without expressing a personal intention or attitude towards quitting smoking.
7,67336dc4beb89674ca687d87,client,205,3,"I have alot of things happening currently in my life,my family is pressuring me into quitting smoking and my health hasnt been that good for the past few weeks",552,9,and my health hasn't been that good for the past few weeks.,N,The client is providing a factual statement about their health without expressing a clear stance toward changing or maintaining the target behavior.,N,The client's utterance does not clearly indicate a stance on change. It is a statement about their current health status without expressing a desire or resistance to change.
7,67336dc4beb89674ca687d87,counsellor,206,4,"It sounds like there's a lot weighing on you right now, both with family expectations and some health concerns. Can you share a bit more about how you're feeling about your smoking at the moment?",553,10,"It sounds like there's a lot weighing on you right now, both with family expectations and some health concerns.",,,,
7,67336dc4beb89674ca687d87,counsellor,206,4,"It sounds like there's a lot weighing on you right now, both with family expectations and some health concerns. Can you share a bit more about how you're feeling about your smoking at the moment?",554,11,Can you share a bit more about how you're feeling about your smoking at the moment?,,,,
7,67336dc4beb89674ca687d87,client,207,5,"I honestly cant function without a smoke,its too much.",555,12,"I honestly can't function without a smoke,",S,"The client expresses a need to maintain the target behavior (smoking) to function, indicating a stance toward maintaining the behavior.",N-,"The client expresses a strong need to maintain the target behaviour, indicating that smoking is essential for their functioning."
7,67336dc4beb89674ca687d87,client,207,5,"I honestly cant function without a smoke,its too much.",556,13,it's too much.,N,"The client's utterance 'it's too much' is vague and does not clearly indicate a stance toward changing or maintaining the target behavior. It could be interpreted as a general expression of overwhelm, which does not provide enough context to classify it as change talk or sustain talk.",N,The client's utterance 'it's too much' does not clearly indicate a stance on change. It expresses a feeling of overwhelm but does not specifically address the client's motivation or lack thereof to change their smoking behavior.
7,67336dc4beb89674ca687d87,counsellor,208,6,"It seems like smoking has become a significant part of your daily routine, like a way to cope with everything else going on. Balancing that dependency with the pressure from your family and worries about your health must feel overwhelming. What are your thoughts about those moments when you reach for a cigarette?",557,14,"It seems like smoking has become a significant part of your daily routine, like a way to cope with everything else going on.",,,,
7,67336dc4beb89674ca687d87,counsellor,208,6,"It seems like smoking has become a significant part of your daily routine, like a way to cope with everything else going on. Balancing that dependency with the pressure from your family and worries about your health must feel overwhelming. What are your thoughts about those moments when you reach for a cigarette?",558,15,Balancing that dependency with the pressure from your family and worries about your health must feel overwhelming.,,,,
7,67336dc4beb89674ca687d87,counsellor,208,6,"It seems like smoking has become a significant part of your daily routine, like a way to cope with everything else going on. Balancing that dependency with the pressure from your family and worries about your health must feel overwhelming. What are your thoughts about those moments when you reach for a cigarette?",559,16,What are your thoughts about those moments when you reach for a cigarette?,,,,
7,67336dc4beb89674ca687d87,client,209,7,I feel ecstatic beacuse i finally get to quench my cigarrete thirst,560,17,I feel ecstatic because I finally get to quench my cigarette thirst.,S,"The client expresses a strong positive emotion (ecstatic) and a desire to continue smoking, which indicates a stance toward maintaining the target behavior.",D-,"The client expresses a strong positive feeling about smoking, indicating a deep-seated desire to maintain the behavior."
7,67336dc4beb89674ca687d87,counsellor,210,8,"That moment of relief and satisfaction is quite powerful, isn't it? It sounds like smoking provides you with a sense of immediate gratification when you're feeling that urge. At the same time, I wonder if there's another part of you that feels differently about smoking or the role it plays in your life. Would you like to talk more about that?",561,18,"That moment of relief and satisfaction is quite powerful, isn't it?",,,,
7,67336dc4beb89674ca687d87,counsellor,210,8,"That moment of relief and satisfaction is quite powerful, isn't it? It sounds like smoking provides you with a sense of immediate gratification when you're feeling that urge. At the same time, I wonder if there's another part of you that feels differently about smoking or the role it plays in your life. Would you like to talk more about that?",562,19,It sounds like smoking provides you with a sense of immediate gratification when you're feeling that urge.,,,,
7,67336dc4beb89674ca687d87,counsellor,210,8,"That moment of relief and satisfaction is quite powerful, isn't it? It sounds like smoking provides you with a sense of immediate gratification when you're feeling that urge. At the same time, I wonder if there's another part of you that feels differently about smoking or the role it plays in your life. Would you like to talk more about that?",563,20,"At the same time, I wonder if there's another part of you that feels differently about smoking or the role it plays in your life.",,,,
7,67336dc4beb89674ca687d87,counsellor,210,8,"That moment of relief and satisfaction is quite powerful, isn't it? It sounds like smoking provides you with a sense of immediate gratification when you're feeling that urge. At the same time, I wonder if there's another part of you that feels differently about smoking or the role it plays in your life. Would you like to talk more about that?",564,21,Would you like to talk more about that?,,,,
7,67336dc4beb89674ca687d87,client,211,9,"Yes,as much as smoking gives me an amzing satisfaction,at some point i feel bad because i know its hindering my health and makes my friends and family sad",565,22,"Yes, as much as smoking gives me an amazing satisfaction, at some point I feel bad because I know it's hindering my health and makes my friends and family sad.",C,The client expresses a desire to change by acknowledging the negative impact of smoking on their health and the concern it causes to their loved ones.,R+,"The client expresses a reason for changing the target behaviour, specifically the negative impact on health and the concern of friends and family."
7,67336dc4beb89674ca687d87,counsellor,212,10,There's a real conflict between the immediate satisfaction smoking provides and the guilt or concern about its impact on your health and your loved ones. It must be tough to feel that tug-of-war between enjoyment and the consequences. How do you tend to manage these mixed feelings when they arise?,566,23,There's a real conflict between the immediate satisfaction smoking provides and the guilt or concern about its impact on your health and your loved ones.,,,,
7,67336dc4beb89674ca687d87,counsellor,212,10,There's a real conflict between the immediate satisfaction smoking provides and the guilt or concern about its impact on your health and your loved ones. It must be tough to feel that tug-of-war between enjoyment and the consequences. How do you tend to manage these mixed feelings when they arise?,567,24,It must be tough to feel that tug-of-war between enjoyment and the consequences.,,,,
7,67336dc4beb89674ca687d87,counsellor,212,10,There's a real conflict between the immediate satisfaction smoking provides and the guilt or concern about its impact on your health and your loved ones. It must be tough to feel that tug-of-war between enjoyment and the consequences. How do you tend to manage these mixed feelings when they arise?,568,25,How do you tend to manage these mixed feelings when they arise?,,,,
7,67336dc4beb89674ca687d87,client,213,11,"I promise myself to reduce the rate at which i smoke,sometimes even throw away the remaining cigarettes",569,26,"I promise myself to reduce the rate at which I smoke,",C,"The client expresses a commitment to change by promising to reduce their smoking rate, which indicates a step toward changing the target behavior.",C+,"The client is expressing a commitment to take a specific action towards reducing their smoking, which aligns with the 'Commitment' category."
7,67336dc4beb89674ca687d87,client,213,11,"I promise myself to reduce the rate at which i smoke,sometimes even throw away the remaining cigarettes",570,27,sometimes even throw away the remaining cigarettes.,C,"The client mentions a recent step toward change by throwing away remaining cigarettes, which indicates a behavior that supports quitting.",TS+,"The client mentions a specific action they have taken in the past to manage their smoking, which indicates a step towards change."
7,67336dc4beb89674ca687d87,counsellor,214,12,"That shows real determination and an awareness of wanting to change. At times, it sounds like you're willing to take steps to address the conflict you feel about smoking. What do you notice happens after you make those promises or throw away cigarettes?",571,28,That shows real determination and an awareness of wanting to change.,,,,
7,67336dc4beb89674ca687d87,counsellor,214,12,"That shows real determination and an awareness of wanting to change. At times, it sounds like you're willing to take steps to address the conflict you feel about smoking. What do you notice happens after you make those promises or throw away cigarettes?",572,29,"At times, it sounds like you're willing to take steps to address the conflict you feel about smoking.",,,,
7,67336dc4beb89674ca687d87,counsellor,214,12,"That shows real determination and an awareness of wanting to change. At times, it sounds like you're willing to take steps to address the conflict you feel about smoking. What do you notice happens after you make those promises or throw away cigarettes?",573,30,What do you notice happens after you make those promises or throw away cigarettes?,,,,
7,67336dc4beb89674ca687d87,client,215,13,"I fight the urge for sometime,but end up not winning,i sometimes sleep to avoid feeling the urge of smoking",574,31,"I fight the urge for sometime, but end up not winning,",S,"The client expresses a sense of pessimism about their ability to change, indicating that they struggle to resist the urge to smoke despite their efforts.",AB-,"The client expresses a sense of inability to resist the urge to smoke, indicating a lack of confidence in their ability to change."
7,67336dc4beb89674ca687d87,client,215,13,"I fight the urge for sometime,but end up not winning,i sometimes sleep to avoid feeling the urge of smoking",575,32,I sometimes sleep to avoid feeling the urge of smoking.,N,"The client's statement does not clearly indicate a stance toward changing or maintaining the target behavior. It describes a coping mechanism (sleeping) to avoid the urge to smoke, but does not express a commitment, reason, desire, or need to change or sustain the behavior.",N,"The client's response does not clearly indicate support or opposition to change. It describes a behavior (sleeping) used to avoid the urge to smoke, but does not express a clear stance on changing the smoking behavior."
7,67336dc4beb89674ca687d87,counsellor,216,14,"It takes a lot of strength to fight those urges, and it's understandable that it can be exhausting to maintain that resistance over time. Using sleep as a strategy to cope shows a creative way to push through the craving. What do you think would need to happen for you to feel more confident in managing these urges in the future?",576,33,"It takes a lot of strength to fight those urges, and it's understandable that it can be exhausting to maintain that resistance over time.",,,,
7,67336dc4beb89674ca687d87,counsellor,216,14,"It takes a lot of strength to fight those urges, and it's understandable that it can be exhausting to maintain that resistance over time. Using sleep as a strategy to cope shows a creative way to push through the craving. What do you think would need to happen for you to feel more confident in managing these urges in the future?",577,34,Using sleep as a strategy to cope shows a creative way to push through the craving.,,,,
7,67336dc4beb89674ca687d87,counsellor,216,14,"It takes a lot of strength to fight those urges, and it's understandable that it can be exhausting to maintain that resistance over time. Using sleep as a strategy to cope shows a creative way to push through the craving. What do you think would need to happen for you to feel more confident in managing these urges in the future?",578,35,What do you think would need to happen for you to feel more confident in managing these urges in the future?,,,,
7,67336dc4beb89674ca687d87,client,217,15,Not having access to cigarettes,579,36,Not having access to cigarettes,N,"The client's utterance is a factual statement about a condition that would help in managing urges, but it does not clearly express a stance toward changing or maintaining the target behavior.",N,"The client's utterance 'Not having access to cigarettes' does not clearly support or oppose change. It is a statement of a condition that could potentially help with change, but it does not express a clear stance on the client's willingness or readiness to change."
7,67336dc4beb89674ca687d87,counsellor,218,16,"Not having cigarettes accessible seems like it might help you feel more in control of those urges. It sounds like the environment plays a big role in how you navigate these cravings. Is this something you'd like to explore further, perhaps thinking about ways to create an environment that supports the changes you want to make?",580,37,Not having cigarettes accessible seems like it might help you feel more in control of those urges.,,,,
7,67336dc4beb89674ca687d87,counsellor,218,16,"Not having cigarettes accessible seems like it might help you feel more in control of those urges. It sounds like the environment plays a big role in how you navigate these cravings. Is this something you'd like to explore further, perhaps thinking about ways to create an environment that supports the changes you want to make?",581,38,It sounds like the environment plays a big role in how you navigate these cravings.,,,,
7,67336dc4beb89674ca687d87,counsellor,218,16,"Not having cigarettes accessible seems like it might help you feel more in control of those urges. It sounds like the environment plays a big role in how you navigate these cravings. Is this something you'd like to explore further, perhaps thinking about ways to create an environment that supports the changes you want to make?",582,39,"Is this something you'd like to explore further, perhaps thinking about ways to create an environment that supports the changes you want to make?",,,,
7,67336dc4beb89674ca687d87,client,219,17,"Yes,ive been thinking if theres also a support group for cigarette addict",583,40,"Yes, I've been thinking if there's also a support group for cigarette addicts.",C,"The client is considering additional resources to support their change, which indicates a desire to explore options for quitting. This aligns with change talk.",AC+,"The client is considering additional resources to support their change, which indicates a willingness to take action towards change."
7,67336dc4beb89674ca687d87,counsellor,220,18,"You're thinking ahead about seeking support, which can be a powerful step. Support groups provide a community and understanding for people going through similar challenges. Would you like to look into what options might be available to connect with others who are also aiming to quit or reduce smoking?",584,41,"You're thinking ahead about seeking support, which can be a powerful step.",,,,
7,67336dc4beb89674ca687d87,counsellor,220,18,"You're thinking ahead about seeking support, which can be a powerful step. Support groups provide a community and understanding for people going through similar challenges. Would you like to look into what options might be available to connect with others who are also aiming to quit or reduce smoking?",585,42,Support groups provide a community and understanding for people going through similar challenges.,,,,
7,67336dc4beb89674ca687d87,counsellor,220,18,"You're thinking ahead about seeking support, which can be a powerful step. Support groups provide a community and understanding for people going through similar challenges. Would you like to look into what options might be available to connect with others who are also aiming to quit or reduce smoking?",586,43,Would you like to look into what options might be available to connect with others who are also aiming to quit or reduce smoking?,,,,
7,67336dc4beb89674ca687d87,client,221,19,its hard though,587,44,its hard though,S,"The client's utterance 'its hard though' expresses a sense of difficulty or challenge, which can be interpreted as a form of pessimism about their ability to change. This aligns with Sustain Talk.",AC-,"The client's utterance 'its hard though' suggests a sense of difficulty or challenge in taking the next steps, which aligns with a lack of activation or readiness to change."
7,67336dc4beb89674ca687d87,counsellor,222,20,It's completely valid to feel that way. Reaching out for support can be intimidating and it's not always easy to take that first step. You're really showing a lot of courage just by considering it. What do you think might help make it feel a bit more manageable or less overwhelming for you?,588,45,It's completely valid to feel that way.,,,,
7,67336dc4beb89674ca687d87,counsellor,222,20,It's completely valid to feel that way. Reaching out for support can be intimidating and it's not always easy to take that first step. You're really showing a lot of courage just by considering it. What do you think might help make it feel a bit more manageable or less overwhelming for you?,589,46,Reaching out for support can be intimidating and it's not always easy to take that first step.,,,,
7,67336dc4beb89674ca687d87,counsellor,222,20,It's completely valid to feel that way. Reaching out for support can be intimidating and it's not always easy to take that first step. You're really showing a lot of courage just by considering it. What do you think might help make it feel a bit more manageable or less overwhelming for you?,590,47,You're really showing a lot of courage just by considering it.,,,,
7,67336dc4beb89674ca687d87,counsellor,222,20,It's completely valid to feel that way. Reaching out for support can be intimidating and it's not always easy to take that first step. You're really showing a lot of courage just by considering it. What do you think might help make it feel a bit more manageable or less overwhelming for you?,591,48,What do you think might help make it feel a bit more manageable or less overwhelming for you?,,,,
7,67336dc4beb89674ca687d87,client,223,21,"i honestly dont know,ive been really trying",592,49,"i honestly dont know,",N,The client's response does not clearly indicate a stance toward changing or maintaining the target behavior. It is a neutral statement expressing uncertainty.,N,The client's response does not clearly support or oppose change; it expresses uncertainty and a lack of immediate ideas.
7,67336dc4beb89674ca687d87,client,223,21,"i honestly dont know,ive been really trying",593,50,ive been really trying,C,"The client's statement 'I've been really trying' suggests a recent effort toward change, which aligns with the 'Recent steps toward change' subcategory of Change Talk.",TS+,"The client is indicating that they have been making an effort, which suggests they are taking steps towards change."
7,67336dc4beb89674ca687d87,counsellor,224,22,"It sounds like you've been putting in a lot of effort, and you're in a challenging spot right now. It takes time to work through all these feelings and decisions. Is there anything else you'd like to share or talk through today that might help in finding a way forward that feels right for you?",594,51,"It sounds like you've been putting in a lot of effort, and you're in a challenging spot right now.",,,,
7,67336dc4beb89674ca687d87,counsellor,224,22,"It sounds like you've been putting in a lot of effort, and you're in a challenging spot right now. It takes time to work through all these feelings and decisions. Is there anything else you'd like to share or talk through today that might help in finding a way forward that feels right for you?",595,52,It takes time to work through all these feelings and decisions.,,,,
7,67336dc4beb89674ca687d87,counsellor,224,22,"It sounds like you've been putting in a lot of effort, and you're in a challenging spot right now. It takes time to work through all these feelings and decisions. Is there anything else you'd like to share or talk through today that might help in finding a way forward that feels right for you?",596,53,Is there anything else you'd like to share or talk through today that might help in finding a way forward that feels right for you?,,,,
7,67336dc4beb89674ca687d87,client,225,23,"yes,i feel bad for getting to this point especially coz im a female,",597,54,"yes,",N,"The client's response 'yes,' does not provide enough information to determine a clear stance toward changing or maintaining the target behavior. It is a neutral response that could be followed by further elaboration.",N,"The client's response 'yes,' does not provide enough information to determine if it supports or opposes change. It is a brief, non-committal response that does not clearly indicate the client's stance on change."
7,67336dc4beb89674ca687d87,client,225,23,"yes,i feel bad for getting to this point especially coz im a female,",598,55,"i feel bad for getting to this point especially coz im a female,",N,"The client expresses a negative feeling about their current situation, which can be interpreted as a reason to change, but it is not a clear commitment, desire, or plan to change. It is more of a reflection on their current state.",N,"The client's utterance expresses a negative feeling about their current situation, but it does not clearly support or oppose change. It is more of a reflection of their emotional state."
7,67336dc4beb89674ca687d87,counsellor,226,24,"It's really tough to carry those feelings of guilt or disappointment, especially when you're feeling pressure related to your identity. You are not alone in this, and it takes a lot of bravery to acknowledge where you are and want something different. What do you wish you could express to someone who truly understands what you're going through?",599,56,"It's really tough to carry those feelings of guilt or disappointment, especially when you're feeling pressure related to your identity.",,,,
7,67336dc4beb89674ca687d87,counsellor,226,24,"It's really tough to carry those feelings of guilt or disappointment, especially when you're feeling pressure related to your identity. You are not alone in this, and it takes a lot of bravery to acknowledge where you are and want something different. What do you wish you could express to someone who truly understands what you're going through?",600,57,"You are not alone in this, and it takes a lot of bravery to acknowledge where you are and want something different.",,,,
7,67336dc4beb89674ca687d87,counsellor,226,24,"It's really tough to carry those feelings of guilt or disappointment, especially when you're feeling pressure related to your identity. You are not alone in this, and it takes a lot of bravery to acknowledge where you are and want something different. What do you wish you could express to someone who truly understands what you're going through?",601,58,What do you wish you could express to someone who truly understands what you're going through?,,,,
7,67336dc4beb89674ca687d87,client,227,25,"That i really want to reduce my cigarette,im trying so much..i know i cant do it once,till take some time",602,59,"That I really want to reduce my cigarette,",C,"The client expresses a clear desire to change their behavior by stating they 'really want to reduce' their cigarette use, which aligns with the 'Desire' component of Change Talk.",D+,"The client expresses a clear desire to change the target behaviour, which is reducing cigarette use."
7,67336dc4beb89674ca687d87,client,227,25,"That i really want to reduce my cigarette,im trying so much..i know i cant do it once,till take some time",603,60,I'm trying so much.,C,"The client's statement 'I'm trying so much' suggests a commitment to change and an effort to move in a positive direction, even if it is challenging. This aligns with the category of Change Talk.",AC+,"The client's statement 'I'm trying so much' indicates a sense of effort and action towards change, which aligns with the category of Activation (AC+)."
7,67336dc4beb89674ca687d87,client,227,25,"That i really want to reduce my cigarette,im trying so much..i know i cant do it once,till take some time",604,61,"I know I can't do it once,",S,"The client expresses a lack of confidence in their ability to change, which aligns with sustain talk.",AB-,"The client expresses a lack of confidence in their ability to change, indicating a sense of pessimism about their capacity to quit."
7,67336dc4beb89674ca687d87,client,227,25,"That i really want to reduce my cigarette,im trying so much..i know i cant do it once,till take some time",605,62,It'll take some time.,N,The client's statement 'It'll take some time' is neutral and does not clearly express a stance toward changing or maintaining the target behavior. It simply acknowledges that the process will be lengthy.,N,"The client's utterance 'It'll take some time' does not clearly support or oppose change. It is a neutral statement about the process, without indicating a direction towards or away from change."
7,67336dc4beb89674ca687d87,counsellor,228,26,"Acknowledging that desire to reduce your smoking and recognizing the effort you're putting in is really important. It's a journey that may take time, and you deserve to give yourself credit for the steps you're taking, even if they're small. How might you support yourself or remind yourself of this commitment you've voiced?",606,63,Acknowledging that desire to reduce your smoking and recognizing the effort you're putting in is really important.,,,,
7,67336dc4beb89674ca687d87,counsellor,228,26,"Acknowledging that desire to reduce your smoking and recognizing the effort you're putting in is really important. It's a journey that may take time, and you deserve to give yourself credit for the steps you're taking, even if they're small. How might you support yourself or remind yourself of this commitment you've voiced?",607,64,"It's a journey that may take time, and you deserve to give yourself credit for the steps you're taking, even if they're small.",,,,
7,67336dc4beb89674ca687d87,counsellor,228,26,"Acknowledging that desire to reduce your smoking and recognizing the effort you're putting in is really important. It's a journey that may take time, and you deserve to give yourself credit for the steps you're taking, even if they're small. How might you support yourself or remind yourself of this commitment you've voiced?",608,65,How might you support yourself or remind yourself of this commitment you've voiced?,,,,
7,67336dc4beb89674ca687d87,client,229,27,do you have any suggestions,609,66,do you have any suggestions,N,The client is asking for suggestions and not expressing a clear stance toward changing or maintaining the target behavior.,N,The client's utterance is a request for the counsellor's input and does not clearly indicate support or opposition to change.
7,67336dc4beb89674ca687d87,counsellor,230,28,Thank you for asking for suggestions. Would it be okay if we talked about some possibilities together?,610,67,Thank you for asking for suggestions.,,,,
7,67336dc4beb89674ca687d87,counsellor,230,28,Thank you for asking for suggestions. Would it be okay if we talked about some possibilities together?,611,68,Would it be okay if we talked about some possibilities together?,,,,
7,67336dc4beb89674ca687d87,client,231,29,yes please,612,69,yes please,N,"The client is agreeing to the counsellor's suggestion to discuss possibilities together, but this does not clearly indicate a stance toward changing or maintaining the target behavior.",N,"The client's response is a simple agreement to the counsellor's suggestion, but it does not clearly indicate a stance on change."
7,67336dc4beb89674ca687d87,counsellor,232,30,"Thank you for letting me share some ideas. Based on what we've discussed, some people find it helpful to set small, achievable goals and to celebrate those successes along the way. Keeping a journal or recording your thoughts about your journey might also help clarify your feelings and progress. Connecting with others, either through a support group or someone you trust, can offer encouragement and understanding. How do any of these ideas resonate with you?",613,70,Thank you for letting me share some ideas.,,,,
7,67336dc4beb89674ca687d87,counsellor,232,30,"Thank you for letting me share some ideas. Based on what we've discussed, some people find it helpful to set small, achievable goals and to celebrate those successes along the way. Keeping a journal or recording your thoughts about your journey might also help clarify your feelings and progress. Connecting with others, either through a support group or someone you trust, can offer encouragement and understanding. How do any of these ideas resonate with you?",614,71,"Based on what we've discussed, some people find it helpful to set small, achievable goals and to celebrate those successes along the way.",,,,
7,67336dc4beb89674ca687d87,counsellor,232,30,"Thank you for letting me share some ideas. Based on what we've discussed, some people find it helpful to set small, achievable goals and to celebrate those successes along the way. Keeping a journal or recording your thoughts about your journey might also help clarify your feelings and progress. Connecting with others, either through a support group or someone you trust, can offer encouragement and understanding. How do any of these ideas resonate with you?",615,72,Keeping a journal or recording your thoughts about your journey might also help clarify your feelings and progress.,,,,
7,67336dc4beb89674ca687d87,counsellor,232,30,"Thank you for letting me share some ideas. Based on what we've discussed, some people find it helpful to set small, achievable goals and to celebrate those successes along the way. Keeping a journal or recording your thoughts about your journey might also help clarify your feelings and progress. Connecting with others, either through a support group or someone you trust, can offer encouragement and understanding. How do any of these ideas resonate with you?",616,73,"Connecting with others, either through a support group or someone you trust, can offer encouragement and understanding.",,,,
7,67336dc4beb89674ca687d87,counsellor,232,30,"Thank you for letting me share some ideas. Based on what we've discussed, some people find it helpful to set small, achievable goals and to celebrate those successes along the way. Keeping a journal or recording your thoughts about your journey might also help clarify your feelings and progress. Connecting with others, either through a support group or someone you trust, can offer encouragement and understanding. How do any of these ideas resonate with you?",617,74,How do any of these ideas resonate with you?,,,,
7,67336dc4beb89674ca687d87,client,233,31,"journaling sounds good,i can get a book,also need someone to talk to,who wont judge me and will understand me",618,75,"journaling sounds good,",C,"The client expresses a positive response to the idea of journaling, which is a step toward change, but does not explicitly commit to it or provide a reason for change.",AC+,"The client expresses a willingness to try journaling, which is a step towards action and engagement in the change process."
7,67336dc4beb89674ca687d87,client,233,31,"journaling sounds good,i can get a book,also need someone to talk to,who wont judge me and will understand me",619,76,"i can get a book,",C,"The client's statement 'I can get a book' suggests a small step toward change, indicating a willingness to take action, even if it's a minor one.",AC+,"The client is suggesting a specific action they are willing to take, which aligns with leaning towards action or activation."
7,67336dc4beb89674ca687d87,client,233,31,"journaling sounds good,i can get a book,also need someone to talk to,who wont judge me and will understand me",620,77,"also need someone to talk to,",C,"The client's utterance suggests a need for support, which can be seen as a step toward change, as it implies a willingness to seek help and engage in the change process.",N+,"The client expresses a need for support, which aligns with the 'Need' category as it indicates a requirement for change."
7,67336dc4beb89674ca687d87,client,233,31,"journaling sounds good,i can get a book,also need someone to talk to,who wont judge me and will understand me",621,78,who wont judge me and will understand me,N,"The client is asking for someone who will not judge them and will understand them, which is a neutral statement. It does not express a clear stance toward changing or maintaining the target behavior.",N,"The client's utterance is a question seeking a supportive and non-judgmental person, which does not clearly indicate support or opposition to change."
7,67336dc4beb89674ca687d87,counsellor,234,32,"Journaling can be a wonderful way to express your thoughts and track your progress. Having someone to talk to who provides understanding and non-judgmental support can make a big difference as well. Is there someone in your life who you feel comfortable reaching out to, or would exploring support groups or counselling options feel like a good step for finding that understanding connection?",622,79,Journaling can be a wonderful way to express your thoughts and track your progress.,,,,
7,67336dc4beb89674ca687d87,counsellor,234,32,"Journaling can be a wonderful way to express your thoughts and track your progress. Having someone to talk to who provides understanding and non-judgmental support can make a big difference as well. Is there someone in your life who you feel comfortable reaching out to, or would exploring support groups or counselling options feel like a good step for finding that understanding connection?",623,80,Having someone to talk to who provides understanding and non-judgmental support can make a big difference as well.,,,,
7,67336dc4beb89674ca687d87,counsellor,234,32,"Journaling can be a wonderful way to express your thoughts and track your progress. Having someone to talk to who provides understanding and non-judgmental support can make a big difference as well. Is there someone in your life who you feel comfortable reaching out to, or would exploring support groups or counselling options feel like a good step for finding that understanding connection?",624,81,"Is there someone in your life who you feel comfortable reaching out to, or would exploring support groups or counselling options feel like a good step for finding that understanding connection?",,,,
7,67336dc4beb89674ca687d87,client,235,33,okay ill try support groups and seee,625,82,okay,N,The client's response 'okay' does not clearly indicate a stance toward changing or maintaining the target behavior. It is a neutral acknowledgment of the counsellor's suggestion.,N,The client's response 'okay' does not clearly indicate support or opposition to the counsellor's suggestions. It is a neutral acknowledgment without further elaboration.
7,67336dc4beb89674ca687d87,client,235,33,okay ill try support groups and seee,626,83,ill try support groups,C,"The client expresses a willingness to try support groups, which indicates a step toward change and seeking support.",AC+,"The client expresses a willingness to explore support groups, indicating a readiness to take action towards finding support."
7,67336dc4beb89674ca687d87,client,235,33,okay ill try support groups and seee,627,84,and seee,N,The client's utterance 'and seee' does not provide any clear indication of a stance toward changing or maintaining the target behavior. It appears to be a non-committal response or filler.,N,The client's utterance 'and seee' does not provide a clear indication of support or opposition to change. It is vague and does not convey a specific stance or intention.
7,67336dc4beb89674ca687d87,counsellor,236,34,"Thank you for spending this time with me today. Our conversation has reached the intended length, so let me go over what we've discussed. You've shared feeling low on energy and some pressure from your family about quitting smoking, alongside concerns about your health. We've explored the immediate satisfaction smoking provides for you, as well as the challenges and mixed emotions you encounter around it. You revealed how you've tried managing those urges, even by setting promises to yourself and throwing away cigarettes. 

We talked about the impact of your environment and the idea of accessing support groups, and you've expressed a real commitment to reducing smoking, even though acknowledging it might take time. Additionally, you mentioned that journaling could be a helpful tool, and reaching out to someone who understands you is important. You've decided to explore support groups as a potential way to connect with others who can offer understanding and encouragement.

Thank you for your openness today. If there's anything else you're considering or need support with, I'm here to help. Would you like to schedule another session to continue this conversation?",628,85,Thank you for spending this time with me today.,,,,
7,67336dc4beb89674ca687d87,counsellor,236,34,"Thank you for spending this time with me today. Our conversation has reached the intended length, so let me go over what we've discussed. You've shared feeling low on energy and some pressure from your family about quitting smoking, alongside concerns about your health. We've explored the immediate satisfaction smoking provides for you, as well as the challenges and mixed emotions you encounter around it. You revealed how you've tried managing those urges, even by setting promises to yourself and throwing away cigarettes. 

We talked about the impact of your environment and the idea of accessing support groups, and you've expressed a real commitment to reducing smoking, even though acknowledging it might take time. Additionally, you mentioned that journaling could be a helpful tool, and reaching out to someone who understands you is important. You've decided to explore support groups as a potential way to connect with others who can offer understanding and encouragement.

Thank you for your openness today. If there's anything else you're considering or need support with, I'm here to help. Would you like to schedule another session to continue this conversation?",629,86,"Our conversation has reached the intended length, so let me go over what we've discussed.",,,,
7,67336dc4beb89674ca687d87,counsellor,236,34,"Thank you for spending this time with me today. Our conversation has reached the intended length, so let me go over what we've discussed. You've shared feeling low on energy and some pressure from your family about quitting smoking, alongside concerns about your health. We've explored the immediate satisfaction smoking provides for you, as well as the challenges and mixed emotions you encounter around it. You revealed how you've tried managing those urges, even by setting promises to yourself and throwing away cigarettes. 

We talked about the impact of your environment and the idea of accessing support groups, and you've expressed a real commitment to reducing smoking, even though acknowledging it might take time. Additionally, you mentioned that journaling could be a helpful tool, and reaching out to someone who understands you is important. You've decided to explore support groups as a potential way to connect with others who can offer understanding and encouragement.

Thank you for your openness today. If there's anything else you're considering or need support with, I'm here to help. Would you like to schedule another session to continue this conversation?",630,87,"You've shared feeling low on energy and some pressure from your family about quitting smoking, alongside concerns about your health.",,,,
7,67336dc4beb89674ca687d87,counsellor,236,34,"Thank you for spending this time with me today. Our conversation has reached the intended length, so let me go over what we've discussed. You've shared feeling low on energy and some pressure from your family about quitting smoking, alongside concerns about your health. We've explored the immediate satisfaction smoking provides for you, as well as the challenges and mixed emotions you encounter around it. You revealed how you've tried managing those urges, even by setting promises to yourself and throwing away cigarettes. 

We talked about the impact of your environment and the idea of accessing support groups, and you've expressed a real commitment to reducing smoking, even though acknowledging it might take time. Additionally, you mentioned that journaling could be a helpful tool, and reaching out to someone who understands you is important. You've decided to explore support groups as a potential way to connect with others who can offer understanding and encouragement.

Thank you for your openness today. If there's anything else you're considering or need support with, I'm here to help. Would you like to schedule another session to continue this conversation?",631,88,"We've explored the immediate satisfaction smoking provides for you, as well as the challenges and mixed emotions you encounter around it.",,,,
7,67336dc4beb89674ca687d87,counsellor,236,34,"Thank you for spending this time with me today. Our conversation has reached the intended length, so let me go over what we've discussed. You've shared feeling low on energy and some pressure from your family about quitting smoking, alongside concerns about your health. We've explored the immediate satisfaction smoking provides for you, as well as the challenges and mixed emotions you encounter around it. You revealed how you've tried managing those urges, even by setting promises to yourself and throwing away cigarettes. 

We talked about the impact of your environment and the idea of accessing support groups, and you've expressed a real commitment to reducing smoking, even though acknowledging it might take time. Additionally, you mentioned that journaling could be a helpful tool, and reaching out to someone who understands you is important. You've decided to explore support groups as a potential way to connect with others who can offer understanding and encouragement.

Thank you for your openness today. If there's anything else you're considering or need support with, I'm here to help. Would you like to schedule another session to continue this conversation?",632,89,"You revealed how you've tried managing those urges, even by setting promises to yourself and throwing away cigarettes.",,,,
7,67336dc4beb89674ca687d87,counsellor,236,34,"Thank you for spending this time with me today. Our conversation has reached the intended length, so let me go over what we've discussed. You've shared feeling low on energy and some pressure from your family about quitting smoking, alongside concerns about your health. We've explored the immediate satisfaction smoking provides for you, as well as the challenges and mixed emotions you encounter around it. You revealed how you've tried managing those urges, even by setting promises to yourself and throwing away cigarettes. 

We talked about the impact of your environment and the idea of accessing support groups, and you've expressed a real commitment to reducing smoking, even though acknowledging it might take time. Additionally, you mentioned that journaling could be a helpful tool, and reaching out to someone who understands you is important. You've decided to explore support groups as a potential way to connect with others who can offer understanding and encouragement.

Thank you for your openness today. If there's anything else you're considering or need support with, I'm here to help. Would you like to schedule another session to continue this conversation?",633,90,"We talked about the impact of your environment and the idea of accessing support groups, and you've expressed a real commitment to reducing smoking, even though acknowledging it might take time.",,,,
7,67336dc4beb89674ca687d87,counsellor,236,34,"Thank you for spending this time with me today. Our conversation has reached the intended length, so let me go over what we've discussed. You've shared feeling low on energy and some pressure from your family about quitting smoking, alongside concerns about your health. We've explored the immediate satisfaction smoking provides for you, as well as the challenges and mixed emotions you encounter around it. You revealed how you've tried managing those urges, even by setting promises to yourself and throwing away cigarettes. 

We talked about the impact of your environment and the idea of accessing support groups, and you've expressed a real commitment to reducing smoking, even though acknowledging it might take time. Additionally, you mentioned that journaling could be a helpful tool, and reaching out to someone who understands you is important. You've decided to explore support groups as a potential way to connect with others who can offer understanding and encouragement.

Thank you for your openness today. If there's anything else you're considering or need support with, I'm here to help. Would you like to schedule another session to continue this conversation?",634,91,"Additionally, you mentioned that journaling could be a helpful tool, and reaching out to someone who understands you is important.",,,,
7,67336dc4beb89674ca687d87,counsellor,236,34,"Thank you for spending this time with me today. Our conversation has reached the intended length, so let me go over what we've discussed. You've shared feeling low on energy and some pressure from your family about quitting smoking, alongside concerns about your health. We've explored the immediate satisfaction smoking provides for you, as well as the challenges and mixed emotions you encounter around it. You revealed how you've tried managing those urges, even by setting promises to yourself and throwing away cigarettes. 

We talked about the impact of your environment and the idea of accessing support groups, and you've expressed a real commitment to reducing smoking, even though acknowledging it might take time. Additionally, you mentioned that journaling could be a helpful tool, and reaching out to someone who understands you is important. You've decided to explore support groups as a potential way to connect with others who can offer understanding and encouragement.

Thank you for your openness today. If there's anything else you're considering or need support with, I'm here to help. Would you like to schedule another session to continue this conversation?",635,92,You've decided to explore support groups as a potential way to connect with others who can offer understanding and encouragement.,,,,
7,67336dc4beb89674ca687d87,counsellor,236,34,"Thank you for spending this time with me today. Our conversation has reached the intended length, so let me go over what we've discussed. You've shared feeling low on energy and some pressure from your family about quitting smoking, alongside concerns about your health. We've explored the immediate satisfaction smoking provides for you, as well as the challenges and mixed emotions you encounter around it. You revealed how you've tried managing those urges, even by setting promises to yourself and throwing away cigarettes. 

We talked about the impact of your environment and the idea of accessing support groups, and you've expressed a real commitment to reducing smoking, even though acknowledging it might take time. Additionally, you mentioned that journaling could be a helpful tool, and reaching out to someone who understands you is important. You've decided to explore support groups as a potential way to connect with others who can offer understanding and encouragement.

Thank you for your openness today. If there's anything else you're considering or need support with, I'm here to help. Would you like to schedule another session to continue this conversation?",636,93,Thank you for your openness today.,,,,
7,67336dc4beb89674ca687d87,counsellor,236,34,"Thank you for spending this time with me today. Our conversation has reached the intended length, so let me go over what we've discussed. You've shared feeling low on energy and some pressure from your family about quitting smoking, alongside concerns about your health. We've explored the immediate satisfaction smoking provides for you, as well as the challenges and mixed emotions you encounter around it. You revealed how you've tried managing those urges, even by setting promises to yourself and throwing away cigarettes. 

We talked about the impact of your environment and the idea of accessing support groups, and you've expressed a real commitment to reducing smoking, even though acknowledging it might take time. Additionally, you mentioned that journaling could be a helpful tool, and reaching out to someone who understands you is important. You've decided to explore support groups as a potential way to connect with others who can offer understanding and encouragement.

Thank you for your openness today. If there's anything else you're considering or need support with, I'm here to help. Would you like to schedule another session to continue this conversation?",637,94,"If there's anything else you're considering or need support with, I'm here to help.",,,,
7,67336dc4beb89674ca687d87,counsellor,236,34,"Thank you for spending this time with me today. Our conversation has reached the intended length, so let me go over what we've discussed. You've shared feeling low on energy and some pressure from your family about quitting smoking, alongside concerns about your health. We've explored the immediate satisfaction smoking provides for you, as well as the challenges and mixed emotions you encounter around it. You revealed how you've tried managing those urges, even by setting promises to yourself and throwing away cigarettes. 

We talked about the impact of your environment and the idea of accessing support groups, and you've expressed a real commitment to reducing smoking, even though acknowledging it might take time. Additionally, you mentioned that journaling could be a helpful tool, and reaching out to someone who understands you is important. You've decided to explore support groups as a potential way to connect with others who can offer understanding and encouragement.

Thank you for your openness today. If there's anything else you're considering or need support with, I'm here to help. Would you like to schedule another session to continue this conversation?",638,95,Would you like to schedule another session to continue this conversation?,,,,
8,67203fd3fe9e55e9ec82fc1f,counsellor,237,0,Hi there! It's really nice to meet you today. How's your day going so far?,639,0,Hi there!,,,,
8,67203fd3fe9e55e9ec82fc1f,counsellor,237,0,Hi there! It's really nice to meet you today. How's your day going so far?,640,1,It's really nice to meet you today.,,,,
8,67203fd3fe9e55e9ec82fc1f,counsellor,237,0,Hi there! It's really nice to meet you today. How's your day going so far?,641,2,How's your day going so far?,,,,
8,67203fd3fe9e55e9ec82fc1f,client,238,1,Pretty good,642,3,Pretty good,N,The client's response is a general statement about their day and does not express a stance toward changing or maintaining the target behavior.,N,The client's response 'Pretty good' does not clearly indicate a stance on change. It is a neutral statement about their current state.
8,67203fd3fe9e55e9ec82fc1f,counsellor,239,2,"I'm glad to hear that. Since you're feeling good, it might be a good time to talk about what brought you in today. What would you like to focus on during our session?",643,4,I'm glad to hear that.,,,,
8,67203fd3fe9e55e9ec82fc1f,counsellor,239,2,"I'm glad to hear that. Since you're feeling good, it might be a good time to talk about what brought you in today. What would you like to focus on during our session?",644,5,"Since you're feeling good, it might be a good time to talk about what brought you in today.",,,,
8,67203fd3fe9e55e9ec82fc1f,counsellor,239,2,"I'm glad to hear that. Since you're feeling good, it might be a good time to talk about what brought you in today. What would you like to focus on during our session?",645,6,What would you like to focus on during our session?,,,,
8,67203fd3fe9e55e9ec82fc1f,client,240,3,yes,646,7,yes,N,The client's utterance 'yes' is a brief affirmation that does not clearly indicate a stance toward changing or maintaining the target behavior. It is more of a neutral response to the counsellor's suggestion.,N,The client's response 'yes' does not provide enough information to determine if it supports or opposes change. It is a neutral affirmation to the counsellor's suggestion.
8,67203fd3fe9e55e9ec82fc1f,counsellor,241,4,Great! We can start wherever you feel comfortable. Tell me a bit about your thoughts on smoking and how it fits into your life right now.,647,8,Great!,,,,
8,67203fd3fe9e55e9ec82fc1f,counsellor,241,4,Great! We can start wherever you feel comfortable. Tell me a bit about your thoughts on smoking and how it fits into your life right now.,648,9,We can start wherever you feel comfortable.,,,,
8,67203fd3fe9e55e9ec82fc1f,counsellor,241,4,Great! We can start wherever you feel comfortable. Tell me a bit about your thoughts on smoking and how it fits into your life right now.,649,10,Tell me a bit about your thoughts on smoking and how it fits into your life right now.,,,,
8,67203fd3fe9e55e9ec82fc1f,client,242,5,i smoke 5 times a day. always need to have my morning smoke as soon as 30 mins from waking up. i want to stop but it has been very hard,650,11,i smoke 5 times a day.,N,The client is providing a factual statement about their smoking behavior without expressing a clear stance toward changing or maintaining it.,N,The client's statement is a factual report of their smoking frequency and does not indicate a clear stance on change.
8,67203fd3fe9e55e9ec82fc1f,client,242,5,i smoke 5 times a day. always need to have my morning smoke as soon as 30 mins from waking up. i want to stop but it has been very hard,651,12,always need to have my morning smoke as soon as 30 mins from waking up.,S,The client expresses a need to maintain the target behavior (smoking) by stating that they always need to have a morning smoke shortly after waking up.,N-,"The client expresses a need to have a morning cigarette, indicating that it is a non-negotiable part of their routine."
8,67203fd3fe9e55e9ec82fc1f,client,242,5,i smoke 5 times a day. always need to have my morning smoke as soon as 30 mins from waking up. i want to stop but it has been very hard,652,13,i want to stop but it has been very hard,C,"The client expresses a desire to stop smoking, which is a form of change talk, but also acknowledges the difficulty, which introduces a bit of sustain talk. However, the primary focus is on the desire to change.",D+,"The client expresses a desire to stop smoking, which aligns with the Desire (D+) category."
8,67203fd3fe9e55e9ec82fc1f,counsellor,243,6,"You're smoking about five times a day, with a strong pull for that morning cigarette. It sounds like you're feeling stuck between your desire to quit and the difficulty of actually doing it. You're here because you want to stop smoking, and yet, it's been a real challenge. What makes you want to quit smoking?",653,14,"You're smoking about five times a day, with a strong pull for that morning cigarette.",,,,
8,67203fd3fe9e55e9ec82fc1f,counsellor,243,6,"You're smoking about five times a day, with a strong pull for that morning cigarette. It sounds like you're feeling stuck between your desire to quit and the difficulty of actually doing it. You're here because you want to stop smoking, and yet, it's been a real challenge. What makes you want to quit smoking?",654,15,It sounds like you're feeling stuck between your desire to quit and the difficulty of actually doing it.,,,,
8,67203fd3fe9e55e9ec82fc1f,counsellor,243,6,"You're smoking about five times a day, with a strong pull for that morning cigarette. It sounds like you're feeling stuck between your desire to quit and the difficulty of actually doing it. You're here because you want to stop smoking, and yet, it's been a real challenge. What makes you want to quit smoking?",655,16,"You're here because you want to stop smoking, and yet, it's been a real challenge.",,,,
8,67203fd3fe9e55e9ec82fc1f,counsellor,243,6,"You're smoking about five times a day, with a strong pull for that morning cigarette. It sounds like you're feeling stuck between your desire to quit and the difficulty of actually doing it. You're here because you want to stop smoking, and yet, it's been a real challenge. What makes you want to quit smoking?",656,17,What makes you want to quit smoking?,,,,
8,67203fd3fe9e55e9ec82fc1f,client,244,7,my kids and overall health,657,18,my kids and overall health,C,"The client mentions their children and overall health as reasons for wanting to quit smoking, which indicates a desire to change the behavior.",R+,"The client mentions their children and overall health as reasons for wanting to quit smoking, which aligns with the Reasons (R+) category."
8,67203fd3fe9e55e9ec82fc1f,counsellor,245,8,"Your kids and your health are really important to you, and they motivate you to think about quitting. It's a big commitment, caring for both your family and yourself. How does smoking impact the life you want for yourself and your kids?",658,19,"Your kids and your health are really important to you, and they motivate you to think about quitting.",,,,
8,67203fd3fe9e55e9ec82fc1f,counsellor,245,8,"Your kids and your health are really important to you, and they motivate you to think about quitting. It's a big commitment, caring for both your family and yourself. How does smoking impact the life you want for yourself and your kids?",659,20,"It's a big commitment, caring for both your family and yourself.",,,,
8,67203fd3fe9e55e9ec82fc1f,counsellor,245,8,"Your kids and your health are really important to you, and they motivate you to think about quitting. It's a big commitment, caring for both your family and yourself. How does smoking impact the life you want for yourself and your kids?",660,21,How does smoking impact the life you want for yourself and your kids?,,,,
8,67203fd3fe9e55e9ec82fc1f,client,246,9,i do not want the risk of them potentially losing a parent over smoking,661,22,I do not want the risk of them potentially losing a parent over smoking.,C,"The client expresses a reason for change, specifically the desire to avoid the risk of their children losing a parent due to smoking.",R+,"The client expresses a reason for changing the target behaviour, specifically the risk of their children losing a parent due to smoking."
8,67203fd3fe9e55e9ec82fc1f,counsellor,247,10,You're really concerned about your role as a parent and the long-term implications smoking could have on your family. Wanting to be around for your kids and ensuring they don't face the risk of losing a parent is a powerful motivator. How do you imagine life would be different for both you and your kids if smoking wasn't a part of it?,662,23,You're really concerned about your role as a parent and the long-term implications smoking could have on your family.,,,,
8,67203fd3fe9e55e9ec82fc1f,counsellor,247,10,You're really concerned about your role as a parent and the long-term implications smoking could have on your family. Wanting to be around for your kids and ensuring they don't face the risk of losing a parent is a powerful motivator. How do you imagine life would be different for both you and your kids if smoking wasn't a part of it?,663,24,Wanting to be around for your kids and ensuring they don't face the risk of losing a parent is a powerful motivator.,,,,
8,67203fd3fe9e55e9ec82fc1f,counsellor,247,10,You're really concerned about your role as a parent and the long-term implications smoking could have on your family. Wanting to be around for your kids and ensuring they don't face the risk of losing a parent is a powerful motivator. How do you imagine life would be different for both you and your kids if smoking wasn't a part of it?,664,25,How do you imagine life would be different for both you and your kids if smoking wasn't a part of it?,,,,
8,67203fd3fe9e55e9ec82fc1f,client,248,11,better. nothing to be worried about health wise and save that money too,665,26,better.,N,"The client's response 'better' is vague and does not clearly indicate a stance toward changing or maintaining the target behavior. It lacks specific content that would suggest a commitment, reason, desire, or need for change or maintenance.",N,The client's response 'better' is vague and does not clearly support or oppose change. It lacks specific details or a clear direction regarding their stance on change.
8,67203fd3fe9e55e9ec82fc1f,client,248,11,better. nothing to be worried about health wise and save that money too,666,27,nothing to be worried about health wise,S,"The client's statement 'nothing to be worried about health wise' suggests a lack of concern about the health risks associated with smoking, which aligns with maintaining the target behavior.",O-,"The client's statement suggests a lack of concern about the health risks associated with smoking, which supports maintaining the target behaviour but does not fit into the more specific categories like Desire, Ability, Reasons, Need, Commitment, Activation, or Taking Steps."
8,67203fd3fe9e55e9ec82fc1f,client,248,11,better. nothing to be worried about health wise and save that money too,667,28,and save that money too,C,"The client mentions saving money, which is a reason for change as it highlights a positive outcome of quitting smoking.",R+,"The client mentions saving money, which is a reason for quitting smoking. This aligns with the Reasons (R+) category as it provides a specific benefit of changing the behavior."
8,67203fd3fe9e55e9ec82fc1f,counsellor,249,12,"Envisioning a life with better health and financial savings, free from the worries associated with smoking, seems meaningful for you. It's as if quitting could open up more opportunities for you and your family. What would be the first sign for you that things are improving once you take steps towards quitting?",668,29,"Envisioning a life with better health and financial savings, free from the worries associated with smoking, seems meaningful for you.",,,,
8,67203fd3fe9e55e9ec82fc1f,counsellor,249,12,"Envisioning a life with better health and financial savings, free from the worries associated with smoking, seems meaningful for you. It's as if quitting could open up more opportunities for you and your family. What would be the first sign for you that things are improving once you take steps towards quitting?",669,30,It's as if quitting could open up more opportunities for you and your family.,,,,
8,67203fd3fe9e55e9ec82fc1f,counsellor,249,12,"Envisioning a life with better health and financial savings, free from the worries associated with smoking, seems meaningful for you. It's as if quitting could open up more opportunities for you and your family. What would be the first sign for you that things are improving once you take steps towards quitting?",670,31,What would be the first sign for you that things are improving once you take steps towards quitting?,,,,
8,67203fd3fe9e55e9ec82fc1f,client,250,13,feeling cleaner and having my kids feel proud,671,32,feeling cleaner,C,"The client's response 'feeling cleaner' suggests a positive outcome associated with quitting smoking, which aligns with a reason for change.",R+,"The client's statement 'feeling cleaner' suggests a positive outcome or benefit of quitting smoking, which aligns with the Reasons (R+) category as it provides a reason for why quitting is desirable."
8,67203fd3fe9e55e9ec82fc1f,client,250,13,feeling cleaner and having my kids feel proud,672,33,and having my kids feel proud,C,"The client's response suggests a positive outcome of quitting smoking, which aligns with a reason for change. The client is expressing a desire for their children to feel proud, which is a personal and emotional reason to change.",R+,"The client's statement reflects a reason for changing the target behaviour, specifically the positive impact on their children's feelings."
8,67203fd3fe9e55e9ec82fc1f,counsellor,251,14,"Feeling cleaner and having your kids' pride are such strong, personal rewards for you. These achievements seem to be very meaningful and motivating for you. Is there anything else you'd like to talk about or explore regarding smoking and your journey toward quitting?",673,34,"Feeling cleaner and having your kids' pride are such strong, personal rewards for you.",,,,
8,67203fd3fe9e55e9ec82fc1f,counsellor,251,14,"Feeling cleaner and having your kids' pride are such strong, personal rewards for you. These achievements seem to be very meaningful and motivating for you. Is there anything else you'd like to talk about or explore regarding smoking and your journey toward quitting?",674,35,These achievements seem to be very meaningful and motivating for you.,,,,
8,67203fd3fe9e55e9ec82fc1f,counsellor,251,14,"Feeling cleaner and having your kids' pride are such strong, personal rewards for you. These achievements seem to be very meaningful and motivating for you. Is there anything else you'd like to talk about or explore regarding smoking and your journey toward quitting?",675,36,Is there anything else you'd like to talk about or explore regarding smoking and your journey toward quitting?,,,,
8,67203fd3fe9e55e9ec82fc1f,client,252,15,how can i stop falling back,676,37,how can i stop falling back,C,"The client is asking for strategies to avoid relapse, which implies a desire to change and maintain the change. This indicates a stance toward changing the target behavior.",AC+,"The client is expressing a desire to understand how to prevent relapse, which indicates a need to change and a willingness to take action."
8,67203fd3fe9e55e9ec82fc1f,counsellor,253,16,"That's an important question, and it shows you're thinking about making lasting changes. We can certainly explore strategies that might help you feel more secure in your decision to quit. Could I share some ideas with you on managing triggers and staying on track?",677,38,"That's an important question, and it shows you're thinking about making lasting changes.",,,,
8,67203fd3fe9e55e9ec82fc1f,counsellor,253,16,"That's an important question, and it shows you're thinking about making lasting changes. We can certainly explore strategies that might help you feel more secure in your decision to quit. Could I share some ideas with you on managing triggers and staying on track?",678,39,We can certainly explore strategies that might help you feel more secure in your decision to quit.,,,,
8,67203fd3fe9e55e9ec82fc1f,counsellor,253,16,"That's an important question, and it shows you're thinking about making lasting changes. We can certainly explore strategies that might help you feel more secure in your decision to quit. Could I share some ideas with you on managing triggers and staying on track?",679,40,Could I share some ideas with you on managing triggers and staying on track?,,,,
8,67203fd3fe9e55e9ec82fc1f,client,254,17,ok,680,41,ok,N,The client's response 'ok' is a neutral acknowledgment without expressing a clear stance toward changing or maintaining the target behavior.,N,The client's response 'ok' does not clearly indicate support or opposition to change. It is a neutral acknowledgment of the counsellor's suggestion.
8,67203fd3fe9e55e9ec82fc1f,counsellor,255,18,"Wonderful. From our conversation, there are a few things we might consider to support your journey:

1. **Identifying Triggers**: Recognizing the times and situations when you're most likely to want to smoke. Once identified, we could look at ways to change your environment or responses.

2. **Coping Strategies**: Developing new habits or activities to replace smoking. This could be something small, like going for a walk or having a water bottle handy.

3. **Support System**: Surrounding yourself with people who encourage your quit journey, like family or support groups.

4. **Celebrating Small Wins**: Acknowledging each small step you make toward quitting, like cutting back on a cigarette or two, or going through part of the day without smoking.

Does any of this resonate with you, or is there a particular area you'd like to look deeper into?",681,42,Wonderful.,,,,
8,67203fd3fe9e55e9ec82fc1f,counsellor,255,18,"Wonderful. From our conversation, there are a few things we might consider to support your journey:

1. **Identifying Triggers**: Recognizing the times and situations when you're most likely to want to smoke. Once identified, we could look at ways to change your environment or responses.

2. **Coping Strategies**: Developing new habits or activities to replace smoking. This could be something small, like going for a walk or having a water bottle handy.

3. **Support System**: Surrounding yourself with people who encourage your quit journey, like family or support groups.

4. **Celebrating Small Wins**: Acknowledging each small step you make toward quitting, like cutting back on a cigarette or two, or going through part of the day without smoking.

Does any of this resonate with you, or is there a particular area you'd like to look deeper into?",682,43,"From our conversation, there are a few things we might consider to support your journey:",,,,
8,67203fd3fe9e55e9ec82fc1f,counsellor,255,18,"Wonderful. From our conversation, there are a few things we might consider to support your journey:

1. **Identifying Triggers**: Recognizing the times and situations when you're most likely to want to smoke. Once identified, we could look at ways to change your environment or responses.

2. **Coping Strategies**: Developing new habits or activities to replace smoking. This could be something small, like going for a walk or having a water bottle handy.

3. **Support System**: Surrounding yourself with people who encourage your quit journey, like family or support groups.

4. **Celebrating Small Wins**: Acknowledging each small step you make toward quitting, like cutting back on a cigarette or two, or going through part of the day without smoking.

Does any of this resonate with you, or is there a particular area you'd like to look deeper into?",683,44,Identifying Triggers: Recognizing the times and situations when you're most likely to want to smoke.,,,,
8,67203fd3fe9e55e9ec82fc1f,counsellor,255,18,"Wonderful. From our conversation, there are a few things we might consider to support your journey:

1. **Identifying Triggers**: Recognizing the times and situations when you're most likely to want to smoke. Once identified, we could look at ways to change your environment or responses.

2. **Coping Strategies**: Developing new habits or activities to replace smoking. This could be something small, like going for a walk or having a water bottle handy.

3. **Support System**: Surrounding yourself with people who encourage your quit journey, like family or support groups.

4. **Celebrating Small Wins**: Acknowledging each small step you make toward quitting, like cutting back on a cigarette or two, or going through part of the day without smoking.

Does any of this resonate with you, or is there a particular area you'd like to look deeper into?",684,45,"Once identified, we could look at ways to change your environment or responses.",,,,
8,67203fd3fe9e55e9ec82fc1f,counsellor,255,18,"Wonderful. From our conversation, there are a few things we might consider to support your journey:

1. **Identifying Triggers**: Recognizing the times and situations when you're most likely to want to smoke. Once identified, we could look at ways to change your environment or responses.

2. **Coping Strategies**: Developing new habits or activities to replace smoking. This could be something small, like going for a walk or having a water bottle handy.

3. **Support System**: Surrounding yourself with people who encourage your quit journey, like family or support groups.

4. **Celebrating Small Wins**: Acknowledging each small step you make toward quitting, like cutting back on a cigarette or two, or going through part of the day without smoking.

Does any of this resonate with you, or is there a particular area you'd like to look deeper into?",685,46,Coping Strategies: Developing new habits or activities to replace smoking.,,,,
8,67203fd3fe9e55e9ec82fc1f,counsellor,255,18,"Wonderful. From our conversation, there are a few things we might consider to support your journey:

1. **Identifying Triggers**: Recognizing the times and situations when you're most likely to want to smoke. Once identified, we could look at ways to change your environment or responses.

2. **Coping Strategies**: Developing new habits or activities to replace smoking. This could be something small, like going for a walk or having a water bottle handy.

3. **Support System**: Surrounding yourself with people who encourage your quit journey, like family or support groups.

4. **Celebrating Small Wins**: Acknowledging each small step you make toward quitting, like cutting back on a cigarette or two, or going through part of the day without smoking.

Does any of this resonate with you, or is there a particular area you'd like to look deeper into?",686,47,"This could be something small, like going for a walk or having a water bottle handy.",,,,
8,67203fd3fe9e55e9ec82fc1f,counsellor,255,18,"Wonderful. From our conversation, there are a few things we might consider to support your journey:

1. **Identifying Triggers**: Recognizing the times and situations when you're most likely to want to smoke. Once identified, we could look at ways to change your environment or responses.

2. **Coping Strategies**: Developing new habits or activities to replace smoking. This could be something small, like going for a walk or having a water bottle handy.

3. **Support System**: Surrounding yourself with people who encourage your quit journey, like family or support groups.

4. **Celebrating Small Wins**: Acknowledging each small step you make toward quitting, like cutting back on a cigarette or two, or going through part of the day without smoking.

Does any of this resonate with you, or is there a particular area you'd like to look deeper into?",687,48,"Support System: Surrounding yourself with people who encourage your quit journey, like family or support groups.",,,,
8,67203fd3fe9e55e9ec82fc1f,counsellor,255,18,"Wonderful. From our conversation, there are a few things we might consider to support your journey:

1. **Identifying Triggers**: Recognizing the times and situations when you're most likely to want to smoke. Once identified, we could look at ways to change your environment or responses.

2. **Coping Strategies**: Developing new habits or activities to replace smoking. This could be something small, like going for a walk or having a water bottle handy.

3. **Support System**: Surrounding yourself with people who encourage your quit journey, like family or support groups.

4. **Celebrating Small Wins**: Acknowledging each small step you make toward quitting, like cutting back on a cigarette or two, or going through part of the day without smoking.

Does any of this resonate with you, or is there a particular area you'd like to look deeper into?",688,49,"Celebrating Small Wins: Acknowledging each small step you make toward quitting, like cutting back on a cigarette or two, or going through part of the day without smoking.",,,,
8,67203fd3fe9e55e9ec82fc1f,counsellor,255,18,"Wonderful. From our conversation, there are a few things we might consider to support your journey:

1. **Identifying Triggers**: Recognizing the times and situations when you're most likely to want to smoke. Once identified, we could look at ways to change your environment or responses.

2. **Coping Strategies**: Developing new habits or activities to replace smoking. This could be something small, like going for a walk or having a water bottle handy.

3. **Support System**: Surrounding yourself with people who encourage your quit journey, like family or support groups.

4. **Celebrating Small Wins**: Acknowledging each small step you make toward quitting, like cutting back on a cigarette or two, or going through part of the day without smoking.

Does any of this resonate with you, or is there a particular area you'd like to look deeper into?",689,50,"Does any of this resonate with you, or is there a particular area you'd like to look deeper into?",,,,
8,67203fd3fe9e55e9ec82fc1f,client,256,19,im scared the feeling will itch behind my mind even if I replace smoking with drinking water,690,51,I'm scared the feeling will itch behind my mind even if I replace smoking with drinking water.,S,"The client expresses a concern about the persistence of the urge to smoke, even if they adopt a coping strategy like drinking water. This indicates a sense of pessimism about their ability to change, which aligns with Sustain Talk.",AB-,"The client expresses a concern that the urge to smoke will persist even if they adopt alternative behaviors, indicating a lack of confidence in their ability to change."
8,67203fd3fe9e55e9ec82fc1f,counsellor,257,20,"It's understandable to feel concerned about that persistent itch in the back of your mind, even if you try replacing smoking with something else. This craving can seem daunting, but it's worth exploring some techniques that address those deeper urges. It's not just about substitution; it's about retraining your mind slowly and steadily.

What do you think might help you manage this fear about cravings, or are there particular times when they get stronger?",691,52,"It's understandable to feel concerned about that persistent itch in the back of your mind, even if you try replacing smoking with something else.",,,,
8,67203fd3fe9e55e9ec82fc1f,counsellor,257,20,"It's understandable to feel concerned about that persistent itch in the back of your mind, even if you try replacing smoking with something else. This craving can seem daunting, but it's worth exploring some techniques that address those deeper urges. It's not just about substitution; it's about retraining your mind slowly and steadily.

What do you think might help you manage this fear about cravings, or are there particular times when they get stronger?",692,53,"This craving can seem daunting, but it's worth exploring some techniques that address those deeper urges.",,,,
8,67203fd3fe9e55e9ec82fc1f,counsellor,257,20,"It's understandable to feel concerned about that persistent itch in the back of your mind, even if you try replacing smoking with something else. This craving can seem daunting, but it's worth exploring some techniques that address those deeper urges. It's not just about substitution; it's about retraining your mind slowly and steadily.

What do you think might help you manage this fear about cravings, or are there particular times when they get stronger?",693,54,It's not just about substitution; it's about retraining your mind slowly and steadily.,,,,
8,67203fd3fe9e55e9ec82fc1f,counsellor,257,20,"It's understandable to feel concerned about that persistent itch in the back of your mind, even if you try replacing smoking with something else. This craving can seem daunting, but it's worth exploring some techniques that address those deeper urges. It's not just about substitution; it's about retraining your mind slowly and steadily.

What do you think might help you manage this fear about cravings, or are there particular times when they get stronger?",694,55,"What do you think might help you manage this fear about cravings, or are there particular times when they get stronger?",,,,
8,67203fd3fe9e55e9ec82fc1f,client,258,21,they get stronger when i try to stop,695,56,they get stronger when i try to stop,N,"The client is expressing a specific challenge they face when trying to stop smoking, which indicates a reason why maintaining the behavior might be difficult. However, this is more of a neutral statement about their experience rather than a clear stance for or against change.",N,"The client's utterance does not clearly support or oppose change. It simply identifies a specific time when cravings become stronger, without indicating a direction towards or away from change."
8,67203fd3fe9e55e9ec82fc1f,counsellor,259,22,"It sounds like the cravings really intensify when you make an effort to quit, which makes the process even more challenging for you. Recognizing when these feelings are at their strongest is an important step. Managing these moments could involve small, gradual changes that give your mind time to adapt.

We could think about ways to gently reduce dependence rather than stopping abruptly, or perhaps introduce new activities that are genuinely engaging. How do you feel about trying small changes that progress toward reducing smoking gradually?",696,57,"It sounds like the cravings really intensify when you make an effort to quit, which makes the process even more challenging for you.",,,,
8,67203fd3fe9e55e9ec82fc1f,counsellor,259,22,"It sounds like the cravings really intensify when you make an effort to quit, which makes the process even more challenging for you. Recognizing when these feelings are at their strongest is an important step. Managing these moments could involve small, gradual changes that give your mind time to adapt.

We could think about ways to gently reduce dependence rather than stopping abruptly, or perhaps introduce new activities that are genuinely engaging. How do you feel about trying small changes that progress toward reducing smoking gradually?",697,58,Recognizing when these feelings are at their strongest is an important step.,,,,
8,67203fd3fe9e55e9ec82fc1f,counsellor,259,22,"It sounds like the cravings really intensify when you make an effort to quit, which makes the process even more challenging for you. Recognizing when these feelings are at their strongest is an important step. Managing these moments could involve small, gradual changes that give your mind time to adapt.

We could think about ways to gently reduce dependence rather than stopping abruptly, or perhaps introduce new activities that are genuinely engaging. How do you feel about trying small changes that progress toward reducing smoking gradually?",698,59,"Managing these moments could involve small, gradual changes that give your mind time to adapt.",,,,
8,67203fd3fe9e55e9ec82fc1f,counsellor,259,22,"It sounds like the cravings really intensify when you make an effort to quit, which makes the process even more challenging for you. Recognizing when these feelings are at their strongest is an important step. Managing these moments could involve small, gradual changes that give your mind time to adapt.

We could think about ways to gently reduce dependence rather than stopping abruptly, or perhaps introduce new activities that are genuinely engaging. How do you feel about trying small changes that progress toward reducing smoking gradually?",699,60,"We could think about ways to gently reduce dependence rather than stopping abruptly, or perhaps introduce new activities that are genuinely engaging.",,,,
8,67203fd3fe9e55e9ec82fc1f,counsellor,259,22,"It sounds like the cravings really intensify when you make an effort to quit, which makes the process even more challenging for you. Recognizing when these feelings are at their strongest is an important step. Managing these moments could involve small, gradual changes that give your mind time to adapt.

We could think about ways to gently reduce dependence rather than stopping abruptly, or perhaps introduce new activities that are genuinely engaging. How do you feel about trying small changes that progress toward reducing smoking gradually?",700,61,How do you feel about trying small changes that progress toward reducing smoking gradually?,,,,
8,67203fd3fe9e55e9ec82fc1f,client,260,23,go ahead,701,62,go ahead,N,"The client's utterance 'go ahead' does not express a clear stance toward changing or maintaining the target behavior. It is a neutral response that could be interpreted as inviting the counsellor to continue, but it does not indicate a commitment or reason for change or sustain.",N,The client's utterance 'go ahead' does not clearly support or oppose change. It is a neutral response that does not indicate a specific stance on the proposed changes.
8,67203fd3fe9e55e9ec82fc1f,counsellor,261,24,"Great! Let's consider a gradual approach that might feel more manageable:

1. **Setting Small Goals**: Start by reducing by one cigarette a day or delaying the first cigarette in the morning by a bit longer each day.

2. **Creating a New Routine**: Use that craving moment as a cue to do something enjoyable—listen to a favorite song, take deep breaths, or even write down what you're grateful for.

3. **Mindful Reflection**: When a craving hits, pause for a moment to notice what you're feeling physically and emotionally. Sometimes, acknowledging the sensation can make it feel less powerful.

4. **Focus on Progress**: Recognize and reward yourself for meeting smaller milestones, like reducing the number of cigarettes in a week.

Would trying any of these strategies suit you, or do you have other thoughts on what might work better for you?",702,63,Great! Let's consider a gradual approach that might feel more manageable:,,,,
8,67203fd3fe9e55e9ec82fc1f,counsellor,261,24,"Great! Let's consider a gradual approach that might feel more manageable:

1. **Setting Small Goals**: Start by reducing by one cigarette a day or delaying the first cigarette in the morning by a bit longer each day.

2. **Creating a New Routine**: Use that craving moment as a cue to do something enjoyable—listen to a favorite song, take deep breaths, or even write down what you're grateful for.

3. **Mindful Reflection**: When a craving hits, pause for a moment to notice what you're feeling physically and emotionally. Sometimes, acknowledging the sensation can make it feel less powerful.

4. **Focus on Progress**: Recognize and reward yourself for meeting smaller milestones, like reducing the number of cigarettes in a week.

Would trying any of these strategies suit you, or do you have other thoughts on what might work better for you?",703,64,Setting Small Goals: Start by reducing by one cigarette a day or delaying the first cigarette in the morning by a bit longer each day.,,,,
8,67203fd3fe9e55e9ec82fc1f,counsellor,261,24,"Great! Let's consider a gradual approach that might feel more manageable:

1. **Setting Small Goals**: Start by reducing by one cigarette a day or delaying the first cigarette in the morning by a bit longer each day.

2. **Creating a New Routine**: Use that craving moment as a cue to do something enjoyable—listen to a favorite song, take deep breaths, or even write down what you're grateful for.

3. **Mindful Reflection**: When a craving hits, pause for a moment to notice what you're feeling physically and emotionally. Sometimes, acknowledging the sensation can make it feel less powerful.

4. **Focus on Progress**: Recognize and reward yourself for meeting smaller milestones, like reducing the number of cigarettes in a week.

Would trying any of these strategies suit you, or do you have other thoughts on what might work better for you?",704,65,"Creating a New Routine: Use that craving moment as a cue to do something enjoyable—listen to a favorite song, take deep breaths, or even write down what you're grateful for.",,,,
8,67203fd3fe9e55e9ec82fc1f,counsellor,261,24,"Great! Let's consider a gradual approach that might feel more manageable:

1. **Setting Small Goals**: Start by reducing by one cigarette a day or delaying the first cigarette in the morning by a bit longer each day.

2. **Creating a New Routine**: Use that craving moment as a cue to do something enjoyable—listen to a favorite song, take deep breaths, or even write down what you're grateful for.

3. **Mindful Reflection**: When a craving hits, pause for a moment to notice what you're feeling physically and emotionally. Sometimes, acknowledging the sensation can make it feel less powerful.

4. **Focus on Progress**: Recognize and reward yourself for meeting smaller milestones, like reducing the number of cigarettes in a week.

Would trying any of these strategies suit you, or do you have other thoughts on what might work better for you?",705,66,"Mindful Reflection: When a craving hits, pause for a moment to notice what you're feeling physically and emotionally.",,,,
8,67203fd3fe9e55e9ec82fc1f,counsellor,261,24,"Great! Let's consider a gradual approach that might feel more manageable:

1. **Setting Small Goals**: Start by reducing by one cigarette a day or delaying the first cigarette in the morning by a bit longer each day.

2. **Creating a New Routine**: Use that craving moment as a cue to do something enjoyable—listen to a favorite song, take deep breaths, or even write down what you're grateful for.

3. **Mindful Reflection**: When a craving hits, pause for a moment to notice what you're feeling physically and emotionally. Sometimes, acknowledging the sensation can make it feel less powerful.

4. **Focus on Progress**: Recognize and reward yourself for meeting smaller milestones, like reducing the number of cigarettes in a week.

Would trying any of these strategies suit you, or do you have other thoughts on what might work better for you?",706,67,"Sometimes, acknowledging the sensation can make it feel less powerful.",,,,
8,67203fd3fe9e55e9ec82fc1f,counsellor,261,24,"Great! Let's consider a gradual approach that might feel more manageable:

1. **Setting Small Goals**: Start by reducing by one cigarette a day or delaying the first cigarette in the morning by a bit longer each day.

2. **Creating a New Routine**: Use that craving moment as a cue to do something enjoyable—listen to a favorite song, take deep breaths, or even write down what you're grateful for.

3. **Mindful Reflection**: When a craving hits, pause for a moment to notice what you're feeling physically and emotionally. Sometimes, acknowledging the sensation can make it feel less powerful.

4. **Focus on Progress**: Recognize and reward yourself for meeting smaller milestones, like reducing the number of cigarettes in a week.

Would trying any of these strategies suit you, or do you have other thoughts on what might work better for you?",707,68,"Focus on Progress: Recognize and reward yourself for meeting smaller milestones, like reducing the number of cigarettes in a week.",,,,
8,67203fd3fe9e55e9ec82fc1f,counsellor,261,24,"Great! Let's consider a gradual approach that might feel more manageable:

1. **Setting Small Goals**: Start by reducing by one cigarette a day or delaying the first cigarette in the morning by a bit longer each day.

2. **Creating a New Routine**: Use that craving moment as a cue to do something enjoyable—listen to a favorite song, take deep breaths, or even write down what you're grateful for.

3. **Mindful Reflection**: When a craving hits, pause for a moment to notice what you're feeling physically and emotionally. Sometimes, acknowledging the sensation can make it feel less powerful.

4. **Focus on Progress**: Recognize and reward yourself for meeting smaller milestones, like reducing the number of cigarettes in a week.

Would trying any of these strategies suit you, or do you have other thoughts on what might work better for you?",708,69,"Would trying any of these strategies suit you, or do you have other thoughts on what might work better for you?",,,,
8,67203fd3fe9e55e9ec82fc1f,client,262,25,sounds better,709,70,sounds better,C,"The client's response 'sounds better' suggests a positive inclination towards the strategies proposed by the counsellor, indicating a stance toward change.",AC+,"The client's response 'sounds better' indicates a positive inclination towards the strategies suggested by the counsellor, suggesting a willingness to consider and potentially act on them."
8,67203fd3fe9e55e9ec82fc1f,counsellor,263,26,"That's encouraging to hear! Starting with smaller steps can make the journey feel less overwhelming. It's all about making progress that feels right for you. As you try these strategies, keep in mind the important reason you're doing this, like being there for your kids.

As we wrap up, is there anything else on your mind or anything you’d like to explore further?",710,71,That's encouraging to hear!,,,,
8,67203fd3fe9e55e9ec82fc1f,counsellor,263,26,"That's encouraging to hear! Starting with smaller steps can make the journey feel less overwhelming. It's all about making progress that feels right for you. As you try these strategies, keep in mind the important reason you're doing this, like being there for your kids.

As we wrap up, is there anything else on your mind or anything you’d like to explore further?",711,72,Starting with smaller steps can make the journey feel less overwhelming.,,,,
8,67203fd3fe9e55e9ec82fc1f,counsellor,263,26,"That's encouraging to hear! Starting with smaller steps can make the journey feel less overwhelming. It's all about making progress that feels right for you. As you try these strategies, keep in mind the important reason you're doing this, like being there for your kids.

As we wrap up, is there anything else on your mind or anything you’d like to explore further?",712,73,It's all about making progress that feels right for you.,,,,
8,67203fd3fe9e55e9ec82fc1f,counsellor,263,26,"That's encouraging to hear! Starting with smaller steps can make the journey feel less overwhelming. It's all about making progress that feels right for you. As you try these strategies, keep in mind the important reason you're doing this, like being there for your kids.

As we wrap up, is there anything else on your mind or anything you’d like to explore further?",713,74,"As you try these strategies, keep in mind the important reason you're doing this, like being there for your kids.",,,,
8,67203fd3fe9e55e9ec82fc1f,counsellor,263,26,"That's encouraging to hear! Starting with smaller steps can make the journey feel less overwhelming. It's all about making progress that feels right for you. As you try these strategies, keep in mind the important reason you're doing this, like being there for your kids.

As we wrap up, is there anything else on your mind or anything you’d like to explore further?",714,75,"As we wrap up, is there anything else on your mind or anything you’d like to explore further?",,,,
8,67203fd3fe9e55e9ec82fc1f,client,264,27,can i vape instead,715,76,can i vape instead,C,"The client is asking about an alternative behavior (vaping) that could be seen as a step toward reducing harm or moving away from the target behavior (smoking). This suggests a desire to explore options for change, even if it's not a full commitment to quitting.",AC+,"The client is suggesting an alternative to the target behaviour (smoking), which indicates a willingness to consider different options for change."
8,67203fd3fe9e55e9ec82fc1f,counsellor,265,28,"Switching to vaping is a common consideration among those looking to quit smoking. It might reduce exposure to some harmful elements, but it’s important to approach it carefully, as vaping also carries its own risks and potential dependency.

Would you like to weigh the pros and cons of vaping together, or discuss other alternatives that might work for you?",716,77,Switching to vaping is a common consideration among those looking to quit smoking.,,,,
8,67203fd3fe9e55e9ec82fc1f,counsellor,265,28,"Switching to vaping is a common consideration among those looking to quit smoking. It might reduce exposure to some harmful elements, but it’s important to approach it carefully, as vaping also carries its own risks and potential dependency.

Would you like to weigh the pros and cons of vaping together, or discuss other alternatives that might work for you?",717,78,"It might reduce exposure to some harmful elements, but it’s important to approach it carefully, as vaping also carries its own risks and potential dependency.",,,,
8,67203fd3fe9e55e9ec82fc1f,counsellor,265,28,"Switching to vaping is a common consideration among those looking to quit smoking. It might reduce exposure to some harmful elements, but it’s important to approach it carefully, as vaping also carries its own risks and potential dependency.

Would you like to weigh the pros and cons of vaping together, or discuss other alternatives that might work for you?",718,79,"Would you like to weigh the pros and cons of vaping together, or discuss other alternatives that might work for you?",,,,
8,67203fd3fe9e55e9ec82fc1f,client,266,29,ok,719,80,ok,N,The client's response 'ok' is a neutral acknowledgment of the counsellor's suggestion without expressing a clear stance toward changing or maintaining the target behavior.,N,The client's response 'ok' does not clearly indicate support or opposition to change. It is a neutral acknowledgment of the counsellor's suggestion.
8,67203fd3fe9e55e9ec82fc1f,counsellor,267,30,"Thinking about vaping involves weighing what might be gained against what remains challenging:

**Pros**:
- **Fewer Chemicals**: Vaping generally involves fewer harmful chemicals than cigarettes.
- **Step-down Approach**: Some find it easier to gradually reduce nicotine levels when vaping.
- **Less Odor**: Unlike smoking, vapor typically doesn’t linger with as strong a smell.

**Cons**:
- **Health Risks**: Vaping can still pose health risks, particularly if continued long-term.
- **Still Addictive**: It contains nicotine, which can maintain addiction.
- **Unknown Long-term Effects**: The long-lasting effects of vaping are not fully clear.

It's really about finding what's best for your lifestyle and goals. How do these considerations align with what you're aiming for in terms of your health and lifestyle changes?",720,81,Thinking about vaping involves weighing what might be gained against what remains challenging:,,,,
8,67203fd3fe9e55e9ec82fc1f,counsellor,267,30,"Thinking about vaping involves weighing what might be gained against what remains challenging:

**Pros**:
- **Fewer Chemicals**: Vaping generally involves fewer harmful chemicals than cigarettes.
- **Step-down Approach**: Some find it easier to gradually reduce nicotine levels when vaping.
- **Less Odor**: Unlike smoking, vapor typically doesn’t linger with as strong a smell.

**Cons**:
- **Health Risks**: Vaping can still pose health risks, particularly if continued long-term.
- **Still Addictive**: It contains nicotine, which can maintain addiction.
- **Unknown Long-term Effects**: The long-lasting effects of vaping are not fully clear.

It's really about finding what's best for your lifestyle and goals. How do these considerations align with what you're aiming for in terms of your health and lifestyle changes?",721,82,Pros:,,,,
8,67203fd3fe9e55e9ec82fc1f,counsellor,267,30,"Thinking about vaping involves weighing what might be gained against what remains challenging:

**Pros**:
- **Fewer Chemicals**: Vaping generally involves fewer harmful chemicals than cigarettes.
- **Step-down Approach**: Some find it easier to gradually reduce nicotine levels when vaping.
- **Less Odor**: Unlike smoking, vapor typically doesn’t linger with as strong a smell.

**Cons**:
- **Health Risks**: Vaping can still pose health risks, particularly if continued long-term.
- **Still Addictive**: It contains nicotine, which can maintain addiction.
- **Unknown Long-term Effects**: The long-lasting effects of vaping are not fully clear.

It's really about finding what's best for your lifestyle and goals. How do these considerations align with what you're aiming for in terms of your health and lifestyle changes?",722,83,Fewer Chemicals: Vaping generally involves fewer harmful chemicals than cigarettes.,,,,
8,67203fd3fe9e55e9ec82fc1f,counsellor,267,30,"Thinking about vaping involves weighing what might be gained against what remains challenging:

**Pros**:
- **Fewer Chemicals**: Vaping generally involves fewer harmful chemicals than cigarettes.
- **Step-down Approach**: Some find it easier to gradually reduce nicotine levels when vaping.
- **Less Odor**: Unlike smoking, vapor typically doesn’t linger with as strong a smell.

**Cons**:
- **Health Risks**: Vaping can still pose health risks, particularly if continued long-term.
- **Still Addictive**: It contains nicotine, which can maintain addiction.
- **Unknown Long-term Effects**: The long-lasting effects of vaping are not fully clear.

It's really about finding what's best for your lifestyle and goals. How do these considerations align with what you're aiming for in terms of your health and lifestyle changes?",723,84,Step-down Approach: Some find it easier to gradually reduce nicotine levels when vaping.,,,,
8,67203fd3fe9e55e9ec82fc1f,counsellor,267,30,"Thinking about vaping involves weighing what might be gained against what remains challenging:

**Pros**:
- **Fewer Chemicals**: Vaping generally involves fewer harmful chemicals than cigarettes.
- **Step-down Approach**: Some find it easier to gradually reduce nicotine levels when vaping.
- **Less Odor**: Unlike smoking, vapor typically doesn’t linger with as strong a smell.

**Cons**:
- **Health Risks**: Vaping can still pose health risks, particularly if continued long-term.
- **Still Addictive**: It contains nicotine, which can maintain addiction.
- **Unknown Long-term Effects**: The long-lasting effects of vaping are not fully clear.

It's really about finding what's best for your lifestyle and goals. How do these considerations align with what you're aiming for in terms of your health and lifestyle changes?",724,85,"Less Odor: Unlike smoking, vapor typically doesn’t linger with as strong a smell.",,,,
8,67203fd3fe9e55e9ec82fc1f,counsellor,267,30,"Thinking about vaping involves weighing what might be gained against what remains challenging:

**Pros**:
- **Fewer Chemicals**: Vaping generally involves fewer harmful chemicals than cigarettes.
- **Step-down Approach**: Some find it easier to gradually reduce nicotine levels when vaping.
- **Less Odor**: Unlike smoking, vapor typically doesn’t linger with as strong a smell.

**Cons**:
- **Health Risks**: Vaping can still pose health risks, particularly if continued long-term.
- **Still Addictive**: It contains nicotine, which can maintain addiction.
- **Unknown Long-term Effects**: The long-lasting effects of vaping are not fully clear.

It's really about finding what's best for your lifestyle and goals. How do these considerations align with what you're aiming for in terms of your health and lifestyle changes?",725,86,Cons:,,,,
8,67203fd3fe9e55e9ec82fc1f,counsellor,267,30,"Thinking about vaping involves weighing what might be gained against what remains challenging:

**Pros**:
- **Fewer Chemicals**: Vaping generally involves fewer harmful chemicals than cigarettes.
- **Step-down Approach**: Some find it easier to gradually reduce nicotine levels when vaping.
- **Less Odor**: Unlike smoking, vapor typically doesn’t linger with as strong a smell.

**Cons**:
- **Health Risks**: Vaping can still pose health risks, particularly if continued long-term.
- **Still Addictive**: It contains nicotine, which can maintain addiction.
- **Unknown Long-term Effects**: The long-lasting effects of vaping are not fully clear.

It's really about finding what's best for your lifestyle and goals. How do these considerations align with what you're aiming for in terms of your health and lifestyle changes?",726,87,"Health Risks: Vaping can still pose health risks, particularly if continued long-term.",,,,
8,67203fd3fe9e55e9ec82fc1f,counsellor,267,30,"Thinking about vaping involves weighing what might be gained against what remains challenging:

**Pros**:
- **Fewer Chemicals**: Vaping generally involves fewer harmful chemicals than cigarettes.
- **Step-down Approach**: Some find it easier to gradually reduce nicotine levels when vaping.
- **Less Odor**: Unlike smoking, vapor typically doesn’t linger with as strong a smell.

**Cons**:
- **Health Risks**: Vaping can still pose health risks, particularly if continued long-term.
- **Still Addictive**: It contains nicotine, which can maintain addiction.
- **Unknown Long-term Effects**: The long-lasting effects of vaping are not fully clear.

It's really about finding what's best for your lifestyle and goals. How do these considerations align with what you're aiming for in terms of your health and lifestyle changes?",727,88,"Still Addictive: It contains nicotine, which can maintain addiction.",,,,
8,67203fd3fe9e55e9ec82fc1f,counsellor,267,30,"Thinking about vaping involves weighing what might be gained against what remains challenging:

**Pros**:
- **Fewer Chemicals**: Vaping generally involves fewer harmful chemicals than cigarettes.
- **Step-down Approach**: Some find it easier to gradually reduce nicotine levels when vaping.
- **Less Odor**: Unlike smoking, vapor typically doesn’t linger with as strong a smell.

**Cons**:
- **Health Risks**: Vaping can still pose health risks, particularly if continued long-term.
- **Still Addictive**: It contains nicotine, which can maintain addiction.
- **Unknown Long-term Effects**: The long-lasting effects of vaping are not fully clear.

It's really about finding what's best for your lifestyle and goals. How do these considerations align with what you're aiming for in terms of your health and lifestyle changes?",728,89,Unknown Long-term Effects: The long-lasting effects of vaping are not fully clear.,,,,
8,67203fd3fe9e55e9ec82fc1f,counsellor,267,30,"Thinking about vaping involves weighing what might be gained against what remains challenging:

**Pros**:
- **Fewer Chemicals**: Vaping generally involves fewer harmful chemicals than cigarettes.
- **Step-down Approach**: Some find it easier to gradually reduce nicotine levels when vaping.
- **Less Odor**: Unlike smoking, vapor typically doesn’t linger with as strong a smell.

**Cons**:
- **Health Risks**: Vaping can still pose health risks, particularly if continued long-term.
- **Still Addictive**: It contains nicotine, which can maintain addiction.
- **Unknown Long-term Effects**: The long-lasting effects of vaping are not fully clear.

It's really about finding what's best for your lifestyle and goals. How do these considerations align with what you're aiming for in terms of your health and lifestyle changes?",729,90,It's really about finding what's best for your lifestyle and goals.,,,,
8,67203fd3fe9e55e9ec82fc1f,counsellor,267,30,"Thinking about vaping involves weighing what might be gained against what remains challenging:

**Pros**:
- **Fewer Chemicals**: Vaping generally involves fewer harmful chemicals than cigarettes.
- **Step-down Approach**: Some find it easier to gradually reduce nicotine levels when vaping.
- **Less Odor**: Unlike smoking, vapor typically doesn’t linger with as strong a smell.

**Cons**:
- **Health Risks**: Vaping can still pose health risks, particularly if continued long-term.
- **Still Addictive**: It contains nicotine, which can maintain addiction.
- **Unknown Long-term Effects**: The long-lasting effects of vaping are not fully clear.

It's really about finding what's best for your lifestyle and goals. How do these considerations align with what you're aiming for in terms of your health and lifestyle changes?",730,91,How do these considerations align with what you're aiming for in terms of your health and lifestyle changes?,,,,
8,67203fd3fe9e55e9ec82fc1f,client,268,31,maybe i can switch to vape then start reducing?,731,92,maybe i can switch to vape then start reducing?,C,The client is considering a step toward change by suggesting a plan to switch to vaping and then gradually reduce. This indicates a desire and commitment to change.,AC+,"The client is considering a step towards action by suggesting a potential method to reduce smoking, which aligns with the Activation (AC+) category."
8,67203fd3fe9e55e9ec82fc1f,counsellor,269,32,"Switching to vaping with the intent to gradually reduce nicotine intake could serve as a transitional tool. It sounds like a plan that feels manageable for you and aligns with your desire to gradually ease off smoking. 

As you think about this approach, remember to regularly check in with yourself on how you feel and if it’s moving you toward your ultimate goal. Staying mindful of your progress and the impact on your health can guide your journey.

Are there any particular questions or concerns you have about going forward with this plan?",732,93,Switching to vaping with the intent to gradually reduce nicotine intake could serve as a transitional tool.,,,,
8,67203fd3fe9e55e9ec82fc1f,counsellor,269,32,"Switching to vaping with the intent to gradually reduce nicotine intake could serve as a transitional tool. It sounds like a plan that feels manageable for you and aligns with your desire to gradually ease off smoking. 

As you think about this approach, remember to regularly check in with yourself on how you feel and if it’s moving you toward your ultimate goal. Staying mindful of your progress and the impact on your health can guide your journey.

Are there any particular questions or concerns you have about going forward with this plan?",733,94,It sounds like a plan that feels manageable for you and aligns with your desire to gradually ease off smoking.,,,,
8,67203fd3fe9e55e9ec82fc1f,counsellor,269,32,"Switching to vaping with the intent to gradually reduce nicotine intake could serve as a transitional tool. It sounds like a plan that feels manageable for you and aligns with your desire to gradually ease off smoking. 

As you think about this approach, remember to regularly check in with yourself on how you feel and if it’s moving you toward your ultimate goal. Staying mindful of your progress and the impact on your health can guide your journey.

Are there any particular questions or concerns you have about going forward with this plan?",734,95,"As you think about this approach, remember to regularly check in with yourself on how you feel and if it’s moving you toward your ultimate goal.",,,,
8,67203fd3fe9e55e9ec82fc1f,counsellor,269,32,"Switching to vaping with the intent to gradually reduce nicotine intake could serve as a transitional tool. It sounds like a plan that feels manageable for you and aligns with your desire to gradually ease off smoking. 

As you think about this approach, remember to regularly check in with yourself on how you feel and if it’s moving you toward your ultimate goal. Staying mindful of your progress and the impact on your health can guide your journey.

Are there any particular questions or concerns you have about going forward with this plan?",735,96,Staying mindful of your progress and the impact on your health can guide your journey.,,,,
8,67203fd3fe9e55e9ec82fc1f,counsellor,269,32,"Switching to vaping with the intent to gradually reduce nicotine intake could serve as a transitional tool. It sounds like a plan that feels manageable for you and aligns with your desire to gradually ease off smoking. 

As you think about this approach, remember to regularly check in with yourself on how you feel and if it’s moving you toward your ultimate goal. Staying mindful of your progress and the impact on your health can guide your journey.

Are there any particular questions or concerns you have about going forward with this plan?",736,97,Are there any particular questions or concerns you have about going forward with this plan?,,,,
8,67203fd3fe9e55e9ec82fc1f,client,270,33,no,737,98,no,N,The client's response 'no' is brief and does not provide any clear indication of a stance toward changing or maintaining the target behavior. It simply indicates that they do not have any questions or concerns at the moment.,N,The client's response 'no' does not provide enough information to determine if it supports or opposes change. It is a brief and neutral response.
8,67203fd3fe9e55e9ec82fc1f,counsellor,271,34,"Thank you for our conversation today. Let’s recap what we’ve talked about. You're motivated to quit smoking for your health and your kids, understanding the impact smoking could have on your presence in their lives. You currently smoke five times a day and are facing the challenge of cravings, particularly when you try to stop. We've explored small steps, such as reducing smoking gradually and developing a new routine, while also weighing the possibility of transitioning to vaping as a step-down approach. You're focused on creating meaningful changes, aiming for a healthier lifestyle, and the pride of your kids. If there's anything further you'd like to expand on next time, feel free to bring it up. You've made significant reflections today, and I look forward to hearing more about your progress.

Would you like to continue the conversation?",738,99,Thank you for our conversation today.,,,,
8,67203fd3fe9e55e9ec82fc1f,counsellor,271,34,"Thank you for our conversation today. Let’s recap what we’ve talked about. You're motivated to quit smoking for your health and your kids, understanding the impact smoking could have on your presence in their lives. You currently smoke five times a day and are facing the challenge of cravings, particularly when you try to stop. We've explored small steps, such as reducing smoking gradually and developing a new routine, while also weighing the possibility of transitioning to vaping as a step-down approach. You're focused on creating meaningful changes, aiming for a healthier lifestyle, and the pride of your kids. If there's anything further you'd like to expand on next time, feel free to bring it up. You've made significant reflections today, and I look forward to hearing more about your progress.

Would you like to continue the conversation?",739,100,Let’s recap what we’ve talked about.,,,,
8,67203fd3fe9e55e9ec82fc1f,counsellor,271,34,"Thank you for our conversation today. Let’s recap what we’ve talked about. You're motivated to quit smoking for your health and your kids, understanding the impact smoking could have on your presence in their lives. You currently smoke five times a day and are facing the challenge of cravings, particularly when you try to stop. We've explored small steps, such as reducing smoking gradually and developing a new routine, while also weighing the possibility of transitioning to vaping as a step-down approach. You're focused on creating meaningful changes, aiming for a healthier lifestyle, and the pride of your kids. If there's anything further you'd like to expand on next time, feel free to bring it up. You've made significant reflections today, and I look forward to hearing more about your progress.

Would you like to continue the conversation?",740,101,"You're motivated to quit smoking for your health and your kids, understanding the impact smoking could have on your presence in their lives.",,,,
8,67203fd3fe9e55e9ec82fc1f,counsellor,271,34,"Thank you for our conversation today. Let’s recap what we’ve talked about. You're motivated to quit smoking for your health and your kids, understanding the impact smoking could have on your presence in their lives. You currently smoke five times a day and are facing the challenge of cravings, particularly when you try to stop. We've explored small steps, such as reducing smoking gradually and developing a new routine, while also weighing the possibility of transitioning to vaping as a step-down approach. You're focused on creating meaningful changes, aiming for a healthier lifestyle, and the pride of your kids. If there's anything further you'd like to expand on next time, feel free to bring it up. You've made significant reflections today, and I look forward to hearing more about your progress.

Would you like to continue the conversation?",741,102,"You currently smoke five times a day and are facing the challenge of cravings, particularly when you try to stop.",,,,
8,67203fd3fe9e55e9ec82fc1f,counsellor,271,34,"Thank you for our conversation today. Let’s recap what we’ve talked about. You're motivated to quit smoking for your health and your kids, understanding the impact smoking could have on your presence in their lives. You currently smoke five times a day and are facing the challenge of cravings, particularly when you try to stop. We've explored small steps, such as reducing smoking gradually and developing a new routine, while also weighing the possibility of transitioning to vaping as a step-down approach. You're focused on creating meaningful changes, aiming for a healthier lifestyle, and the pride of your kids. If there's anything further you'd like to expand on next time, feel free to bring it up. You've made significant reflections today, and I look forward to hearing more about your progress.

Would you like to continue the conversation?",742,103,"We've explored small steps, such as reducing smoking gradually and developing a new routine, while also weighing the possibility of transitioning to vaping as a step-down approach.",,,,
8,67203fd3fe9e55e9ec82fc1f,counsellor,271,34,"Thank you for our conversation today. Let’s recap what we’ve talked about. You're motivated to quit smoking for your health and your kids, understanding the impact smoking could have on your presence in their lives. You currently smoke five times a day and are facing the challenge of cravings, particularly when you try to stop. We've explored small steps, such as reducing smoking gradually and developing a new routine, while also weighing the possibility of transitioning to vaping as a step-down approach. You're focused on creating meaningful changes, aiming for a healthier lifestyle, and the pride of your kids. If there's anything further you'd like to expand on next time, feel free to bring it up. You've made significant reflections today, and I look forward to hearing more about your progress.

Would you like to continue the conversation?",743,104,"You're focused on creating meaningful changes, aiming for a healthier lifestyle, and the pride of your kids.",,,,
8,67203fd3fe9e55e9ec82fc1f,counsellor,271,34,"Thank you for our conversation today. Let’s recap what we’ve talked about. You're motivated to quit smoking for your health and your kids, understanding the impact smoking could have on your presence in their lives. You currently smoke five times a day and are facing the challenge of cravings, particularly when you try to stop. We've explored small steps, such as reducing smoking gradually and developing a new routine, while also weighing the possibility of transitioning to vaping as a step-down approach. You're focused on creating meaningful changes, aiming for a healthier lifestyle, and the pride of your kids. If there's anything further you'd like to expand on next time, feel free to bring it up. You've made significant reflections today, and I look forward to hearing more about your progress.

Would you like to continue the conversation?",744,105,"If there's anything further you'd like to expand on next time, feel free to bring it up.",,,,
8,67203fd3fe9e55e9ec82fc1f,counsellor,271,34,"Thank you for our conversation today. Let’s recap what we’ve talked about. You're motivated to quit smoking for your health and your kids, understanding the impact smoking could have on your presence in their lives. You currently smoke five times a day and are facing the challenge of cravings, particularly when you try to stop. We've explored small steps, such as reducing smoking gradually and developing a new routine, while also weighing the possibility of transitioning to vaping as a step-down approach. You're focused on creating meaningful changes, aiming for a healthier lifestyle, and the pride of your kids. If there's anything further you'd like to expand on next time, feel free to bring it up. You've made significant reflections today, and I look forward to hearing more about your progress.

Would you like to continue the conversation?",745,106,"You've made significant reflections today, and I look forward to hearing more about your progress.",,,,
8,67203fd3fe9e55e9ec82fc1f,counsellor,271,34,"Thank you for our conversation today. Let’s recap what we’ve talked about. You're motivated to quit smoking for your health and your kids, understanding the impact smoking could have on your presence in their lives. You currently smoke five times a day and are facing the challenge of cravings, particularly when you try to stop. We've explored small steps, such as reducing smoking gradually and developing a new routine, while also weighing the possibility of transitioning to vaping as a step-down approach. You're focused on creating meaningful changes, aiming for a healthier lifestyle, and the pride of your kids. If there's anything further you'd like to expand on next time, feel free to bring it up. You've made significant reflections today, and I look forward to hearing more about your progress.

Would you like to continue the conversation?",746,107,Would you like to continue the conversation?,,,,
8,67203fd3fe9e55e9ec82fc1f,client,272,35,No,747,108,No,N,The client's response 'No' is brief and does not provide any clear indication of a stance toward changing or maintaining the target behavior. It simply indicates that the client does not want to continue the conversation at the moment.,N,The client's response 'No' is brief and does not provide enough information to determine if it supports or opposes change. It simply indicates that the client does not want to continue the conversation at the moment.
9,59cb95053306be000195be2e,counsellor,273,0,Hello! It's great to meet you. How are you doing today?,748,0,Hello!,,,,
9,59cb95053306be000195be2e,counsellor,273,0,Hello! It's great to meet you. How are you doing today?,749,1,It's great to meet you.,,,,
9,59cb95053306be000195be2e,counsellor,273,0,Hello! It's great to meet you. How are you doing today?,750,2,How are you doing today?,,,,
9,59cb95053306be000195be2e,client,274,1,good,751,3,good,N,"The client's response 'good' is a brief, neutral statement that does not express a stance toward changing or maintaining the target behavior.",N,The client's response 'good' is a brief and neutral statement that does not clearly support or oppose change.
9,59cb95053306be000195be2e,counsellor,275,2,I'm glad to hear that. How has your week been so far? Anything on your mind that you'd like to talk about today?,752,4,I'm glad to hear that.,,,,
9,59cb95053306be000195be2e,counsellor,275,2,I'm glad to hear that. How has your week been so far? Anything on your mind that you'd like to talk about today?,753,5,How has your week been so far?,,,,
9,59cb95053306be000195be2e,counsellor,275,2,I'm glad to hear that. How has your week been so far? Anything on your mind that you'd like to talk about today?,754,6,Anything on your mind that you'd like to talk about today?,,,,
9,59cb95053306be000195be2e,client,276,3,not really,755,7,not really,N,The client's response 'not really' is a neutral statement that does not express a clear stance toward changing or maintaining the target behavior.,N,The client's response 'not really' does not clearly support or oppose change. It is a neutral statement that does not provide any specific direction or intent regarding change.
9,59cb95053306be000195be2e,counsellor,277,4,"That's perfectly fine. We can take things at your pace. If anything comes to mind, feel free to share. Since we're here, maybe we could talk a bit about your smoking habit. How do you feel about it these days?",756,8,That's perfectly fine.,,,,
9,59cb95053306be000195be2e,counsellor,277,4,"That's perfectly fine. We can take things at your pace. If anything comes to mind, feel free to share. Since we're here, maybe we could talk a bit about your smoking habit. How do you feel about it these days?",757,9,We can take things at your pace.,,,,
9,59cb95053306be000195be2e,counsellor,277,4,"That's perfectly fine. We can take things at your pace. If anything comes to mind, feel free to share. Since we're here, maybe we could talk a bit about your smoking habit. How do you feel about it these days?",758,10,"If anything comes to mind, feel free to share.",,,,
9,59cb95053306be000195be2e,counsellor,277,4,"That's perfectly fine. We can take things at your pace. If anything comes to mind, feel free to share. Since we're here, maybe we could talk a bit about your smoking habit. How do you feel about it these days?",759,11,"Since we're here, maybe we could talk a bit about your smoking habit.",,,,
9,59cb95053306be000195be2e,counsellor,277,4,"That's perfectly fine. We can take things at your pace. If anything comes to mind, feel free to share. Since we're here, maybe we could talk a bit about your smoking habit. How do you feel about it these days?",760,12,How do you feel about it these days?,,,,
9,59cb95053306be000195be2e,client,278,5,i think it will be hard for me to stop,761,13,i think it will be hard for me to stop,S,"The client expresses a sense of difficulty or pessimism about their ability to quit smoking, which aligns with Sustain Talk.",AB-,"The client expresses a lack of confidence in their ability to quit smoking, indicating a sense of difficulty or challenge."
9,59cb95053306be000195be2e,counsellor,279,6,It sounds like you're feeling that quitting might be a challenging journey. Sometimes it can feel tough to even think about changes like that. What are some of the things that make smoking feel hard to give up for you?,762,14,It sounds like you're feeling that quitting might be a challenging journey.,,,,
9,59cb95053306be000195be2e,counsellor,279,6,It sounds like you're feeling that quitting might be a challenging journey. Sometimes it can feel tough to even think about changes like that. What are some of the things that make smoking feel hard to give up for you?,763,15,Sometimes it can feel tough to even think about changes like that.,,,,
9,59cb95053306be000195be2e,counsellor,279,6,It sounds like you're feeling that quitting might be a challenging journey. Sometimes it can feel tough to even think about changes like that. What are some of the things that make smoking feel hard to give up for you?,764,16,What are some of the things that make smoking feel hard to give up for you?,,,,
9,59cb95053306be000195be2e,client,280,7,the withdrawal of nicotine and how the changes will affect me,765,17,the withdrawal of nicotine,N,"The client's utterance is a factual statement about the withdrawal of nicotine, which does not clearly indicate a stance toward changing or maintaining the behavior.",N,The client's utterance 'the withdrawal of nicotine' does not clearly support or oppose change. It simply identifies a specific challenge related to quitting smoking.
9,59cb95053306be000195be2e,client,280,7,the withdrawal of nicotine and how the changes will affect me,766,18,and how the changes will affect me,N,"The client is asking about the potential impacts of change, which does not clearly indicate a stance toward changing or maintaining the behavior. It is a neutral question seeking more information.",N,The client's utterance does not clearly support or oppose change. It is a neutral statement about considering the effects of change.
9,59cb95053306be000195be2e,counsellor,281,8,It seems like you're concerned about how the withdrawal might impact you and how things might change once you stop smoking. That can definitely weigh heavily on anyone's mind. Is there a particular aspect of those changes or challenges that stands out to you most?,767,19,It seems like you're concerned about how the withdrawal might impact you and how things might change once you stop smoking.,,,,
9,59cb95053306be000195be2e,counsellor,281,8,It seems like you're concerned about how the withdrawal might impact you and how things might change once you stop smoking. That can definitely weigh heavily on anyone's mind. Is there a particular aspect of those changes or challenges that stands out to you most?,768,20,That can definitely weigh heavily on anyone's mind.,,,,
9,59cb95053306be000195be2e,counsellor,281,8,It seems like you're concerned about how the withdrawal might impact you and how things might change once you stop smoking. That can definitely weigh heavily on anyone's mind. Is there a particular aspect of those changes or challenges that stands out to you most?,769,21,Is there a particular aspect of those changes or challenges that stands out to you most?,,,,
9,59cb95053306be000195be2e,client,282,9,shakes,770,22,shakes,N,"The client's utterance 'shakes' is a very brief and ambiguous response that does not clearly indicate a stance toward changing or maintaining the target behavior. It could be a physical reaction or a brief expression of uncertainty, but it does not provide enough context to classify it as change talk or sustain talk.",N,"The client's utterance 'shakes' does not provide a clear indication of support or opposition to change. It is a brief, non-specific response that lacks context to determine a direction."
9,59cb95053306be000195be2e,counsellor,283,10,"The prospect of dealing with shakes, or any physical symptoms, can be really unsettling. It's understandable to have concerns about how your body might react. Along with these worries, have there been any moments when you found yourself thinking about the benefits of quitting?",771,23,"The prospect of dealing with shakes, or any physical symptoms, can be really unsettling.",,,,
9,59cb95053306be000195be2e,counsellor,283,10,"The prospect of dealing with shakes, or any physical symptoms, can be really unsettling. It's understandable to have concerns about how your body might react. Along with these worries, have there been any moments when you found yourself thinking about the benefits of quitting?",772,24,It's understandable to have concerns about how your body might react.,,,,
9,59cb95053306be000195be2e,counsellor,283,10,"The prospect of dealing with shakes, or any physical symptoms, can be really unsettling. It's understandable to have concerns about how your body might react. Along with these worries, have there been any moments when you found yourself thinking about the benefits of quitting?",773,25,"Along with these worries, have there been any moments when you found yourself thinking about the benefits of quitting?",,,,
9,59cb95053306be000195be2e,client,284,11,yes it will save me money and it is better for my health,774,26,yes it will save me money,C,"The client mentions a benefit of quitting, which is saving money. This indicates a reason for change.",R+,"The client mentions a specific reason for quitting, which is saving money."
9,59cb95053306be000195be2e,client,284,11,yes it will save me money and it is better for my health,775,27,and it is better for my health,C,"The client's statement 'and it is better for my health' expresses a reason for change, specifically a health benefit of quitting.",R+,"The client is providing a reason for why quitting is beneficial, which aligns with the Reasons (R+) category."
9,59cb95053306be000195be2e,counsellor,285,12,The idea of saving money and knowing it's healthier for you are strong reasons to consider quitting. It seems like you're weighing the challenges against some positive outcomes. How do these benefits make you feel when you think about them?,776,28,The idea of saving money and knowing it's healthier for you are strong reasons to consider quitting.,,,,
9,59cb95053306be000195be2e,counsellor,285,12,The idea of saving money and knowing it's healthier for you are strong reasons to consider quitting. It seems like you're weighing the challenges against some positive outcomes. How do these benefits make you feel when you think about them?,777,29,It seems like you're weighing the challenges against some positive outcomes.,,,,
9,59cb95053306be000195be2e,counsellor,285,12,The idea of saving money and knowing it's healthier for you are strong reasons to consider quitting. It seems like you're weighing the challenges against some positive outcomes. How do these benefits make you feel when you think about them?,778,30,How do these benefits make you feel when you think about them?,,,,
9,59cb95053306be000195be2e,client,286,13,they would make me feel more positive about myself,779,31,they would make me feel more positive about myself,C,"The client expresses a positive emotional response to the benefits of quitting, which aligns with a desire to change. This indicates a favorable stance toward the change, suggesting a form of change talk.",R+,"The client expresses that thinking about the benefits of quitting makes them feel more positive about themselves, which aligns with the category of Reasons (R+)."
9,59cb95053306be000195be2e,counsellor,287,14,Imagining those benefits seems to bring a sense of positivity and self-affirmation. Having that potential for positive change can be motivating. What would feeling more positive about yourself mean for you in your day-to-day life?,780,32,Imagining those benefits seems to bring a sense of positivity and self-affirmation.,,,,
9,59cb95053306be000195be2e,counsellor,287,14,Imagining those benefits seems to bring a sense of positivity and self-affirmation. Having that potential for positive change can be motivating. What would feeling more positive about yourself mean for you in your day-to-day life?,781,33,Having that potential for positive change can be motivating.,,,,
9,59cb95053306be000195be2e,counsellor,287,14,Imagining those benefits seems to bring a sense of positivity and self-affirmation. Having that potential for positive change can be motivating. What would feeling more positive about yourself mean for you in your day-to-day life?,782,34,What would feeling more positive about yourself mean for you in your day-to-day life?,,,,
9,59cb95053306be000195be2e,client,288,15,i think it would make me feel healthier,783,35,i think it would make me feel healthier,C,"The client expresses a reason for change, specifically that feeling more positive about themselves would make them feel healthier. This aligns with the 'Reasons for change' category of Change Talk.",R+,"The client expresses a reason for wanting to change, linking the potential change to a positive outcome of feeling healthier."
9,59cb95053306be000195be2e,counsellor,289,16,"Feeling healthier could really have a great impact on your everyday life. It seems like it's not just about quitting smoking, but also about embracing a healthier lifestyle overall. Are there specific activities or aspects of life where you'd like to feel that boost in health?",784,36,Feeling healthier could really have a great impact on your everyday life.,,,,
9,59cb95053306be000195be2e,counsellor,289,16,"Feeling healthier could really have a great impact on your everyday life. It seems like it's not just about quitting smoking, but also about embracing a healthier lifestyle overall. Are there specific activities or aspects of life where you'd like to feel that boost in health?",785,37,"It seems like it's not just about quitting smoking, but also about embracing a healthier lifestyle overall.",,,,
9,59cb95053306be000195be2e,counsellor,289,16,"Feeling healthier could really have a great impact on your everyday life. It seems like it's not just about quitting smoking, but also about embracing a healthier lifestyle overall. Are there specific activities or aspects of life where you'd like to feel that boost in health?",786,38,Are there specific activities or aspects of life where you'd like to feel that boost in health?,,,,
9,59cb95053306be000195be2e,client,290,17,i get breathlessness a lot which is down to smoking,787,39,I get breathlessness a lot which is down to smoking.,N,The client is providing a factual statement about a negative consequence of smoking (breathlessness) without explicitly expressing a stance toward changing or maintaining the behavior.,N,The client's utterance does not clearly support or oppose change; it simply states a consequence of smoking without indicating a stance on changing the behavior.
9,59cb95053306be000195be2e,counsellor,291,18,"Dealing with breathlessness can be tough, especially when you know it might be linked to smoking. Wanting to breathe easier and participate in activities without that struggle seems very important to you. How does this breathlessness affect your daily routine or the things you love to do?",788,40,"Dealing with breathlessness can be tough, especially when you know it might be linked to smoking.",,,,
9,59cb95053306be000195be2e,counsellor,291,18,"Dealing with breathlessness can be tough, especially when you know it might be linked to smoking. Wanting to breathe easier and participate in activities without that struggle seems very important to you. How does this breathlessness affect your daily routine or the things you love to do?",789,41,Wanting to breathe easier and participate in activities without that struggle seems very important to you.,,,,
9,59cb95053306be000195be2e,counsellor,291,18,"Dealing with breathlessness can be tough, especially when you know it might be linked to smoking. Wanting to breathe easier and participate in activities without that struggle seems very important to you. How does this breathlessness affect your daily routine or the things you love to do?",790,42,How does this breathlessness affect your daily routine or the things you love to do?,,,,
9,59cb95053306be000195be2e,client,292,19,i can't exercise for as long as id like to,791,43,i can't exercise for as long as id like to,C,"The client is expressing a negative consequence of their current behavior (smoking) on their ability to exercise, which can be seen as a reason to change.",R+,"The client expresses a reason for changing the target behaviour, specifically how smoking affects their ability to exercise, which is something they value."
9,59cb95053306be000195be2e,counsellor,293,20,"Feeling limited in your ability to exercise and enjoy it to the fullest can be really frustrating. Exercise might be an important part of your lifestyle or something you miss doing as much as you'd like. When you think about being able to exercise more freely, how does that vision look to you?",792,44,Feeling limited in your ability to exercise and enjoy it to the fullest can be really frustrating.,,,,
9,59cb95053306be000195be2e,counsellor,293,20,"Feeling limited in your ability to exercise and enjoy it to the fullest can be really frustrating. Exercise might be an important part of your lifestyle or something you miss doing as much as you'd like. When you think about being able to exercise more freely, how does that vision look to you?",793,45,Exercise might be an important part of your lifestyle or something you miss doing as much as you'd like.,,,,
9,59cb95053306be000195be2e,counsellor,293,20,"Feeling limited in your ability to exercise and enjoy it to the fullest can be really frustrating. Exercise might be an important part of your lifestyle or something you miss doing as much as you'd like. When you think about being able to exercise more freely, how does that vision look to you?",794,46,"When you think about being able to exercise more freely, how does that vision look to you?",,,,
9,59cb95053306be000195be2e,client,294,21,the feeling i feel gives me inspiration but i don't think i will be able to do it,795,47,the feeling i feel gives me inspiration,C,"The client's statement suggests a positive emotional response to the idea of exercising more freely, which can be seen as a form of motivation or desire to change. However, it is not explicitly stating a commitment or a reason for change, but it leans more towards a positive sentiment that could support change.",O+,"The client's statement indicates a positive emotional response that motivates them towards change, but it does not clearly fit into the more specific categories like Desire, Ability, Reasons, Need, Commitment, or Activation. It is a supportive statement that recognizes a positive feeling related to change."
9,59cb95053306be000195be2e,client,294,21,the feeling i feel gives me inspiration but i don't think i will be able to do it,796,48,but i don't think i will be able to do it,S,"The client expresses pessimism about their ability to change, indicating a lack of confidence in being able to exercise more freely.",AB-,"The client expresses a lack of confidence in their ability to exercise more freely, which aligns with the 'Ability' category."
9,59cb95053306be000195be2e,counsellor,295,22,"The idea of exercising more freely and the inspiration it brings seems to spark something positive for you, yet it feels overshadowed by doubts about whether it's achievable. It's as though there's a part of you that's inspired and another that's unsure. What do you think makes that feeling of doubt stronger right now?",797,49,"The idea of exercising more freely and the inspiration it brings seems to spark something positive for you, yet it feels overshadowed by doubts about whether it's achievable.",,,,
9,59cb95053306be000195be2e,counsellor,295,22,"The idea of exercising more freely and the inspiration it brings seems to spark something positive for you, yet it feels overshadowed by doubts about whether it's achievable. It's as though there's a part of you that's inspired and another that's unsure. What do you think makes that feeling of doubt stronger right now?",798,50,It's as though there's a part of you that's inspired and another that's unsure.,,,,
9,59cb95053306be000195be2e,counsellor,295,22,"The idea of exercising more freely and the inspiration it brings seems to spark something positive for you, yet it feels overshadowed by doubts about whether it's achievable. It's as though there's a part of you that's inspired and another that's unsure. What do you think makes that feeling of doubt stronger right now?",799,51,What do you think makes that feeling of doubt stronger right now?,,,,
9,59cb95053306be000195be2e,client,296,23,because i am focusing on the positive side of not smoking and how long ive smoked and think im not going to be able to acheive it,800,52,because i am focusing on the positive side of not smoking,C,"The client is focusing on the positive aspects of not smoking, which aligns with reasons for change.",O+,"The client is focusing on the positive aspects of not smoking, which aligns with recognizing the benefits of change, but does not explicitly express a desire, ability, need, commitment, activation, or taking steps. It is more about recognizing the problem and the positive outcomes of change."
9,59cb95053306be000195be2e,client,296,23,because i am focusing on the positive side of not smoking and how long ive smoked and think im not going to be able to acheive it,801,53,and how long ive smoked,N,The client is asking a question that does not clearly support or oppose change. It is a neutral inquiry about the duration of their smoking habit.,N,"The client's utterance does not clearly support or oppose change. It appears to be a question or reflection on the duration of their smoking habit, which does not directly indicate a stance on change."
9,59cb95053306be000195be2e,client,296,23,because i am focusing on the positive side of not smoking and how long ive smoked and think im not going to be able to acheive it,802,54,and think im not going to be able to achieve it,S,"The client expresses a lack of confidence in their ability to achieve the goal, which aligns with pessimism about their ability to change.",AB-,"The client expresses a lack of confidence in their ability to achieve the goal, which aligns with the 'Ability' category."
9,59cb95053306be000195be2e,counsellor,297,24,It sounds like the contrast between your hopes for the positive outcomes and the reality of how long you've smoked is creating a sense of doubt. It's like wanting to embrace those positive changes while also feeling weighed down by the past. What do you think might help you bridge that gap between where you are now and where you want to be?,803,55,It sounds like the contrast between your hopes for the positive outcomes and the reality of how long you've smoked is creating a sense of doubt.,,,,
9,59cb95053306be000195be2e,counsellor,297,24,It sounds like the contrast between your hopes for the positive outcomes and the reality of how long you've smoked is creating a sense of doubt. It's like wanting to embrace those positive changes while also feeling weighed down by the past. What do you think might help you bridge that gap between where you are now and where you want to be?,804,56,It's like wanting to embrace those positive changes while also feeling weighed down by the past.,,,,
9,59cb95053306be000195be2e,counsellor,297,24,It sounds like the contrast between your hopes for the positive outcomes and the reality of how long you've smoked is creating a sense of doubt. It's like wanting to embrace those positive changes while also feeling weighed down by the past. What do you think might help you bridge that gap between where you are now and where you want to be?,805,57,What do you think might help you bridge that gap between where you are now and where you want to be?,,,,
9,59cb95053306be000195be2e,client,298,25,by giving it a try and to stop doubting myself about it,806,58,by giving it a try,C,"The client's utterance 'by giving it a try' suggests a willingness to take action toward change, which aligns with Change Talk. It implies a commitment to at least attempt the change, even if it's a small step.",AC+,"The client expresses a willingness to take action towards change, which aligns with the Activation (AC+) category."
9,59cb95053306be000195be2e,client,298,25,by giving it a try and to stop doubting myself about it,807,59,and to stop doubting myself about it,C,"The client's utterance suggests a desire to overcome self-doubt, which aligns with a stance toward change. This indicates a willingness to move forward and reduce negative self-talk that might hinder the change process.",N+,"The client expresses a need to overcome self-doubt, which is a barrier to change. This indicates a recognition of the importance of believing in their ability to change."
9,59cb95053306be000195be2e,counsellor,299,26,Taking the step to give it a try and working on reducing self-doubt seems like it could be empowering for you. Giving yourself the opportunity to explore what's possible might open up new paths. Is there anything else you'd like to explore or talk about before we consider how you might take that first step?,808,60,Taking the step to give it a try and working on reducing self-doubt seems like it could be empowering for you.,,,,
9,59cb95053306be000195be2e,counsellor,299,26,Taking the step to give it a try and working on reducing self-doubt seems like it could be empowering for you. Giving yourself the opportunity to explore what's possible might open up new paths. Is there anything else you'd like to explore or talk about before we consider how you might take that first step?,809,61,Giving yourself the opportunity to explore what's possible might open up new paths.,,,,
9,59cb95053306be000195be2e,counsellor,299,26,Taking the step to give it a try and working on reducing self-doubt seems like it could be empowering for you. Giving yourself the opportunity to explore what's possible might open up new paths. Is there anything else you'd like to explore or talk about before we consider how you might take that first step?,810,62,Is there anything else you'd like to explore or talk about before we consider how you might take that first step?,,,,
9,59cb95053306be000195be2e,client,300,27,no,811,63,no,N,The client's response 'no' is brief and does not clearly indicate a stance toward changing or maintaining the target behavior. It simply indicates that the client does not have anything else to add at the moment.,N,The client's response 'no' does not provide any clear indication of support or opposition to change. It is a brief and neutral response.
9,59cb95053306be000195be2e,counsellor,301,28,"Thank you for sharing your thoughts with me today. Let's go over what we've talked about. We've explored your feelings about quitting smoking, especially the challenge of dealing with nicotine withdrawal and the thought of shaking. You've also mentioned looking forward to the benefits of quitting, like feeling healthier and saving money, and enhancing your exercise routine without the breathlessness. It seems there's a strong pull between the doubts stemming from how long you've been smoking and the inspiration you feel from envisioning a healthier lifestyle. You've talked about wanting to give it a try and work on reducing self-doubt, which can be such a powerful step forward. Thank you again for this conversation, and whenever you're ready, we can continue exploring these important topics.

Would you like to continue the conversation?",812,64,Thank you for sharing your thoughts with me today.,,,,
9,59cb95053306be000195be2e,counsellor,301,28,"Thank you for sharing your thoughts with me today. Let's go over what we've talked about. We've explored your feelings about quitting smoking, especially the challenge of dealing with nicotine withdrawal and the thought of shaking. You've also mentioned looking forward to the benefits of quitting, like feeling healthier and saving money, and enhancing your exercise routine without the breathlessness. It seems there's a strong pull between the doubts stemming from how long you've been smoking and the inspiration you feel from envisioning a healthier lifestyle. You've talked about wanting to give it a try and work on reducing self-doubt, which can be such a powerful step forward. Thank you again for this conversation, and whenever you're ready, we can continue exploring these important topics.

Would you like to continue the conversation?",813,65,Let's go over what we've talked about.,,,,
9,59cb95053306be000195be2e,counsellor,301,28,"Thank you for sharing your thoughts with me today. Let's go over what we've talked about. We've explored your feelings about quitting smoking, especially the challenge of dealing with nicotine withdrawal and the thought of shaking. You've also mentioned looking forward to the benefits of quitting, like feeling healthier and saving money, and enhancing your exercise routine without the breathlessness. It seems there's a strong pull between the doubts stemming from how long you've been smoking and the inspiration you feel from envisioning a healthier lifestyle. You've talked about wanting to give it a try and work on reducing self-doubt, which can be such a powerful step forward. Thank you again for this conversation, and whenever you're ready, we can continue exploring these important topics.

Would you like to continue the conversation?",814,66,"We've explored your feelings about quitting smoking, especially the challenge of dealing with nicotine withdrawal and the thought of shaking.",,,,
9,59cb95053306be000195be2e,counsellor,301,28,"Thank you for sharing your thoughts with me today. Let's go over what we've talked about. We've explored your feelings about quitting smoking, especially the challenge of dealing with nicotine withdrawal and the thought of shaking. You've also mentioned looking forward to the benefits of quitting, like feeling healthier and saving money, and enhancing your exercise routine without the breathlessness. It seems there's a strong pull between the doubts stemming from how long you've been smoking and the inspiration you feel from envisioning a healthier lifestyle. You've talked about wanting to give it a try and work on reducing self-doubt, which can be such a powerful step forward. Thank you again for this conversation, and whenever you're ready, we can continue exploring these important topics.

Would you like to continue the conversation?",815,67,"You've also mentioned looking forward to the benefits of quitting, like feeling healthier and saving money, and enhancing your exercise routine without the breathlessness.",,,,
9,59cb95053306be000195be2e,counsellor,301,28,"Thank you for sharing your thoughts with me today. Let's go over what we've talked about. We've explored your feelings about quitting smoking, especially the challenge of dealing with nicotine withdrawal and the thought of shaking. You've also mentioned looking forward to the benefits of quitting, like feeling healthier and saving money, and enhancing your exercise routine without the breathlessness. It seems there's a strong pull between the doubts stemming from how long you've been smoking and the inspiration you feel from envisioning a healthier lifestyle. You've talked about wanting to give it a try and work on reducing self-doubt, which can be such a powerful step forward. Thank you again for this conversation, and whenever you're ready, we can continue exploring these important topics.

Would you like to continue the conversation?",816,68,It seems there's a strong pull between the doubts stemming from how long you've been smoking and the inspiration you feel from envisioning a healthier lifestyle.,,,,
9,59cb95053306be000195be2e,counsellor,301,28,"Thank you for sharing your thoughts with me today. Let's go over what we've talked about. We've explored your feelings about quitting smoking, especially the challenge of dealing with nicotine withdrawal and the thought of shaking. You've also mentioned looking forward to the benefits of quitting, like feeling healthier and saving money, and enhancing your exercise routine without the breathlessness. It seems there's a strong pull between the doubts stemming from how long you've been smoking and the inspiration you feel from envisioning a healthier lifestyle. You've talked about wanting to give it a try and work on reducing self-doubt, which can be such a powerful step forward. Thank you again for this conversation, and whenever you're ready, we can continue exploring these important topics.

Would you like to continue the conversation?",817,69,"You've talked about wanting to give it a try and work on reducing self-doubt, which can be such a powerful step forward.",,,,
9,59cb95053306be000195be2e,counsellor,301,28,"Thank you for sharing your thoughts with me today. Let's go over what we've talked about. We've explored your feelings about quitting smoking, especially the challenge of dealing with nicotine withdrawal and the thought of shaking. You've also mentioned looking forward to the benefits of quitting, like feeling healthier and saving money, and enhancing your exercise routine without the breathlessness. It seems there's a strong pull between the doubts stemming from how long you've been smoking and the inspiration you feel from envisioning a healthier lifestyle. You've talked about wanting to give it a try and work on reducing self-doubt, which can be such a powerful step forward. Thank you again for this conversation, and whenever you're ready, we can continue exploring these important topics.

Would you like to continue the conversation?",818,70,"Thank you again for this conversation, and whenever you're ready, we can continue exploring these important topics.",,,,
9,59cb95053306be000195be2e,counsellor,301,28,"Thank you for sharing your thoughts with me today. Let's go over what we've talked about. We've explored your feelings about quitting smoking, especially the challenge of dealing with nicotine withdrawal and the thought of shaking. You've also mentioned looking forward to the benefits of quitting, like feeling healthier and saving money, and enhancing your exercise routine without the breathlessness. It seems there's a strong pull between the doubts stemming from how long you've been smoking and the inspiration you feel from envisioning a healthier lifestyle. You've talked about wanting to give it a try and work on reducing self-doubt, which can be such a powerful step forward. Thank you again for this conversation, and whenever you're ready, we can continue exploring these important topics.

Would you like to continue the conversation?",819,71,Would you like to continue the conversation?,,,,
9,59cb95053306be000195be2e,client,302,29,No,820,72,No,N,The client's response 'No' is brief and does not provide enough context to determine a clear stance toward change or maintaining the behavior. It could be interpreted as a neutral response to the counsellor's question about continuing the conversation.,N,The client's response 'No' is brief and does not provide enough context to determine if it supports or opposes change. It simply indicates a decision not to continue the conversation at that moment.
